deviation_id;batch_id;plant_id;root_cause_category;predicted_root_cause
D0004863;B0024041;PL007;Measurement;Material
D0002854;B0035483;PL008;Method;Material
D0004414;B0032758;PL007;Environment;Material
D0004711;B0032290;PL008;Method;Material
D0005178;B0039692;PL008;Man;Material
D0000803;B0008502;PL008;Machine;Material
D0000873;B0036261;PL008;Material;Material
D0005245;B0069321;PL007;Material;Material
D0005487;B0020758;PL007;Material;Material
D0003637;B0034655;PL007;Environment;Material
D0000282;B0016813;PL001;Machine;Machine
D0000295;B0067832;PL004;Machine;Machine
D0000448;B0024478;PL009;Machine;Machine
D0001420;B0002786;PL001;Machine;Machine
D0004460;B0038836;PL001;Machine;Machine
D0005597;B0035569;PL001;Machine;Machine
D0000161;B0056177;PL001;Machine;Machine
D0001326;B0000509;PL004;Machine;Machine
D0003452;B0053126;PL001;Machine;Machine
D0005021;B0007140;PL001;Machine;Machine
D0005458;B0031094;PL001;Machine;Machine
D0001022;B0034714;PL001;Machine;Machine
D0003248;B0052385;PL001;Machine;Machine
D0003980;B0050440;PL009;Machine;Machine
D0004476;B0043859;PL001;Machine;Machine
D0005416;B0045561;PL004;Machine;Machine
D0003261;B0019033;PL004;Machine;Machine
D0003630;B0004696;PL004;Machine;Machine
D0004037;B0002870;PL009;Machine;Machine
D0003420;B0067825;PL004;Machine;Machine
D0004307;B0018334;PL004;Machine;Machine
D0005659;B0050557;PL001;Machine;Machine
D0001479;B0020658;PL001;Machine;Machine
D0001485;B0034039;PL001;Machine;Machine
D0001349;B0002931;PL009;Machine;Machine
D0002713;B0018267;PL001;Machine;Machine
D0004509;B0060020;PL004;Measurement;Machine
D0005136;B0035682;PL001;Measurement;Machine
D0001446;B0009220;PL004;Measurement;Machine
D0003597;B0063650;PL009;Measurement;Machine
D0003649;B0074433;PL001;Measurement;Machine
D0004905;B0004150;PL001;Measurement;Machine
D0000538;B0038177;PL001;Measurement;Machine
D0001874;B0019156;PL009;Measurement;Machine
D0001916;B0065811;PL009;Measurement;Machine
D0002223;B0051668;PL001;Measurement;Machine
D0003113;B0010761;PL004;Measurement;Machine
D0000004;B0019997;PL009;Measurement;Machine
D0001239;B0015203;PL001;Measurement;Machine
D0003442;B0058055;PL004;Measurement;Machine
D0003979;B0011467;PL009;Measurement;Machine
D0000623;B0063577;PL001;Measurement;Machine
D0004146;B0059717;PL001;Method;Machine
D0001661;B0037117;PL001;Method;Machine
D0001800;B0072023;PL001;Method;Machine
D0002088;B0044195;PL001;Method;Machine
D0002530;B0031514;PL001;Method;Machine
D0005277;B0029972;PL001;Method;Machine
D0002305;B0042079;PL004;Method;Machine
D0001258;B0069200;PL009;Method;Machine
D0005228;B0035273;PL001;Method;Machine
D0001544;B0019617;PL001;Method;Machine
D0003055;B0024956;PL004;Method;Machine
D0005267;B0035729;PL001;Method;Machine
D0003526;B0024386;PL004;Method;Machine
D0004173;B0054325;PL009;Method;Machine
D0000949;B0030475;PL004;Environment;Machine
D0002552;B0046971;PL009;Environment;Machine
D0003127;B0034964;PL001;Environment;Machine
D0005418;B0038243;PL004;Environment;Machine
D0000033;B0057212;PL001;Environment;Machine
D0005481;B0069698;PL001;Environment;Machine
D0000564;B0046334;PL001;Environment;Machine
D0002259;B0056878;PL004;Environment;Machine
D0002313;B0061618;PL001;Environment;Machine
D0005560;B0023524;PL001;Environment;Machine
D0002201;B0055575;PL004;Environment;Machine
D0003290;B0034268;PL009;Environment;Machine
D0000253;B0025223;PL004;Environment;Machine
D0005651;B0063393;PL001;Environment;Machine
D0004898;B0025570;PL004;Material;Machine
D0001386;B0035279;PL001;Material;Machine
D0005140;B0006462;PL001;Material;Machine
D0005977;B0065209;PL001;Material;Machine
D0000007;B0022544;PL001;Material;Machine
D0001342;B0041218;PL001;Material;Machine
D0005367;B0064129;PL004;Material;Machine
D0001628;B0009799;PL004;Material;Machine
D0003350;B0044249;PL009;Material;Machine
D0004259;B0002158;PL001;Material;Machine
D0001153;B0043388;PL009;Material;Machine
D0004386;B0018068;PL004;Material;Machine
D0004699;B0038411;PL001;Man;Machine
D0005510;B0074779;PL004;Man;Machine
D0001925;B0028555;PL004;Man;Machine
D0004887;B0031071;PL004;Man;Machine
D0004237;B0000887;PL001;Man;Machine
D0002592;B0001754;PL001;Man;Machine
D0002390;B0003855;PL005;Man;Measurement
D0000461;B0052492;PL005;Man;Measurement
D0004507;B0046911;PL002;Man;Measurement
D0001567;B0061412;PL003;Man;Measurement
D0001607;B0018160;PL007;Man;Measurement
D0004065;B0072007;PL003;Man;Measurement
D0004844;B0006524;PL007;Man;Measurement
D0001746;B0028361;PL005;Man;Measurement
D0002375;B0061760;PL006;Man;Measurement
D0003322;B0041295;PL001;Man;Measurement
D0005504;B0027638;PL003;Man;Measurement
D0001324;B0044743;PL009;Man;Measurement
D0002421;B0025556;PL008;Man;Measurement
D0004932;B0069960;PL007;Man;Measurement
D0001857;B0073765;PL007;Man;Measurement
D0000231;B0019495;PL006;Material;Measurement
D0000519;B0058175;PL005;Material;Measurement
D0001046;B0035474;PL005;Material;Measurement
D0005709;B0012258;PL003;Material;Measurement
D0005453;B0073082;PL003;Material;Measurement
D0005750;B0035557;PL009;Material;Measurement
D0000432;B0024689;PL001;Material;Measurement
D0000634;B0054552;PL006;Material;Measurement
D0003195;B0069817;PL005;Material;Measurement
D0005101;B0072682;PL006;Material;Measurement
D0000112;B0017835;PL003;Material;Measurement
D0000301;B0002668;PL007;Material;Measurement
D0000765;B0060273;PL009;Material;Measurement
D0001180;B0023201;PL007;Material;Measurement
D0003493;B0037086;PL007;Material;Measurement
D0003558;B0037197;PL007;Material;Measurement
D0005189;B0035844;PL007;Material;Measurement
D0002538;B0066036;PL005;Material;Measurement
D0004303;B0004590;PL005;Material;Measurement
D0003551;B0015580;PL005;Material;Measurement
D0004943;B0016427;PL005;Material;Measurement
D0005442;B0009778;PL005;Material;Measurement
D0001139;B0016825;PL007;Material;Measurement
D0001281;B0033834;PL007;Material;Measurement
D0005387;B0027861;PL009;Material;Measurement
D0003618;B0005523;PL007;Material;Measurement
D0005055;B0025722;PL007;Material;Measurement
D0001389;B0051601;PL002;Machine;Measurement
D0002620;B0024980;PL006;Machine;Measurement
D0003079;B0002183;PL006;Machine;Measurement
D0003222;B0043662;PL001;Machine;Measurement
D0000500;B0059131;PL003;Machine;Measurement
D0001546;B0001121;PL009;Machine;Measurement
D0002311;B0052740;PL007;Machine;Measurement
D0002618;B0021474;PL009;Machine;Measurement
D0000717;B0003135;PL003;Machine;Measurement
D0004851;B0005151;PL007;Machine;Measurement
D0000274;B0038727;PL003;Machine;Measurement
D0003535;B0002924;PL005;Machine;Measurement
D0004142;B0011414;PL010;Machine;Measurement
D0000976;B0070155;PL009;Machine;Measurement
D0001700;B0017361;PL003;Machine;Measurement
D0000025;B0065257;PL003;Machine;Measurement
D0001641;B0017274;PL003;Machine;Measurement
D0002377;B0004615;PL007;Machine;Measurement
D0002997;B0045121;PL003;Machine;Measurement
D0004881;B0038923;PL003;Machine;Measurement
D0005784;B0024334;PL007;Machine;Measurement
D0000452;B0029484;PL006;Machine;Measurement
D0001691;B0064604;PL006;Machine;Measurement
D0003741;B0047232;PL006;Machine;Measurement
D0000273;B0003859;PL003;Machine;Measurement
D0002782;B0039988;PL003;Machine;Measurement
D0004517;B0025503;PL002;Machine;Measurement
D0001154;B0017849;PL003;Machine;Measurement
D0002657;B0005253;PL009;Machine;Measurement
D0003716;B0004177;PL009;Machine;Measurement
D0001735;B0009977;PL009;Machine;Measurement
D0005384;B0050161;PL003;Machine;Measurement
D0004371;B0022624;PL007;Machine;Measurement
D0004954;B0036841;PL008;Machine;Measurement
D0003019;B0024431;PL004;Machine;Measurement
D0003626;B0031730;PL003;Machine;Measurement
D0001902;B0001783;PL007;Machine;Measurement
D0004791;B0047519;PL003;Machine;Measurement
D0003579;B0063282;PL009;Machine;Measurement
D0001528;B0006053;PL009;Machine;Measurement
D0005938;B0047584;PL007;Machine;Measurement
D0001332;B0014435;PL007;Machine;Measurement
D0001372;B0014527;PL007;Machine;Measurement
D0003681;B0046108;PL007;Machine;Measurement
D0004646;B0064248;PL007;Method;Measurement
D0005429;B0032650;PL003;Method;Measurement
D0003972;B0013651;PL003;Method;Measurement
D0004083;B0058501;PL008;Method;Measurement
D0005310;B0056837;PL007;Method;Measurement
D0005397;B0034434;PL007;Method;Measurement
D0005590;B0024225;PL007;Method;Measurement
D0001199;B0054329;PL006;Method;Measurement
D0001476;B0013772;PL006;Method;Measurement
D0002568;B0028961;PL006;Method;Measurement
D0003357;B0049437;PL009;Method;Measurement
D0001228;B0027762;PL003;Method;Measurement
D0002483;B0056180;PL003;Method;Measurement
D0000249;B0048057;PL009;Method;Measurement
D0005819;B0034682;PL007;Method;Measurement
D0000643;B0012681;PL003;Method;Measurement
D0002107;B0009785;PL007;Method;Measurement
D0004306;B0038344;PL007;Method;Measurement
D0005974;B0073829;PL003;Method;Measurement
D0005833;B0025995;PL009;Method;Measurement
D0000146;B0070367;PL007;Method;Measurement
D0000378;B0053610;PL003;Method;Measurement
D0000910;B0029004;PL007;Method;Measurement
D0002803;B0069809;PL009;Method;Measurement
D0003944;B0062269;PL007;Method;Measurement
D0005950;B0056510;PL003;Method;Measurement
D0000457;B0012194;PL001;Method;Measurement
D0000854;B0069760;PL006;Method;Measurement
D0002727;B0041471;PL006;Method;Measurement
D0005995;B0029091;PL001;Method;Measurement
D0002487;B0029710;PL006;Method;Measurement
D0003523;B0007491;PL006;Method;Measurement
D0000239;B0050070;PL002;Method;Measurement
D0004248;B0074212;PL005;Method;Measurement
D0005491;B0022627;PL006;Method;Measurement
D0004487;B0034391;PL003;Method;Measurement
D0000656;B0047393;PL009;Method;Measurement
D0001510;B0061688;PL009;Method;Measurement
D0003922;B0060636;PL009;Method;Measurement
D0004059;B0011078;PL007;Method;Measurement
D0004293;B0019732;PL007;Method;Measurement
D0005111;B0026999;PL007;Method;Measurement
D0005051;B0048702;PL009;Method;Measurement
D0001095;B0031515;PL003;Method;Measurement
D0005408;B0012835;PL003;Method;Measurement
D0001575;B0028973;PL007;Method;Measurement
D0000162;B0044272;PL003;Method;Measurement
D0004458;B0033658;PL007;Method;Measurement
D0001085;B0059675;PL004;Method;Measurement
D0004920;B0021573;PL007;Method;Measurement
D0003996;B0074483;PL007;Method;Measurement
D0001264;B0023631;PL001;Environment;Measurement
D0002167;B0016387;PL003;Environment;Measurement
D0005308;B0049049;PL005;Environment;Measurement
D0002231;B0027839;PL009;Environment;Measurement
D0002795;B0036399;PL003;Environment;Measurement
D0003812;B0029652;PL009;Environment;Measurement
D0000598;B0006635;PL009;Environment;Measurement
D0001894;B0042957;PL007;Environment;Measurement
D0002021;B0034456;PL007;Environment;Measurement
D0002089;B0064521;PL007;Environment;Measurement
D0002723;B0061112;PL007;Environment;Measurement
D0004975;B0059396;PL007;Environment;Measurement
D0000915;B0035028;PL008;Environment;Measurement
D0000930;B0022206;PL005;Environment;Measurement
D0001660;B0063508;PL006;Environment;Measurement
D0003246;B0059752;PL005;Environment;Measurement
D0001603;B0007378;PL003;Environment;Measurement
D0002707;B0048857;PL003;Environment;Measurement
D0003033;B0061905;PL003;Environment;Measurement
D0003338;B0020271;PL009;Environment;Measurement
D0004946;B0030429;PL003;Environment;Measurement
D0004952;B0058290;PL003;Environment;Measurement
D0001270;B0055100;PL007;Environment;Measurement
D0002832;B0072886;PL007;Environment;Measurement
D0003251;B0005755;PL007;Environment;Measurement
D0000946;B0054591;PL007;Environment;Measurement
D0004609;B0023724;PL009;Environment;Measurement
D0000242;B0050534;PL009;Environment;Measurement
D0002516;B0067822;PL007;Environment;Measurement
D0004256;B0002995;PL007;Environment;Measurement
D0004316;B0003803;PL007;Environment;Measurement
D0000543;B0019783;PL007;Environment;Measurement
D0005767;B0000229;PL003;Environment;Measurement
D0005907;B0019955;PL003;Environment;Measurement
D0000554;B0073501;PL005;Environment;Measurement
D0002755;B0066812;PL010;Environment;Measurement
D0003168;B0040414;PL006;Environment;Measurement
D0004826;B0003607;PL006;Environment;Measurement
D0004804;B0074933;PL006;Environment;Measurement
D0000693;B0033757;PL001;Environment;Measurement
D0001765;B0017979;PL008;Environment;Measurement
D0004035;B0014508;PL005;Environment;Measurement
D0005619;B0040547;PL006;Environment;Measurement
D0005694;B0060007;PL005;Environment;Measurement
D0001685;B0072462;PL009;Environment;Measurement
D0004649;B0005962;PL003;Environment;Measurement
D0001387;B0034620;PL008;Environment;Measurement
D0004153;B0042821;PL003;Environment;Measurement
D0002578;B0065803;PL009;Environment;Measurement
D0003705;B0038520;PL009;Environment;Measurement
D0001283;B0005917;PL007;Environment;Measurement
D0005344;B0024125;PL007;Environment;Measurement
D0001301;B0051272;PL009;Environment;Measurement
D0005483;B0064757;PL007;Environment;Measurement
D0004109;B0064347;PL004;Environment;Measurement
D0005803;B0041860;PL004;Environment;Measurement
D0000311;B0007993;PL001;Measurement;Measurement
D0001334;B0050208;PL006;Measurement;Measurement
D0002878;B0059577;PL006;Measurement;Measurement
D0003478;B0045154;PL006;Measurement;Measurement
D0003498;B0007948;PL006;Measurement;Measurement
D0003542;B0054582;PL006;Measurement;Measurement
D0004724;B0064286;PL001;Measurement;Measurement
D0005129;B0055107;PL003;Measurement;Measurement
D0005839;B0014758;PL005;Measurement;Measurement
D0005934;B0036367;PL006;Measurement;Measurement
D0001515;B0063177;PL008;Measurement;Measurement
D0003252;B0046527;PL003;Measurement;Measurement
D0004320;B0057708;PL008;Measurement;Measurement
D0000492;B0035540;PL007;Measurement;Measurement
D0001275;B0029201;PL007;Measurement;Measurement
D0001608;B0011034;PL003;Measurement;Measurement
D0002781;B0026664;PL007;Measurement;Measurement
D0003905;B0054398;PL003;Measurement;Measurement
D0004619;B0073329;PL009;Measurement;Measurement
D0004767;B0052152;PL009;Measurement;Measurement
D0005176;B0009333;PL007;Measurement;Measurement
D0005259;B0024510;PL007;Measurement;Measurement
D0000151;B0011086;PL005;Measurement;Measurement
D0000375;B0037269;PL006;Measurement;Measurement
D0000401;B0014893;PL005;Measurement;Measurement
D0000521;B0073400;PL001;Measurement;Measurement
D0000756;B0073780;PL005;Measurement;Measurement
D0000896;B0074121;PL005;Measurement;Measurement
D0001069;B0074661;PL008;Measurement;Measurement
D0001247;B0043748;PL002;Measurement;Measurement
D0001698;B0057235;PL006;Measurement;Measurement
D0002527;B0006572;PL005;Measurement;Measurement
D0002651;B0072118;PL008;Measurement;Measurement
D0003102;B0074832;PL006;Measurement;Measurement
D0003577;B0053622;PL005;Measurement;Measurement
D0003662;B0072300;PL005;Measurement;Measurement
D0003973;B0021459;PL002;Measurement;Measurement
D0003989;B0053267;PL005;Measurement;Measurement
D0004305;B0057324;PL001;Measurement;Measurement
D0004377;B0029176;PL008;Measurement;Measurement
D0004938;B0011885;PL005;Measurement;Measurement
D0005087;B0042809;PL001;Measurement;Measurement
D0005182;B0065720;PL001;Measurement;Measurement
D0005184;B0043624;PL005;Measurement;Measurement
D0001790;B0049042;PL003;Measurement;Measurement
D0004763;B0033974;PL009;Measurement;Measurement
D0005313;B0018265;PL009;Measurement;Measurement
D0000796;B0054958;PL003;Measurement;Measurement
D0001263;B0036638;PL007;Measurement;Measurement
D0002409;B0005564;PL003;Measurement;Measurement
D0002823;B0006791;PL007;Measurement;Measurement
D0002826;B0038106;PL004;Measurement;Measurement
D0004354;B0002736;PL007;Measurement;Measurement
D0004546;B0056890;PL009;Measurement;Measurement
D0005260;B0031643;PL009;Measurement;Measurement
D0005330;B0032056;PL004;Measurement;Measurement
D0005474;B0042521;PL007;Measurement;Measurement
D0005475;B0024733;PL007;Measurement;Measurement
D0005857;B0008639;PL003;Measurement;Measurement
D0001861;B0029450;PL008;Measurement;Measurement
D0001883;B0009645;PL005;Measurement;Measurement
D0004935;B0052398;PL002;Measurement;Measurement
D0005865;B0018639;PL005;Measurement;Measurement
D0001960;B0027369;PL006;Measurement;Measurement
D0003434;B0022457;PL006;Measurement;Measurement
D0004001;B0012732;PL006;Measurement;Measurement
D0004558;B0027276;PL005;Measurement;Measurement
D0004683;B0015169;PL006;Measurement;Measurement
D0000177;B0006850;PL006;Measurement;Measurement
D0000536;B0015486;PL001;Measurement;Measurement
D0001415;B0073357;PL006;Measurement;Measurement
D0001658;B0067942;PL001;Measurement;Measurement
D0001828;B0051891;PL007;Measurement;Measurement
D0002241;B0050423;PL001;Measurement;Measurement
D0002243;B0041305;PL006;Measurement;Measurement
D0002725;B0031627;PL008;Measurement;Measurement
D0003144;B0015032;PL001;Measurement;Measurement
D0003631;B0034115;PL006;Measurement;Measurement
D0003906;B0029695;PL005;Measurement;Measurement
D0003990;B0055202;PL005;Measurement;Measurement
D0004047;B0032261;PL010;Measurement;Measurement
D0004107;B0066962;PL001;Measurement;Measurement
D0004868;B0046505;PL008;Measurement;Measurement
D0005045;B0014995;PL001;Measurement;Measurement
D0005342;B0072926;PL002;Measurement;Measurement
D0005708;B0045405;PL006;Measurement;Measurement
D0002399;B0058949;PL009;Measurement;Measurement
D0000226;B0059664;PL003;Measurement;Measurement
D0002068;B0049674;PL009;Measurement;Measurement
D0003885;B0001542;PL009;Measurement;Measurement
D0004160;B0055952;PL003;Measurement;Measurement
D0004982;B0020961;PL003;Measurement;Measurement
D0004301;B0037224;PL008;Measurement;Measurement
D0003950;B0067140;PL007;Measurement;Measurement
D0005049;B0009856;PL007;Measurement;Measurement
D0005477;B0009314;PL007;Measurement;Measurement
D0002168;B0051425;PL007;Measurement;Measurement
D0002251;B0053109;PL007;Measurement;Measurement
D0005002;B0045240;PL007;Measurement;Measurement
D0005742;B0017723;PL007;Measurement;Measurement
D0001300;B0069645;PL003;Measurement;Measurement
D0004873;B0035527;PL003;Measurement;Measurement
D0000916;B0040672;PL003;Measurement;Measurement
D0000918;B0005619;PL009;Measurement;Measurement
D0003644;B0018140;PL009;Measurement;Measurement
D0005639;B0008800;PL004;Measurement;Measurement
D0001002;B0029112;PL007;Measurement;Measurement
D0001186;B0025886;PL007;Measurement;Measurement
D0004139;B0048403;PL007;Measurement;Measurement
D0004418;B0044484;PL007;Measurement;Measurement
D0001516;B0028119;PL007;Measurement;Measurement
D0003992;B0034875;PL009;Measurement;Measurement
D0005710;B0004818;PL009;Measurement;Measurement
D0005901;B0011542;PL004;Measurement;Measurement
D0000334;B0068019;PL007;Measurement;Measurement
D0002693;B0031495;PL009;Man;Method
D0000331;B0074896;PL001;Man;Method
D0002392;B0007321;PL008;Man;Method
D0002975;B0005930;PL002;Man;Method
D0003476;B0049709;PL006;Man;Method
D0003629;B0069197;PL001;Man;Method
D0005945;B0067654;PL007;Man;Method
D0001846;B0058434;PL001;Man;Method
D0002076;B0032784;PL001;Man;Method
D0002631;B0056975;PL008;Man;Method
D0002800;B0073404;PL006;Man;Method
D0004758;B0044306;PL009;Man;Method
D0000405;B0069232;PL008;Man;Method
D0000875;B0042189;PL007;Man;Method
D0000272;B0010836;PL001;Man;Method
D0000342;B0070887;PL001;Man;Method
D0000968;B0054158;PL001;Man;Method
D0001119;B0018842;PL006;Man;Method
D0001466;B0050263;PL008;Man;Method
D0001850;B0009590;PL007;Man;Method
D0002437;B0067095;PL006;Man;Method
D0003040;B0034331;PL001;Man;Method
D0004542;B0004000;PL001;Man;Method
D0005316;B0000306;PL001;Man;Method
D0005600;B0029316;PL010;Man;Method
D0000073;B0024501;PL001;Man;Method
D0000287;B0013591;PL001;Man;Method
D0001753;B0064458;PL009;Man;Method
D0002192;B0045417;PL009;Man;Method
D0002824;B0046025;PL006;Man;Method
D0002998;B0013612;PL001;Man;Method
D0003321;B0073721;PL001;Man;Method
D0003399;B0004093;PL009;Man;Method
D0004985;B0040969;PL009;Man;Method
D0005198;B0021618;PL001;Man;Method
D0005509;B0006547;PL009;Man;Method
D0000039;B0049386;PL002;Man;Method
D0003129;B0040491;PL004;Man;Method
D0000372;B0057199;PL006;Man;Method
D0003139;B0035776;PL007;Man;Method
D0004793;B0055084;PL006;Man;Method
D0000348;B0002411;PL001;Man;Method
D0000351;B0002041;PL009;Man;Method
D0000483;B0022042;PL001;Man;Method
D0001469;B0056476;PL005;Man;Method
D0001998;B0003018;PL001;Man;Method
D0002208;B0073680;PL001;Man;Method
D0003625;B0007147;PL001;Man;Method
D0004388;B0040324;PL010;Man;Method
D0004834;B0005968;PL007;Man;Method
D0000318;B0046270;PL001;Man;Method
D0000490;B0018047;PL001;Man;Method
D0002307;B0035846;PL001;Man;Method
D0003391;B0039442;PL009;Man;Method
D0003895;B0074371;PL001;Man;Method
D0005126;B0023425;PL006;Man;Method
D0001288;B0019606;PL008;Man;Method
D0003308;B0047248;PL005;Man;Method
D0005744;B0019852;PL001;Man;Method
D0001786;B0024081;PL008;Man;Method
D0005205;B0064462;PL001;Man;Method
D0002958;B0035252;PL009;Man;Method
D0003212;B0015284;PL009;Man;Method
D0003223;B0067633;PL001;Man;Method
D0000219;B0074160;PL002;Material;Method
D0003490;B0008149;PL008;Material;Method
D0003851;B0059837;PL007;Material;Method
D0000683;B0024179;PL007;Material;Method
D0000890;B0042846;PL009;Material;Method
D0001884;B0008832;PL006;Material;Method
D0002004;B0019043;PL005;Material;Method
D0002488;B0022935;PL001;Material;Method
D0005082;B0005726;PL006;Material;Method
D0005092;B0049064;PL002;Material;Method
D0000302;B0023688;PL001;Material;Method
D0000852;B0051246;PL001;Material;Method
D0000912;B0041043;PL001;Material;Method
D0002051;B0042143;PL001;Material;Method
D0003937;B0015207;PL008;Material;Method
D0004188;B0026657;PL001;Material;Method
D0004789;B0042152;PL001;Material;Method
D0004884;B0073435;PL001;Material;Method
D0000330;B0034377;PL006;Material;Method
D0000469;B0036401;PL001;Material;Method
D0001174;B0057629;PL001;Material;Method
D0001232;B0064912;PL001;Material;Method
D0001325;B0053788;PL009;Material;Method
D0001690;B0005583;PL007;Material;Method
D0002097;B0041535;PL001;Material;Method
D0002518;B0031919;PL001;Material;Method
D0002525;B0041858;PL006;Material;Method
D0002613;B0019986;PL009;Material;Method
D0003466;B0034149;PL006;Material;Method
D0003568;B0038281;PL001;Material;Method
D0004390;B0051085;PL001;Material;Method
D0004570;B0056683;PL010;Material;Method
D0004842;B0056155;PL001;Material;Method
D0005365;B0072527;PL001;Material;Method
D0005516;B0046962;PL005;Material;Method
D0005568;B0052186;PL006;Material;Method
D0005792;B0065710;PL001;Material;Method
D0005910;B0050801;PL001;Material;Method
D0000155;B0052006;PL001;Material;Method
D0000277;B0060959;PL005;Material;Method
D0000840;B0061081;PL001;Material;Method
D0001279;B0008973;PL001;Material;Method
D0001940;B0006314;PL001;Material;Method
D0002081;B0006661;PL001;Material;Method
D0002532;B0071393;PL001;Material;Method
D0002912;B0073976;PL006;Material;Method
D0002961;B0008357;PL009;Material;Method
D0003714;B0000116;PL008;Material;Method
D0004287;B0012570;PL001;Material;Method
D0004485;B0040663;PL009;Material;Method
D0005125;B0014506;PL001;Material;Method
D0005845;B0073140;PL001;Material;Method
D0005961;B0009065;PL009;Material;Method
D0001935;B0061070;PL008;Material;Method
D0002641;B0060385;PL007;Material;Method
D0004497;B0031565;PL007;Material;Method
D0002000;B0050487;PL005;Material;Method
D0004616;B0040679;PL009;Material;Method
D0005423;B0006594;PL008;Material;Method
D0002105;B0052038;PL006;Material;Method
D0000105;B0001932;PL005;Material;Method
D0002033;B0025232;PL001;Material;Method
D0003038;B0032456;PL001;Material;Method
D0003639;B0018501;PL002;Material;Method
D0003667;B0043128;PL001;Material;Method
D0003672;B0064090;PL005;Material;Method
D0003757;B0021773;PL001;Material;Method
D0004378;B0031973;PL010;Material;Method
D0004505;B0001814;PL001;Material;Method
D0005417;B0034973;PL008;Material;Method
D0005573;B0067566;PL002;Material;Method
D0005924;B0033061;PL007;Material;Method
D0000978;B0067919;PL001;Material;Method
D0001122;B0070123;PL001;Material;Method
D0001205;B0011487;PL006;Material;Method
D0003307;B0031291;PL009;Material;Method
D0004569;B0052636;PL001;Material;Method
D0005605;B0018037;PL003;Material;Method
D0005191;B0025029;PL008;Material;Method
D0001877;B0036562;PL008;Material;Method
D0000801;B0033806;PL009;Material;Method
D0001684;B0047101;PL001;Material;Method
D0001863;B0037709;PL002;Material;Method
D0002401;B0007286;PL006;Material;Method
D0004384;B0010798;PL005;Material;Method
D0003005;B0015881;PL001;Material;Method
D0002642;B0018996;PL008;Material;Method
D0000928;B0001105;PL001;Material;Method
D0004515;B0070788;PL001;Material;Method
D0003358;B0038220;PL009;Material;Method
D0003014;B0055624;PL001;Material;Method
D0005449;B0060674;PL009;Material;Method
D0000322;B0016327;PL001;Material;Method
D0005779;B0060137;PL001;Material;Method
D0000187;B0074434;PL001;Material;Method
D0000867;B0013184;PL001;Material;Method
D0004318;B0003498;PL001;Material;Method
D0004333;B0026046;PL001;Material;Method
D0004765;B0006589;PL007;Machine;Method
D0000169;B0065602;PL010;Machine;Method
D0000523;B0003927;PL009;Machine;Method
D0001438;B0033052;PL001;Machine;Method
D0001927;B0059317;PL006;Machine;Method
D0002009;B0051636;PL002;Machine;Method
D0002207;B0012380;PL007;Machine;Method
D0002456;B0061148;PL002;Machine;Method
D0002508;B0029565;PL002;Machine;Method
D0002702;B0019268;PL005;Machine;Method
D0003517;B0044835;PL006;Machine;Method
D0004027;B0032687;PL006;Machine;Method
D0004308;B0066626;PL009;Machine;Method
D0004465;B0058822;PL006;Machine;Method
D0004875;B0066760;PL007;Machine;Method
D0000647;B0046472;PL001;Machine;Method
D0000725;B0036041;PL001;Machine;Method
D0000904;B0058950;PL001;Machine;Method
D0001215;B0021075;PL001;Machine;Method
D0001720;B0017822;PL001;Machine;Method
D0001919;B0000814;PL009;Machine;Method
D0002152;B0050658;PL008;Machine;Method
D0002188;B0072397;PL001;Machine;Method
D0002389;B0013572;PL001;Machine;Method
D0002412;B0000046;PL008;Machine;Method
D0003473;B0062826;PL001;Machine;Method
D0003479;B0073828;PL008;Machine;Method
D0004182;B0002462;PL009;Machine;Method
D0004690;B0057733;PL001;Machine;Method
D0005275;B0052125;PL009;Machine;Method
D0000876;B0016472;PL008;Machine;Method
D0001147;B0040188;PL002;Machine;Method
D0002044;B0004241;PL007;Machine;Method
D0003742;B0048957;PL009;Machine;Method
D0004620;B0003924;PL008;Machine;Method
D0000097;B0014103;PL001;Machine;Method
D0000176;B0008141;PL002;Machine;Method
D0000179;B0035300;PL007;Machine;Method
D0000415;B0074436;PL008;Machine;Method
D0000624;B0014589;PL008;Machine;Method
D0000689;B0025378;PL005;Machine;Method
D0000850;B0017293;PL009;Machine;Method
D0001268;B0069173;PL001;Machine;Method
D0001427;B0070567;PL010;Machine;Method
D0001431;B0072539;PL009;Machine;Method
D0002085;B0019211;PL001;Machine;Method
D0002103;B0039588;PL001;Machine;Method
D0002263;B0052665;PL004;Machine;Method
D0002565;B0073772;PL001;Machine;Method
D0002774;B0002853;PL001;Machine;Method
D0002955;B0062428;PL001;Machine;Method
D0003111;B0001002;PL009;Machine;Method
D0003202;B0013778;PL006;Machine;Method
D0003468;B0072078;PL006;Machine;Method
D0003715;B0033173;PL001;Machine;Method
D0003762;B0015237;PL007;Machine;Method
D0003768;B0037700;PL010;Machine;Method
D0003876;B0043552;PL005;Machine;Method
D0004136;B0004494;PL006;Machine;Method
D0004220;B0025334;PL006;Machine;Method
D0004936;B0030606;PL006;Machine;Method
D0005105;B0001970;PL005;Machine;Method
D0005595;B0009294;PL006;Machine;Method
D0005660;B0067726;PL001;Machine;Method
D0000453;B0044664;PL001;Machine;Method
D0000601;B0066903;PL001;Machine;Method
D0000740;B0067331;PL006;Machine;Method
D0001218;B0064094;PL001;Machine;Method
D0001532;B0066423;PL008;Machine;Method
D0001656;B0028143;PL009;Machine;Method
D0002112;B0012200;PL001;Machine;Method
D0002176;B0010426;PL003;Machine;Method
D0002269;B0054275;PL001;Machine;Method
D0002314;B0028091;PL001;Machine;Method
D0002497;B0051709;PL001;Machine;Method
D0002695;B0053694;PL002;Machine;Method
D0002726;B0027765;PL001;Machine;Method
D0002822;B0044191;PL009;Machine;Method
D0002835;B0012735;PL001;Machine;Method
D0002861;B0013091;PL006;Machine;Method
D0002863;B0027893;PL009;Machine;Method
D0002921;B0012759;PL010;Machine;Method
D0003078;B0053245;PL001;Machine;Method
D0003093;B0035035;PL008;Machine;Method
D0003215;B0048197;PL008;Machine;Method
D0003334;B0037831;PL009;Machine;Method
D0003365;B0004483;PL009;Machine;Method
D0003416;B0012027;PL001;Machine;Method
D0003423;B0034559;PL002;Machine;Method
D0003891;B0020322;PL001;Machine;Method
D0004010;B0067247;PL008;Machine;Method
D0004317;B0017356;PL001;Machine;Method
D0004432;B0065433;PL001;Machine;Method
D0004470;B0042818;PL001;Machine;Method
D0004502;B0043511;PL009;Machine;Method
D0004775;B0036306;PL009;Machine;Method
D0005209;B0008417;PL001;Machine;Method
D0005678;B0057949;PL001;Machine;Method
D0005757;B0042928;PL001;Machine;Method
D0000107;B0034446;PL008;Machine;Method
D0005821;B0068006;PL007;Machine;Method
D0005291;B0017094;PL006;Machine;Method
D0001490;B0019372;PL006;Machine;Method
D0003020;B0023449;PL002;Machine;Method
D0003751;B0051384;PL001;Machine;Method
D0004119;B0027818;PL006;Machine;Method
D0000394;B0058885;PL009;Machine;Method
D0000549;B0039167;PL006;Machine;Method
D0000838;B0051851;PL007;Machine;Method
D0002971;B0072489;PL006;Machine;Method
D0003167;B0000793;PL001;Machine;Method
D0005523;B0028114;PL008;Machine;Method
D0000715;B0027686;PL006;Machine;Method
D0000835;B0032038;PL006;Machine;Method
D0000886;B0054850;PL002;Machine;Method
D0001145;B0058998;PL007;Machine;Method
D0001810;B0028199;PL008;Machine;Method
D0001975;B0037997;PL008;Machine;Method
D0002178;B0011611;PL002;Machine;Method
D0002952;B0069324;PL006;Machine;Method
D0003016;B0066387;PL001;Machine;Method
D0003465;B0021074;PL001;Machine;Method
D0003881;B0073871;PL001;Machine;Method
D0004531;B0021941;PL001;Machine;Method
D0004669;B0068183;PL007;Machine;Method
D0004926;B0042003;PL008;Machine;Method
D0005908;B0007459;PL002;Machine;Method
D0000096;B0064219;PL001;Machine;Method
D0000197;B0037608;PL006;Machine;Method
D0000328;B0054011;PL009;Machine;Method
D0001838;B0063167;PL001;Machine;Method
D0002277;B0056904;PL009;Machine;Method
D0003031;B0069102;PL001;Machine;Method
D0003462;B0021351;PL006;Machine;Method
D0003533;B0039415;PL009;Machine;Method
D0003870;B0009893;PL006;Machine;Method
D0004705;B0012792;PL001;Machine;Method
D0005244;B0072530;PL009;Machine;Method
D0005386;B0027604;PL001;Machine;Method
D0005952;B0019048;PL001;Machine;Method
D0004171;B0068861;PL001;Machine;Method
D0000460;B0042986;PL008;Machine;Method
D0001709;B0024984;PL008;Machine;Method
D0000950;B0013902;PL008;Machine;Method
D0005073;B0026208;PL008;Machine;Method
D0002960;B0022896;PL001;Machine;Method
D0000599;B0033887;PL001;Machine;Method
D0001063;B0065830;PL001;Machine;Method
D0001807;B0044095;PL001;Machine;Method
D0005789;B0004546;PL001;Machine;Method
D0005940;B0052367;PL001;Machine;Method
D0002640;B0027831;PL001;Machine;Method
D0005881;B0066303;PL001;Machine;Method
D0001219;B0000345;PL001;Machine;Method
D0000015;B0030742;PL001;Machine;Method
D0005926;B0003372;PL009;Machine;Method
D0002760;B0063668;PL009;Machine;Method
D0005808;B0067578;PL009;Machine;Method
D0002594;B0046942;PL009;Machine;Method
D0002245;B0064415;PL009;Machine;Method
D0002970;B0074249;PL009;Machine;Method
D0002836;B0060526;PL008;Machine;Method
D0000076;B0049646;PL002;Machine;Method
D0001172;B0035918;PL002;Machine;Method
D0001726;B0067361;PL005;Machine;Method
D0001992;B0058750;PL008;Machine;Method
D0003355;B0031386;PL005;Machine;Method
D0003601;B0059586;PL006;Machine;Method
D0005246;B0027889;PL008;Machine;Method
D0005160;B0029868;PL001;Machine;Method
D0000877;B0021222;PL008;Machine;Method
D0001802;B0068101;PL008;Machine;Method
D0005872;B0073718;PL001;Machine;Method
D0004663;B0035088;PL001;Machine;Method
D0001523;B0071798;PL009;Machine;Method
D0001630;B0007904;PL009;Machine;Method
D0004592;B0049184;PL001;Machine;Method
D0001245;B0068829;PL001;Machine;Method
D0004478;B0068272;PL009;Machine;Method
D0004536;B0008485;PL009;Machine;Method
D0005018;B0004630;PL008;Machine;Method
D0005304;B0069294;PL009;Machine;Method
D0005581;B0008037;PL008;Machine;Method
D0001798;B0043218;PL003;Measurement;Method
D0004192;B0049986;PL007;Measurement;Method
D0000255;B0021646;PL001;Measurement;Method
D0000261;B0051722;PL007;Measurement;Method
D0000310;B0008101;PL002;Measurement;Method
D0000389;B0003631;PL001;Measurement;Method
D0000464;B0060493;PL001;Measurement;Method
D0000610;B0055123;PL008;Measurement;Method
D0001221;B0048978;PL003;Measurement;Method
D0001627;B0032841;PL001;Measurement;Method
D0002015;B0026866;PL008;Measurement;Method
D0002055;B0048423;PL002;Measurement;Method
D0002522;B0028948;PL006;Measurement;Method
D0002648;B0012036;PL006;Measurement;Method
D0002813;B0020919;PL006;Measurement;Method
D0003306;B0034902;PL001;Measurement;Method
D0003404;B0066886;PL009;Measurement;Method
D0003469;B0017578;PL008;Measurement;Method
D0003852;B0002633;PL008;Measurement;Method
D0004011;B0012894;PL005;Measurement;Method
D0004062;B0052368;PL001;Measurement;Method
D0004137;B0002926;PL001;Measurement;Method
D0004302;B0030561;PL006;Measurement;Method
D0004323;B0007949;PL001;Measurement;Method
D0004437;B0031096;PL009;Measurement;Method
D0004702;B0001028;PL008;Measurement;Method
D0004857;B0042802;PL003;Measurement;Method
D0005210;B0073141;PL002;Measurement;Method
D0005843;B0060251;PL008;Measurement;Method
D0000889;B0038255;PL001;Measurement;Method
D0001029;B0059307;PL009;Measurement;Method
D0001589;B0007063;PL001;Measurement;Method
D0001949;B0060754;PL009;Measurement;Method
D0001966;B0001771;PL009;Measurement;Method
D0002321;B0045919;PL001;Measurement;Method
D0002617;B0032279;PL008;Measurement;Method
D0002935;B0028556;PL001;Measurement;Method
D0003125;B0010509;PL001;Measurement;Method
D0003353;B0030223;PL001;Measurement;Method
D0004712;B0009525;PL001;Measurement;Method
D0005163;B0056604;PL008;Measurement;Method
D0005274;B0033200;PL008;Measurement;Method
D0005335;B0046743;PL001;Measurement;Method
D0005555;B0073508;PL001;Measurement;Method
D0005673;B0052800;PL009;Measurement;Method
D0000410;B0068293;PL008;Measurement;Method
D0000732;B0057609;PL008;Measurement;Method
D0002732;B0004036;PL007;Measurement;Method
D0005375;B0002905;PL004;Measurement;Method
D0000820;B0039560;PL007;Measurement;Method
D0001408;B0001289;PL001;Measurement;Method
D0001445;B0074908;PL001;Measurement;Method
D0001495;B0073276;PL001;Measurement;Method
D0001578;B0051276;PL006;Measurement;Method
D0001937;B0046248;PL006;Measurement;Method
D0002202;B0045588;PL008;Measurement;Method
D0002285;B0002232;PL006;Measurement;Method
D0002398;B0032445;PL007;Measurement;Method
D0002461;B0011784;PL001;Measurement;Method
D0002595;B0042711;PL001;Measurement;Method
D0002741;B0049616;PL009;Measurement;Method
D0002825;B0024793;PL010;Measurement;Method
D0002847;B0057109;PL007;Measurement;Method
D0002919;B0072937;PL006;Measurement;Method
D0003114;B0037931;PL006;Measurement;Method
D0003143;B0050803;PL002;Measurement;Method
D0003172;B0042588;PL009;Measurement;Method
D0003206;B0048923;PL001;Measurement;Method
D0003504;B0048333;PL008;Measurement;Method
D0003730;B0074148;PL009;Measurement;Method
D0003733;B0014784;PL002;Measurement;Method
D0003782;B0026619;PL001;Measurement;Method
D0003786;B0063332;PL008;Measurement;Method
D0004141;B0041103;PL005;Measurement;Method
D0004544;B0050901;PL008;Measurement;Method
D0004737;B0027010;PL008;Measurement;Method
D0005085;B0006136;PL001;Measurement;Method
D0000265;B0021129;PL009;Measurement;Method
D0000367;B0031688;PL009;Measurement;Method
D0000439;B0045008;PL001;Measurement;Method
D0000477;B0007710;PL009;Measurement;Method
D0000478;B0023755;PL001;Measurement;Method
D0000694;B0012074;PL009;Measurement;Method
D0000742;B0056168;PL002;Measurement;Method
D0001138;B0066984;PL001;Measurement;Method
D0001230;B0006997;PL008;Measurement;Method
D0001374;B0032202;PL001;Measurement;Method
D0001493;B0048910;PL001;Measurement;Method
D0001502;B0043736;PL001;Measurement;Method
D0001536;B0057584;PL001;Measurement;Method
D0001549;B0063492;PL006;Measurement;Method
D0001587;B0025604;PL009;Measurement;Method
D0002181;B0055615;PL009;Measurement;Method
D0002478;B0053804;PL001;Measurement;Method
D0003081;B0024546;PL001;Measurement;Method
D0003098;B0060821;PL008;Measurement;Method
D0003254;B0039535;PL008;Measurement;Method
D0003449;B0031982;PL001;Measurement;Method
D0003652;B0024576;PL001;Measurement;Method
D0003674;B0003367;PL001;Measurement;Method
D0003773;B0052419;PL008;Measurement;Method
D0003998;B0056268;PL002;Measurement;Method
D0004016;B0012832;PL001;Measurement;Method
D0004039;B0015002;PL010;Measurement;Method
D0004150;B0035869;PL001;Measurement;Method
D0004344;B0070462;PL008;Measurement;Method
D0004500;B0029369;PL001;Measurement;Method
D0004732;B0025230;PL008;Measurement;Method
D0005035;B0023636;PL001;Measurement;Method
D0005100;B0058788;PL009;Measurement;Method
D0005281;B0004956;PL009;Measurement;Method
D0005312;B0068815;PL001;Measurement;Method
D0005348;B0057009;PL001;Measurement;Method
D0005617;B0006046;PL006;Measurement;Method
D0005948;B0008915;PL009;Measurement;Method
D0000164;B0071694;PL006;Measurement;Method
D0003155;B0057665;PL007;Measurement;Method
D0001809;B0029058;PL007;Measurement;Method
D0002102;B0013480;PL008;Measurement;Method
D0002889;B0000188;PL008;Measurement;Method
D0004090;B0050677;PL007;Measurement;Method
D0005380;B0060223;PL007;Measurement;Method
D0003012;B0013113;PL002;Measurement;Method
D0000325;B0002487;PL002;Measurement;Method
D0000597;B0062952;PL001;Measurement;Method
D0001156;B0034301;PL001;Measurement;Method
D0001742;B0021208;PL004;Measurement;Method
D0004769;B0051836;PL006;Measurement;Method
D0001393;B0024464;PL008;Measurement;Method
D0001432;B0066960;PL008;Measurement;Method
D0001923;B0060304;PL007;Measurement;Method
D0002537;B0032196;PL001;Measurement;Method
D0002539;B0050251;PL007;Measurement;Method
D0005052;B0033839;PL007;Measurement;Method
D0005206;B0067730;PL001;Measurement;Method
D0005495;B0020901;PL006;Measurement;Method
D0000024;B0025770;PL010;Measurement;Method
D0000557;B0017184;PL001;Measurement;Method
D0000637;B0009557;PL001;Measurement;Method
D0000777;B0001449;PL001;Measurement;Method
D0000870;B0048308;PL006;Measurement;Method
D0000920;B0000903;PL006;Measurement;Method
D0001278;B0015801;PL001;Measurement;Method
D0001321;B0051004;PL005;Measurement;Method
D0001373;B0022176;PL002;Measurement;Method
D0001524;B0066111;PL006;Measurement;Method
D0001737;B0014185;PL010;Measurement;Method
D0002710;B0044914;PL002;Measurement;Method
D0002764;B0034123;PL009;Measurement;Method
D0003004;B0022888;PL001;Measurement;Method
D0003080;B0041436;PL002;Measurement;Method
D0003118;B0034156;PL002;Measurement;Method
D0003289;B0003373;PL001;Measurement;Method
D0003586;B0073315;PL008;Measurement;Method
D0003811;B0058131;PL005;Measurement;Method
D0004024;B0053965;PL001;Measurement;Method
D0004419;B0021206;PL009;Measurement;Method
D0004534;B0049786;PL007;Measurement;Method
D0004987;B0062743;PL009;Measurement;Method
D0005041;B0031701;PL007;Measurement;Method
D0005081;B0042400;PL006;Measurement;Method
D0005276;B0017686;PL009;Measurement;Method
D0005306;B0064037;PL008;Measurement;Method
D0005622;B0063458;PL001;Measurement;Method
D0005863;B0065467;PL006;Measurement;Method
D0001560;B0006453;PL006;Measurement;Method
D0001878;B0011687;PL006;Measurement;Method
D0002373;B0009729;PL006;Measurement;Method
D0003189;B0014673;PL006;Measurement;Method
D0005151;B0008907;PL006;Measurement;Method
D0004697;B0009124;PL003;Measurement;Method
D0000969;B0036436;PL001;Measurement;Method
D0001348;B0035602;PL001;Measurement;Method
D0001955;B0000386;PL001;Measurement;Method
D0002222;B0074907;PL001;Measurement;Method
D0003134;B0037723;PL001;Measurement;Method
D0003686;B0036397;PL001;Measurement;Method
D0001173;B0021140;PL001;Measurement;Method
D0001350;B0039071;PL001;Measurement;Method
D0003642;B0001252;PL001;Measurement;Method
D0004577;B0067235;PL001;Measurement;Method
D0004861;B0037791;PL009;Measurement;Method
D0000196;B0002741;PL001;Measurement;Method
D0001050;B0028612;PL009;Measurement;Method
D0003463;B0023000;PL001;Measurement;Method
D0003901;B0006519;PL008;Measurement;Method
D0005112;B0024472;PL001;Measurement;Method
D0005788;B0053376;PL001;Measurement;Method
D0002529;B0038324;PL008;Measurement;Method
D0002712;B0006533;PL001;Measurement;Method
D0002776;B0020079;PL009;Measurement;Method
D0004431;B0012403;PL009;Measurement;Method
D0000414;B0035203;PL001;Measurement;Method
D0001702;B0024228;PL002;Measurement;Method
D0001999;B0005896;PL002;Measurement;Method
D0003844;B0045471;PL001;Measurement;Method
D0005237;B0026893;PL006;Measurement;Method
D0000866;B0016774;PL009;Measurement;Method
D0003957;B0046144;PL008;Measurement;Method
D0003853;B0052654;PL001;Measurement;Method
D0003297;B0015871;PL010;Measurement;Method
D0000344;B0036697;PL001;Measurement;Method
D0000602;B0040114;PL009;Measurement;Method
D0001650;B0043787;PL001;Measurement;Method
D0002719;B0033238;PL001;Measurement;Method
D0002963;B0044528;PL001;Measurement;Method
D0005515;B0032373;PL001;Measurement;Method
D0001554;B0039450;PL001;Measurement;Method
D0003743;B0065165;PL009;Measurement;Method
D0000332;B0072589;PL009;Measurement;Method
D0004998;B0046265;PL001;Measurement;Method
D0003036;B0042100;PL001;Measurement;Method
D0004020;B0048806;PL001;Measurement;Method
D0001494;B0004333;PL001;Measurement;Method
D0000710;B0007425;PL001;Measurement;Method
D0000839;B0011555;PL009;Measurement;Method
D0002338;B0032918;PL009;Measurement;Method
D0003441;B0004517;PL009;Measurement;Method
D0005558;B0013415;PL001;Measurement;Method
D0000510;B0035381;PL001;Measurement;Method
D0001615;B0029573;PL001;Measurement;Method
D0004624;B0022117;PL001;Measurement;Method
D0005539;B0053800;PL001;Measurement;Method
D0003784;B0061512;PL001;Measurement;Method
D0004529;B0039412;PL001;Measurement;Method
D0003346;B0067891;PL009;Measurement;Method
D0001189;B0048082;PL001;Measurement;Method
D0000022;B0046376;PL006;Environment;Method
D0000123;B0050648;PL001;Environment;Method
D0000137;B0058044;PL002;Environment;Method
D0000156;B0058202;PL009;Environment;Method
D0000227;B0039148;PL008;Environment;Method
D0000364;B0074078;PL001;Environment;Method
D0000985;B0028565;PL002;Environment;Method
D0001035;B0059865;PL008;Environment;Method
D0001045;B0026144;PL009;Environment;Method
D0001131;B0010793;PL001;Environment;Method
D0002329;B0029139;PL009;Environment;Method
D0002474;B0045629;PL009;Environment;Method
D0002496;B0069845;PL006;Environment;Method
D0002750;B0006615;PL005;Environment;Method
D0003159;B0046231;PL006;Environment;Method
D0003209;B0005433;PL001;Environment;Method
D0003210;B0011398;PL006;Environment;Method
D0003378;B0042613;PL001;Environment;Method
D0003536;B0058115;PL008;Environment;Method
D0003760;B0001923;PL004;Environment;Method
D0003766;B0074993;PL006;Environment;Method
D0004215;B0074511;PL002;Environment;Method
D0004249;B0013026;PL007;Environment;Method
D0004351;B0034887;PL001;Environment;Method
D0004734;B0005902;PL009;Environment;Method
D0004854;B0053029;PL009;Environment;Method
D0004909;B0036846;PL006;Environment;Method
D0005201;B0049470;PL007;Environment;Method
D0005624;B0055228;PL001;Environment;Method
D0005645;B0058441;PL009;Environment;Method
D0000145;B0032592;PL002;Environment;Method
D0001033;B0023899;PL001;Environment;Method
D0001053;B0062053;PL001;Environment;Method
D0001566;B0008949;PL001;Environment;Method
D0001741;B0011954;PL009;Environment;Method
D0001868;B0066309;PL001;Environment;Method
D0001909;B0020300;PL001;Environment;Method
D0002116;B0007114;PL001;Environment;Method
D0002155;B0004073;PL001;Environment;Method
D0002349;B0065382;PL001;Environment;Method
D0002429;B0029104;PL001;Environment;Method
D0002616;B0073873;PL001;Environment;Method
D0002632;B0064882;PL009;Environment;Method
D0002758;B0069853;PL009;Environment;Method
D0002879;B0017415;PL001;Environment;Method
D0003176;B0018280;PL009;Environment;Method
D0004066;B0037961;PL001;Environment;Method
D0004584;B0035687;PL009;Environment;Method
D0004974;B0002832;PL009;Environment;Method
D0005389;B0031658;PL006;Environment;Method
D0005511;B0039659;PL008;Environment;Method
D0005575;B0001155;PL008;Environment;Method
D0001639;B0017112;PL008;Environment;Method
D0002468;B0070224;PL008;Environment;Method
D0003638;B0074235;PL008;Environment;Method
D0004280;B0032141;PL008;Environment;Method
D0004483;B0010375;PL007;Environment;Method
D0005846;B0028479;PL003;Environment;Method
D0000059;B0014147;PL002;Environment;Method
D0000246;B0019693;PL006;Environment;Method
D0000341;B0061238;PL006;Environment;Method
D0000627;B0040071;PL006;Environment;Method
D0000723;B0072626;PL006;Environment;Method
D0001157;B0033119;PL001;Environment;Method
D0001181;B0050089;PL001;Environment;Method
D0001183;B0054103;PL002;Environment;Method
D0001188;B0028751;PL006;Environment;Method
D0001388;B0063475;PL001;Environment;Method
D0001430;B0032910;PL009;Environment;Method
D0001439;B0028377;PL002;Environment;Method
D0001723;B0037832;PL001;Environment;Method
D0001815;B0051092;PL001;Environment;Method
D0001921;B0016301;PL001;Environment;Method
D0002144;B0028013;PL007;Environment;Method
D0002215;B0053685;PL001;Environment;Method
D0002267;B0022927;PL001;Environment;Method
D0002332;B0045942;PL007;Environment;Method
D0002418;B0015702;PL009;Environment;Method
D0002514;B0036952;PL001;Environment;Method
D0002524;B0048614;PL006;Environment;Method
D0002531;B0059761;PL001;Environment;Method
D0002888;B0045999;PL009;Environment;Method
D0003485;B0020251;PL010;Environment;Method
D0003628;B0058796;PL009;Environment;Method
D0003747;B0023498;PL005;Environment;Method
D0003749;B0068701;PL008;Environment;Method
D0003894;B0039024;PL002;Environment;Method
D0003925;B0013691;PL007;Environment;Method
D0003997;B0010259;PL008;Environment;Method
D0004251;B0055650;PL006;Environment;Method
D0004357;B0047851;PL005;Environment;Method
D0004411;B0072103;PL006;Environment;Method
D0004601;B0058408;PL002;Environment;Method
D0004715;B0012321;PL008;Environment;Method
D0004739;B0044213;PL007;Environment;Method
D0005108;B0019126;PL001;Environment;Method
D0005328;B0030603;PL006;Environment;Method
D0005522;B0052442;PL001;Environment;Method
D0005549;B0074791;PL009;Environment;Method
D0005621;B0053087;PL002;Environment;Method
D0005778;B0052985;PL009;Environment;Method
D0005925;B0010538;PL001;Environment;Method
D0005944;B0052833;PL009;Environment;Method
D0005962;B0002486;PL006;Environment;Method
D0005983;B0005526;PL001;Environment;Method
D0000467;B0010531;PL001;Environment;Method
D0003831;B0000527;PL005;Environment;Method
D0004617;B0003191;PL006;Environment;Method
D0004674;B0065790;PL008;Environment;Method
D0005471;B0045137;PL001;Environment;Method
D0004014;B0002205;PL008;Environment;Method
D0005166;B0064452;PL001;Environment;Method
D0005395;B0027278;PL009;Environment;Method
D0001155;B0013082;PL008;Environment;Method
D0002871;B0031897;PL001;Environment;Method
D0002987;B0005132;PL008;Environment;Method
D0003386;B0002144;PL008;Environment;Method
D0001880;B0068401;PL008;Environment;Method
D0003101;B0038450;PL001;Environment;Method
D0003182;B0034618;PL008;Environment;Method
D0001107;B0020537;PL009;Environment;Method
D0002933;B0005640;PL009;Environment;Method
D0004413;B0011010;PL008;Environment;Method
D0001706;B0026745;PL001;Environment;Method
D0001530;B0060320;PL001;Environment;Method
D0001071;B0019950;PL003;Environment;Method
D0005288;B0014756;PL009;Environment;Method
D0004541;B0059701;PL001;Environment;Method
D0000861;B0038232;PL001;Environment;Method
D0001137;B0012437;PL001;Environment;Method
D0003948;B0058071;PL001;Environment;Method
D0003097;B0057417;PL001;Environment;Method
D0003428;B0016421;PL001;Environment;Method
D0004328;B0061231;PL008;Environment;Method
D0000860;B0052312;PL009;Environment;Method
D0001097;B0013368;PL009;Environment;Method
D0001169;B0030103;PL009;Environment;Method
D0001951;B0068870;PL009;Environment;Method
D0002244;B0013448;PL009;Environment;Method
D0004807;B0017449;PL001;Environment;Method
D0005297;B0011383;PL001;Environment;Method
D0005587;B0002297;PL001;Environment;Method
D0002597;B0029801;PL009;Environment;Method
D0005764;B0008432;PL001;Environment;Method
D0002196;B0053477;PL004;Environment;Method
D0003843;B0018993;PL003;Environment;Method
D0002320;B0036461;PL007;Environment;Method
D0003041;B0041016;PL008;Environment;Method
D0001670;B0050472;PL007;Environment;Method
D0002730;B0011671;PL003;Environment;Method
D0004124;B0050414;PL007;Environment;Method
D0000336;B0003604;PL004;Environment;Method
D0001481;B0069552;PL010;Environment;Method
D0001963;B0020279;PL009;Environment;Method
D0002664;B0039488;PL006;Environment;Method
D0003187;B0015502;PL008;Environment;Method
D0003805;B0048555;PL007;Environment;Method
D0004178;B0000705;PL007;Environment;Method
D0004929;B0038708;PL001;Environment;Method
D0000417;B0042945;PL006;Environment;Method
D0004030;B0038358;PL006;Environment;Method
D0005913;B0030812;PL009;Environment;Method
D0000790;B0026006;PL001;Environment;Method
D0000911;B0022314;PL001;Environment;Method
D0001016;B0056657;PL007;Environment;Method
D0001211;B0040689;PL008;Environment;Method
D0003048;B0016562;PL009;Environment;Method
D0003604;B0023605;PL009;Environment;Method
D0004127;B0061701;PL001;Environment;Method
D0005272;B0040703;PL007;Environment;Method
D0000880;B0000675;PL007;Environment;Method
D0001365;B0046927;PL002;Environment;Method
D0004224;B0038621;PL001;Environment;Method
D0000682;B0003597;PL002;Environment;Method
D0002913;B0033306;PL002;Environment;Method
D0003229;B0043930;PL002;Environment;Method
D0000070;B0064229;PL008;Environment;Method
D0000206;B0039824;PL010;Environment;Method
D0000368;B0021814;PL001;Environment;Method
D0000396;B0057874;PL007;Environment;Method
D0000516;B0016937;PL007;Environment;Method
D0000787;B0029878;PL010;Environment;Method
D0000909;B0074806;PL008;Environment;Method
D0001194;B0023184;PL001;Environment;Method
D0001200;B0013278;PL007;Environment;Method
D0001252;B0057839;PL006;Environment;Method
D0002002;B0065101;PL005;Environment;Method
D0002414;B0037662;PL001;Environment;Method
D0002448;B0027111;PL001;Environment;Method
D0002452;B0032829;PL005;Environment;Method
D0002598;B0043264;PL010;Environment;Method
D0002652;B0071238;PL010;Environment;Method
D0002690;B0014625;PL009;Environment;Method
D0002789;B0031573;PL005;Environment;Method
D0003166;B0015495;PL005;Environment;Method
D0003669;B0020694;PL001;Environment;Method
D0004252;B0036410;PL009;Environment;Method
D0004410;B0001010;PL006;Environment;Method
D0004427;B0001808;PL006;Environment;Method
D0005075;B0006796;PL008;Environment;Method
D0005322;B0004228;PL010;Environment;Method
D0005529;B0031086;PL001;Environment;Method
D0005534;B0073715;PL007;Environment;Method
D0005615;B0001880;PL007;Environment;Method
D0005777;B0013292;PL001;Environment;Method
D0000149;B0054775;PL001;Environment;Method
D0000293;B0022086;PL001;Environment;Method
D0000388;B0074351;PL001;Environment;Method
D0000433;B0035220;PL001;Environment;Method
D0001404;B0062394;PL001;Environment;Method
D0001755;B0027562;PL001;Environment;Method
D0002744;B0049290;PL001;Environment;Method
D0002982;B0037926;PL001;Environment;Method
D0004613;B0045082;PL001;Environment;Method
D0005718;B0000698;PL001;Environment;Method
D0005912;B0013932;PL001;Environment;Method
D0003029;B0035859;PL006;Environment;Method
D0005640;B0063726;PL006;Environment;Method
D0005765;B0036866;PL006;Environment;Method
D0000537;B0057154;PL009;Environment;Method
D0005150;B0013052;PL009;Environment;Method
D0002353;B0062538;PL006;Environment;Method
D0001093;B0016905;PL009;Environment;Method
D0002857;B0004364;PL009;Environment;Method
D0003873;B0071605;PL001;Environment;Method
D0001082;B0023582;PL001;Environment;Method
D0002466;B0023835;PL001;Environment;Method
D0004246;B0026329;PL001;Environment;Method
D0005141;B0017711;PL001;Environment;Method
D0000508;B0073224;PL001;Environment;Method
D0001414;B0015491;PL001;Environment;Method
D0003854;B0043278;PL005;Environment;Method
D0003914;B0035158;PL006;Environment;Method
D0004472;B0016394;PL008;Environment;Method
D0005078;B0010917;PL008;Environment;Method
D0005592;B0018751;PL008;Environment;Method
D0000408;B0040384;PL001;Environment;Method
D0003084;B0033972;PL001;Environment;Method
D0000869;B0016869;PL001;Environment;Method
D0001586;B0013659;PL009;Environment;Method
D0002680;B0050951;PL001;Environment;Method
D0002783;B0073854;PL001;Environment;Method
D0001957;B0059846;PL009;Environment;Method
D0002677;B0044063;PL001;Environment;Method
D0000418;B0010929;PL009;Environment;Method
D0001354;B0052426;PL001;Environment;Method
D0002077;B0073142;PL001;Environment;Method
D0002091;B0000613;PL009;Environment;Method
D0002472;B0062674;PL001;Environment;Method
D0002767;B0070559;PL008;Environment;Method
D0003936;B0017364;PL009;Environment;Method
D0004212;B0018335;PL001;Environment;Method
D0004830;B0073325;PL009;Environment;Method
D0005431;B0050909;PL009;Environment;Method
D0000560;B0035123;PL001;Environment;Method
D0001754;B0023423;PL001;Environment;Method
D0005145;B0004578;PL001;Environment;Method
D0000718;B0062188;PL008;Environment;Method
D0000778;B0045248;PL008;Environment;Method
D0001212;B0038731;PL001;Environment;Method
D0004102;B0010191;PL001;Environment;Method
D0004745;B0070570;PL001;Environment;Method
D0005569;B0071746;PL008;Environment;Method
D0000422;B0009969;PL001;Environment;Method
D0001865;B0065250;PL009;Environment;Method
D0002363;B0032022;PL001;Environment;Method
D0002855;B0020488;PL001;Environment;Method
D0003653;B0041243;PL001;Environment;Method
D0003759;B0024996;PL001;Environment;Method
D0003767;B0044035;PL001;Environment;Method
D0000383;B0031597;PL009;Environment;Method
D0000630;B0070952;PL001;Environment;Method
D0001073;B0059314;PL001;Environment;Method
D0003511;B0057699;PL009;Environment;Method
D0004194;B0015030;PL009;Environment;Method
D0004241;B0051032;PL001;Environment;Method
D0002179;B0031776;PL001;Environment;Method
D0002601;B0070415;PL009;Environment;Method
D0000429;B0073818;PL001;Environment;Method
D0000585;B0072265;PL009;Environment;Method
D0003565;B0013426;PL001;Environment;Method
D0004930;B0001797;PL001;Environment;Method
D0000326;B0070105;PL001;Environment;Method
D0001335;B0071817;PL001;Environment;Method
D0004382;B0072030;PL009;Environment;Method
D0000304;B0044526;PL001;Environment;Method
D0001398;B0045179;PL001;Environment;Method
D0001983;B0008883;PL001;Environment;Method
D0002180;B0036599;PL001;Environment;Method
D0002242;B0029401;PL001;Environment;Method
D0000319;B0043843;PL008;Method;Method
D0000755;B0019331;PL006;Method;Method
D0001942;B0007088;PL007;Method;Method
D0000222;B0057621;PL006;Method;Method
D0000360;B0023980;PL006;Method;Method
D0000591;B0046833;PL008;Method;Method
D0000605;B0031924;PL001;Method;Method
D0000658;B0035401;PL005;Method;Method
D0000782;B0023490;PL001;Method;Method
D0001003;B0031586;PL001;Method;Method
D0001054;B0017269;PL004;Method;Method
D0001134;B0034053;PL006;Method;Method
D0001159;B0066338;PL001;Method;Method
D0001361;B0017217;PL001;Method;Method
D0001400;B0032275;PL009;Method;Method
D0001448;B0009636;PL001;Method;Method
D0001708;B0065189;PL010;Method;Method
D0002048;B0014297;PL002;Method;Method
D0002106;B0016574;PL002;Method;Method
D0002593;B0071937;PL001;Method;Method
D0002991;B0007294;PL002;Method;Method
D0003283;B0011264;PL001;Method;Method
D0003335;B0041352;PL006;Method;Method
D0003429;B0026736;PL006;Method;Method
D0003593;B0047041;PL005;Method;Method
D0003778;B0046145;PL002;Method;Method
D0003958;B0008501;PL009;Method;Method
D0004407;B0062017;PL007;Method;Method
D0004457;B0013218;PL001;Method;Method
D0004516;B0019921;PL006;Method;Method
D0004562;B0065897;PL001;Method;Method
D0004693;B0047894;PL002;Method;Method
D0005091;B0067731;PL006;Method;Method
D0005486;B0064339;PL001;Method;Method
D0005498;B0013814;PL009;Method;Method
D0005688;B0051528;PL010;Method;Method
D0000003;B0072487;PL001;Method;Method
D0000306;B0055688;PL001;Method;Method
D0000440;B0056927;PL001;Method;Method
D0000550;B0037472;PL006;Method;Method
D0000629;B0073859;PL001;Method;Method
D0000883;B0028639;PL008;Method;Method
D0001312;B0017300;PL001;Method;Method
D0001441;B0058570;PL001;Method;Method
D0002300;B0025706;PL001;Method;Method
D0002555;B0043049;PL002;Method;Method
D0002559;B0038687;PL009;Method;Method
D0003376;B0048291;PL001;Method;Method
D0003398;B0045370;PL001;Method;Method
D0003455;B0028481;PL001;Method;Method
D0003656;B0046233;PL009;Method;Method
D0003675;B0062476;PL001;Method;Method
D0003872;B0062583;PL009;Method;Method
D0004238;B0009909;PL009;Method;Method
D0004362;B0045421;PL009;Method;Method
D0004906;B0062077;PL001;Method;Method
D0004928;B0058351;PL008;Method;Method
D0005016;B0044335;PL001;Method;Method
D0005289;B0052511;PL010;Method;Method
D0005319;B0027166;PL001;Method;Method
D0005576;B0025948;PL001;Method;Method
D0005638;B0024333;PL001;Method;Method
D0005684;B0059727;PL009;Method;Method
D0005716;B0069116;PL001;Method;Method
D0003461;B0062631;PL008;Method;Method
D0005842;B0003812;PL002;Method;Method
D0005922;B0056794;PL006;Method;Method
D0000102;B0056649;PL006;Method;Method
D0000108;B0044795;PL008;Method;Method
D0000124;B0063800;PL009;Method;Method
D0000200;B0070799;PL001;Method;Method
D0000514;B0065798;PL004;Method;Method
D0000571;B0056242;PL006;Method;Method
D0000788;B0071764;PL006;Method;Method
D0000794;B0022184;PL004;Method;Method
D0000811;B0006280;PL001;Method;Method
D0000884;B0005992;PL001;Method;Method
D0001015;B0007580;PL001;Method;Method
D0001191;B0045769;PL001;Method;Method
D0001303;B0011124;PL001;Method;Method
D0001367;B0022280;PL005;Method;Method
D0001379;B0071274;PL009;Method;Method
D0001616;B0024917;PL005;Method;Method
D0001758;B0024849;PL001;Method;Method
D0001848;B0067770;PL002;Method;Method
D0001961;B0002438;PL006;Method;Method
D0001984;B0017817;PL008;Method;Method
D0002123;B0032257;PL006;Method;Method
D0002139;B0049101;PL008;Method;Method
D0002219;B0030672;PL005;Method;Method
D0002297;B0017791;PL006;Method;Method
D0002333;B0067420;PL001;Method;Method
D0002376;B0050008;PL007;Method;Method
D0002645;B0000899;PL006;Method;Method
D0002746;B0023281;PL010;Method;Method
D0002759;B0046894;PL001;Method;Method
D0002828;B0051228;PL008;Method;Method
D0002977;B0068709;PL002;Method;Method
D0003015;B0031789;PL008;Method;Method
D0003066;B0036827;PL006;Method;Method
D0003148;B0056466;PL009;Method;Method
D0003158;B0073083;PL006;Method;Method
D0003219;B0034703;PL006;Method;Method
D0003244;B0023742;PL003;Method;Method
D0003411;B0017204;PL001;Method;Method
D0003457;B0021515;PL007;Method;Method
D0003486;B0037882;PL009;Method;Method
D0003744;B0012693;PL006;Method;Method
D0003745;B0057391;PL009;Method;Method
D0003910;B0017302;PL005;Method;Method
D0003995;B0040966;PL001;Method;Method
D0004085;B0034177;PL001;Method;Method
D0004245;B0024991;PL006;Method;Method
D0004304;B0023725;PL007;Method;Method
D0004408;B0038683;PL001;Method;Method
D0004491;B0027420;PL001;Method;Method
D0004494;B0074272;PL009;Method;Method
D0004587;B0069210;PL006;Method;Method
D0004631;B0047882;PL010;Method;Method
D0004780;B0022372;PL002;Method;Method
D0004784;B0031893;PL006;Method;Method
D0004803;B0056783;PL008;Method;Method
D0004890;B0012116;PL008;Method;Method
D0004970;B0066722;PL004;Method;Method
D0005133;B0021120;PL005;Method;Method
D0005188;B0013962;PL009;Method;Method
D0005286;B0029180;PL003;Method;Method
D0005670;B0010301;PL001;Method;Method
D0005987;B0045113;PL001;Method;Method
D0000670;B0014219;PL001;Method;Method
D0001457;B0021400;PL001;Method;Method
D0002165;B0056947;PL001;Method;Method
D0002892;B0066378;PL008;Method;Method
D0003548;B0010544;PL001;Method;Method
D0003817;B0069028;PL001;Method;Method
D0000347;B0043648;PL001;Method;Method
D0001498;B0010918;PL010;Method;Method
D0002635;B0029802;PL001;Method;Method
D0003530;B0070670;PL001;Method;Method
D0004479;B0033845;PL009;Method;Method
D0005567;B0056347;PL001;Method;Method
D0000236;B0002588;PL009;Method;Method
D0001392;B0026977;PL001;Method;Method
D0001683;B0014075;PL009;Method;Method
D0003496;B0070201;PL008;Method;Method
D0004147;B0033210;PL001;Method;Method
D0004838;B0006528;PL009;Method;Method
D0002663;B0003355;PL008;Method;Method
D0004655;B0068539;PL009;Method;Method
D0005650;B0045723;PL001;Method;Method
D0001378;B0042489;PL006;Method;Method
D0001852;B0007992;PL009;Method;Method
D0001867;B0057129;PL009;Method;Method
D0002019;B0042048;PL008;Method;Method
D0002131;B0015466;PL008;Method;Method
D0002236;B0065286;PL009;Method;Method
D0002284;B0011658;PL009;Method;Method
D0002459;B0023521;PL009;Method;Method
D0002511;B0017912;PL001;Method;Method
D0002747;B0035016;PL001;Method;Method
D0002792;B0011024;PL001;Method;Method
D0002924;B0034398;PL003;Method;Method
D0003050;B0040761;PL002;Method;Method
D0003199;B0036241;PL008;Method;Method
D0003230;B0038306;PL001;Method;Method
D0003317;B0052448;PL001;Method;Method
D0003382;B0058630;PL001;Method;Method
D0003443;B0009291;PL009;Method;Method
D0003508;B0012310;PL001;Method;Method
D0003684;B0067515;PL001;Method;Method
D0003798;B0013173;PL009;Method;Method
D0003931;B0068414;PL010;Method;Method
D0004077;B0044471;PL001;Method;Method
D0004165;B0025511;PL010;Method;Method
D0004520;B0036998;PL008;Method;Method
D0004841;B0012710;PL009;Method;Method
D0004846;B0005406;PL001;Method;Method
D0004931;B0032988;PL001;Method;Method
D0005233;B0074180;PL008;Method;Method
D0005636;B0066706;PL001;Method;Method
D0005733;B0069363;PL001;Method;Method
D0000559;B0042249;PL005;Method;Method
D0003124;B0007197;PL005;Method;Method
D0000055;B0001383;PL002;Method;Method
D0001489;B0036673;PL008;Method;Method
D0001617;B0035512;PL002;Method;Method
D0002324;B0069835;PL007;Method;Method
D0002356;B0031756;PL008;Method;Method
D0003354;B0019635;PL007;Method;Method
D0004041;B0022225;PL007;Method;Method
D0004175;B0000350;PL003;Method;Method
D0005464;B0023694;PL008;Method;Method
D0005146;B0013852;PL008;Method;Method
D0005415;B0015507;PL002;Method;Method
D0001612;B0007365;PL001;Method;Method
D0001834;B0072594;PL004;Method;Method
D0003008;B0059017;PL004;Method;Method
D0003330;B0020521;PL006;Method;Method
D0004152;B0051966;PL004;Method;Method
D0004538;B0074840;PL005;Method;Method
D0005390;B0058102;PL003;Method;Method
D0000213;B0056994;PL004;Method;Method
D0001187;B0001935;PL002;Method;Method
D0001676;B0050865;PL004;Method;Method
D0001907;B0027797;PL005;Method;Method
D0002611;B0053674;PL003;Method;Method
D0003075;B0073395;PL004;Method;Method
D0003302;B0066025;PL002;Method;Method
D0003371;B0006507;PL006;Method;Method
D0003389;B0001878;PL007;Method;Method
D0003727;B0021089;PL006;Method;Method
D0003772;B0049708;PL003;Method;Method
D0004036;B0026495;PL010;Method;Method
D0000924;B0040859;PL001;Method;Method
D0000935;B0018508;PL007;Method;Method
D0000979;B0072620;PL006;Method;Method
D0002268;B0052486;PL006;Method;Method
D0002293;B0051953;PL006;Method;Method
D0002473;B0060469;PL001;Method;Method
D0002687;B0005778;PL009;Method;Method
D0003703;B0025802;PL007;Method;Method
D0003813;B0035732;PL001;Method;Method
D0003912;B0030329;PL007;Method;Method
D0004603;B0000771;PL001;Method;Method
D0005301;B0021524;PL009;Method;Method
D0005781;B0049264;PL007;Method;Method
D0001121;B0072513;PL001;Method;Method
D0001351;B0029862;PL008;Method;Method
D0004818;B0022925;PL007;Method;Method
D0005130;B0033970;PL001;Method;Method
D0002232;B0026813;PL001;Method;Method
D0003245;B0003360;PL006;Method;Method
D0004210;B0007827;PL010;Method;Method
D0004840;B0059624;PL001;Method;Method
D0005107;B0015795;PL001;Method;Method
D0005579;B0069889;PL008;Method;Method
D0001551;B0063301;PL006;Method;Method
D0001914;B0024614;PL008;Method;Method
D0003487;B0054712;PL008;Method;Method
D0004338;B0031594;PL006;Method;Method
D0005448;B0065873;PL002;Method;Method
D0000113;B0007352;PL008;Method;Method
D0000373;B0026267;PL010;Method;Method
D0000473;B0002605;PL002;Method;Method
D0000556;B0058446;PL008;Method;Method
D0000617;B0002627;PL001;Method;Method
D0000974;B0049765;PL001;Method;Method
D0001105;B0053489;PL001;Method;Method
D0001217;B0071087;PL010;Method;Method
D0001652;B0067648;PL001;Method;Method
D0001736;B0022844;PL001;Method;Method
D0001832;B0051013;PL006;Method;Method
D0001932;B0010671;PL007;Method;Method
D0002045;B0054087;PL010;Method;Method
D0002090;B0070828;PL010;Method;Method
D0002272;B0053378;PL001;Method;Method
D0002668;B0011656;PL008;Method;Method
D0002740;B0018428;PL002;Method;Method
D0003214;B0003157;PL006;Method;Method
D0003415;B0008172;PL006;Method;Method
D0003453;B0043993;PL009;Method;Method
D0003737;B0040721;PL009;Method;Method
D0004071;B0008000;PL010;Method;Method
D0004097;B0071516;PL001;Method;Method
D0004281;B0028291;PL008;Method;Method
D0004747;B0002373;PL007;Method;Method
D0004918;B0003241;PL005;Method;Method
D0004962;B0048563;PL007;Method;Method
D0005381;B0056121;PL001;Method;Method
D0005422;B0065876;PL005;Method;Method
D0005531;B0024031;PL009;Method;Method
D0000669;B0018057;PL006;Method;Method
D0001206;B0016174;PL006;Method;Method
D0001255;B0025473;PL001;Method;Method
D0005753;B0071165;PL006;Method;Method
D0000042;B0003302;PL006;Method;Method
D0003319;B0008508;PL001;Method;Method
D0004650;B0005053;PL006;Method;Method
D0005283;B0004127;PL009;Method;Method
D0005585;B0071446;PL009;Method;Method
D0000999;B0052105;PL006;Method;Method
D0004555;B0023632;PL006;Method;Method
D0005135;B0037754;PL006;Method;Method
D0000691;B0041729;PL001;Method;Method
D0000966;B0057800;PL001;Method;Method
D0001133;B0027704;PL001;Method;Method
D0001870;B0005428;PL001;Method;Method
D0002388;B0067064;PL001;Method;Method
D0004352;B0010746;PL001;Method;Method
D0005589;B0060381;PL001;Method;Method
D0005972;B0063194;PL001;Method;Method
D0005737;B0056157;PL003;Method;Method
D0000185;B0043054;PL009;Method;Method
D0001083;B0025390;PL009;Method;Method
D0001260;B0018634;PL009;Method;Method
D0002944;B0067680;PL009;Method;Method
D0001597;B0060277;PL009;Method;Method
D0004456;B0029591;PL009;Method;Method
D0000072;B0003160;PL001;Method;Method
D0000608;B0066235;PL001;Method;Method
D0005090;B0052725;PL001;Method;Method
D0001412;B0042357;PL001;Method;Method
D0003163;B0017847;PL009;Method;Method
D0000849;B0024531;PL001;Method;Method
D0001782;B0010629;PL009;Method;Method
D0002078;B0014719;PL001;Method;Method
D0002153;B0038173;PL009;Method;Method
D0003388;B0031593;PL009;Method;Method
D0003421;B0011436;PL009;Method;Method
D0003550;B0007135;PL001;Method;Method
D0003755;B0063772;PL001;Method;Method
D0004311;B0040138;PL001;Method;Method
D0004433;B0074204;PL001;Method;Method
D0005466;B0066877;PL009;Method;Method
D0000175;B0073148;PL001;Method;Method
D0002470;B0026357;PL001;Method;Method
D0002550;B0074435;PL001;Method;Method
D0002615;B0012346;PL001;Method;Method
D0003732;B0073586;PL008;Method;Method
D0004176;B0030698;PL008;Method;Method
D0005050;B0037296;PL008;Method;Method
D0000069;B0022489;PL009;Method;Method
D0001465;B0074651;PL001;Method;Method
D0001512;B0033932;PL008;Method;Method
D0002733;B0004492;PL001;Method;Method
D0003409;B0028408;PL008;Method;Method
D0005015;B0023518;PL008;Method;Method
D0005343;B0041731;PL009;Method;Method
D0005435;B0038345;PL001;Method;Method
D0005559;B0041047;PL001;Method;Method
D0005588;B0041472;PL009;Method;Method
D0001585;B0002975;PL009;Method;Method
D0003157;B0035245;PL001;Method;Method
D0001039;B0039628;PL005;Method;Method
D0001869;B0052933;PL008;Method;Method
D0001953;B0015204;PL005;Method;Method
D0003871;B0074000;PL006;Method;Method
D0004118;B0074811;PL005;Method;Method
D0005005;B0065506;PL008;Method;Method
D0005199;B0051778;PL006;Method;Method
D0005804;B0072977;PL002;Method;Method
D0005874;B0026805;PL008;Method;Method
D0005756;B0035741;PL001;Method;Method
D0004652;B0067905;PL009;Method;Method
D0002172;B0041770;PL003;Method;Method
D0003408;B0014653;PL005;Method;Method
D0004896;B0046947;PL002;Method;Method
D0004454;B0006978;PL009;Method;Method
D0000199;B0021282;PL001;Method;Method
D0002190;B0056099;PL009;Method;Method
D0002815;B0013787;PL009;Method;Method
D0005785;B0023930;PL003;Method;Method
D0000291;B0051810;PL001;Method;Method
D0001094;B0047331;PL001;Method;Method
D0001882;B0044563;PL001;Method;Method
D0001081;B0034336;PL001;Method;Method
D0001562;B0060990;PL001;Method;Method
D0003142;B0012287;PL001;Method;Method
D0004903;B0061522;PL009;Method;Method
D0000851;B0058304;PL009;Method;Method
D0000925;B0074196;PL009;Method;Method
D0004581;B0037120;PL001;Method;Method
D0001369;B0002692;PL009;Method;Method
D0001842;B0048643;PL001;Method;Method
D0002118;B0040828;PL001;Method;Method
D0002644;B0020643;PL001;Method;Method
D0001162;B0073264;PL001;Method;Method
D0003939;B0016441;PL001;Method;Method
D0005967;B0022087;PL001;Method;Method
D0005467;B0064807;PL009;Method;Method
D0000901;B0054968;PL001;Method;Method
D0005409;B0044057;PL009;Method;Method
D0000555;B0050805;PL009;Method;Method
D0001539;B0002705;PL009;Method;Method
D0001781;B0038951;PL001;Method;Method
D0005548;B0063011;PL008;Method;Method
D0004132;B0049407;PL008;Method;Method
D0001550;B0074346;PL009;Man;Environment
D0003239;B0029101;PL008;Man;Environment
D0004023;B0035503;PL006;Man;Environment
D0004140;B0003380;PL005;Man;Environment
D0004158;B0019189;PL007;Man;Environment
D0001233;B0024342;PL003;Man;Environment
D0001644;B0005614;PL003;Man;Environment
D0001764;B0060580;PL005;Man;Environment
D0002773;B0067125;PL004;Man;Environment
D0004295;B0008379;PL009;Man;Environment
D0004449;B0059823;PL005;Man;Environment
D0004678;B0039127;PL003;Man;Environment
D0000058;B0030957;PL007;Man;Environment
D0000308;B0066453;PL005;Man;Environment
D0000353;B0017252;PL006;Man;Environment
D0000684;B0010636;PL002;Man;Environment
D0001125;B0012295;PL003;Man;Environment
D0001198;B0014953;PL007;Man;Environment
D0001979;B0074871;PL010;Man;Environment
D0002909;B0037210;PL004;Man;Environment
D0003458;B0013710;PL005;Man;Environment
D0003654;B0035204;PL006;Man;Environment
D0004356;B0021664;PL007;Man;Environment
D0004787;B0014924;PL005;Man;Environment
D0004894;B0028036;PL010;Man;Environment
D0005000;B0067786;PL004;Man;Environment
D0005019;B0058326;PL003;Man;Environment
D0005350;B0004925;PL003;Man;Environment
D0005354;B0074877;PL008;Man;Environment
D0005405;B0057710;PL003;Man;Environment
D0005726;B0073020;PL005;Man;Environment
D0005796;B0039260;PL004;Man;Environment
D0000028;B0068274;PL005;Man;Environment
D0001030;B0003383;PL009;Man;Environment
D0001531;B0044912;PL006;Man;Environment
D0001655;B0043852;PL005;Man;Environment
D0002780;B0013437;PL003;Man;Environment
D0002868;B0020849;PL003;Man;Environment
D0003087;B0051887;PL008;Man;Environment
D0003661;B0033740;PL002;Man;Environment
D0004608;B0065771;PL003;Man;Environment
D0005057;B0074659;PL003;Man;Environment
D0005156;B0029115;PL004;Man;Environment
D0005257;B0043654;PL010;Man;Environment
D0005327;B0026551;PL002;Man;Environment
D0005773;B0007675;PL010;Man;Environment
D0000074;B0020798;PL010;Man;Environment
D0000501;B0009482;PL002;Man;Environment
D0000776;B0002971;PL002;Man;Environment
D0001182;B0068917;PL005;Man;Environment
D0001390;B0016407;PL009;Man;Environment
D0001771;B0029990;PL002;Man;Environment
D0001978;B0049336;PL010;Man;Environment
D0002075;B0011213;PL010;Man;Environment
D0002108;B0016846;PL010;Man;Environment
D0002197;B0041411;PL003;Man;Environment
D0002629;B0014754;PL008;Man;Environment
D0003092;B0019637;PL010;Man;Environment
D0004686;B0056312;PL002;Man;Environment
D0004716;B0068307;PL008;Man;Environment
D0005211;B0072570;PL006;Man;Environment
D0005960;B0002656;PL002;Man;Environment
D0000034;B0021943;PL005;Man;Environment
D0000062;B0068691;PL007;Man;Environment
D0000202;B0024728;PL002;Man;Environment
D0000237;B0045583;PL003;Man;Environment
D0000248;B0046720;PL007;Man;Environment
D0000971;B0031257;PL008;Man;Environment
D0000972;B0001029;PL005;Man;Environment
D0001001;B0012251;PL010;Man;Environment
D0001527;B0032895;PL002;Man;Environment
D0001686;B0026868;PL002;Man;Environment
D0001694;B0057506;PL008;Man;Environment
D0001831;B0028375;PL003;Man;Environment
D0001888;B0013050;PL008;Man;Environment
D0002162;B0036833;PL008;Man;Environment
D0002174;B0014443;PL003;Man;Environment
D0002402;B0035921;PL006;Man;Environment
D0002606;B0047750;PL006;Man;Environment
D0002837;B0068269;PL005;Man;Environment
D0002880;B0012361;PL005;Man;Environment
D0002968;B0008806;PL002;Man;Environment
D0003042;B0030648;PL003;Man;Environment
D0003149;B0045912;PL008;Man;Environment
D0003484;B0027737;PL005;Man;Environment
D0003645;B0005152;PL002;Man;Environment
D0003952;B0047996;PL002;Man;Environment
D0003988;B0047026;PL006;Man;Environment
D0004031;B0020582;PL005;Man;Environment
D0004170;B0020057;PL006;Man;Environment
D0004324;B0015981;PL005;Man;Environment
D0004522;B0011171;PL006;Man;Environment
D0005222;B0048959;PL002;Man;Environment
D0005300;B0032342;PL003;Man;Environment
D0005488;B0024615;PL010;Man;Environment
D0005538;B0064575;PL005;Man;Environment
D0005703;B0050707;PL008;Man;Environment
D0005715;B0066101;PL003;Man;Environment
D0005956;B0055078;PL002;Man;Environment
D0005968;B0002965;PL002;Man;Environment
D0000262;B0008114;PL009;Man;Environment
D0001806;B0056874;PL009;Man;Environment
D0002147;B0015862;PL010;Man;Environment
D0002217;B0023734;PL010;Man;Environment
D0002639;B0028506;PL009;Man;Environment
D0002829;B0045251;PL008;Man;Environment
D0003368;B0012850;PL002;Man;Environment
D0003614;B0013006;PL006;Man;Environment
D0003799;B0035538;PL006;Man;Environment
D0004112;B0065401;PL005;Man;Environment
D0004757;B0058271;PL001;Man;Environment
D0005149;B0050077;PL006;Man;Environment
D0005161;B0073085;PL008;Man;Environment
D0005526;B0040460;PL003;Man;Environment
D0003806;B0014345;PL004;Man;Environment
D0002916;B0008064;PL005;Man;Environment
D0003690;B0069736;PL003;Man;Environment
D0005652;B0001723;PL008;Man;Environment
D0005786;B0056115;PL010;Man;Environment
D0000192;B0018527;PL005;Man;Environment
D0000679;B0033561;PL002;Man;Environment
D0001298;B0034903;PL007;Man;Environment
D0002610;B0020476;PL009;Man;Environment
D0002691;B0031076;PL002;Man;Environment
D0003061;B0044177;PL002;Man;Environment
D0003291;B0065782;PL009;Man;Environment
D0005465;B0058651;PL003;Man;Environment
D0001248;B0056065;PL002;Man;Environment
D0001643;B0066041;PL004;Man;Environment
D0002426;B0003236;PL008;Man;Environment
D0002794;B0024500;PL005;Man;Environment
D0002887;B0002229;PL006;Man;Environment
D0004184;B0047959;PL003;Man;Environment
D0004443;B0011867;PL007;Man;Environment
D0004837;B0008975;PL002;Man;Environment
D0004960;B0071481;PL010;Man;Environment
D0005079;B0009493;PL007;Man;Environment
D0005591;B0070340;PL008;Man;Environment
D0005707;B0053738;PL004;Man;Environment
D0005768;B0035298;PL007;Man;Environment
D0005780;B0067186;PL002;Man;Environment
D0004764;B0014794;PL007;Man;Environment
D0005247;B0007226;PL007;Man;Environment
D0001707;B0007968;PL003;Man;Environment
D0000894;B0006515;PL004;Man;Environment
D0005454;B0054359;PL002;Man;Environment
D0000688;B0055902;PL004;Man;Environment
D0004204;B0060645;PL010;Man;Environment
D0005066;B0066177;PL010;Man;Environment
D0005849;B0042895;PL007;Man;Environment
D0000476;B0014331;PL003;Man;Environment
D0001497;B0058727;PL004;Man;Environment
D0002706;B0052961;PL005;Man;Environment
D0004997;B0022153;PL002;Man;Environment
D0005895;B0000720;PL005;Man;Environment
D0005909;B0039761;PL005;Man;Environment
D0003963;B0072671;PL010;Man;Environment
D0004148;B0022549;PL002;Man;Environment
D0005001;B0003556;PL009;Man;Environment
D0005847;B0071123;PL006;Man;Environment
D0000728;B0026901;PL010;Man;Environment
D0001289;B0042354;PL003;Man;Environment
D0000294;B0052975;PL006;Man;Environment
D0000845;B0007996;PL010;Man;Environment
D0001579;B0046772;PL003;Man;Environment
D0003207;B0016072;PL005;Man;Environment
D0005419;B0035843;PL010;Man;Environment
D0005546;B0017488;PL004;Man;Environment
D0000016;B0015046;PL004;Man;Environment
D0001743;B0024450;PL003;Man;Environment
D0001851;B0033428;PL002;Man;Environment
D0002428;B0065694;PL004;Man;Environment
D0002571;B0036815;PL005;Man;Environment
D0003707;B0037295;PL002;Man;Environment
D0000973;B0012968;PL006;Man;Environment
D0001229;B0029895;PL004;Man;Environment
D0004698;B0006719;PL003;Man;Environment
D0001319;B0070184;PL010;Man;Environment
D0003211;B0015780;PL005;Man;Environment
D0003412;B0005862;PL003;Man;Environment
D0005009;B0010030;PL005;Man;Environment
D0002989;B0051302;PL004;Man;Environment
D0003312;B0024527;PL002;Man;Environment
D0004346;B0003769;PL008;Man;Environment
D0005238;B0006983;PL010;Man;Environment
D0005351;B0062027;PL008;Man;Environment
D0001463;B0071419;PL008;Man;Environment
D0002956;B0018576;PL004;Man;Environment
D0004209;B0006733;PL009;Man;Environment
D0005054;B0063039;PL007;Man;Environment
D0005514;B0037900;PL008;Man;Environment
D0002839;B0040480;PL006;Man;Environment
D0004831;B0059370;PL005;Man;Environment
D0005513;B0018408;PL006;Man;Environment
D0001819;B0063969;PL003;Man;Environment
D0002507;B0057296;PL005;Man;Environment
D0003539;B0058162;PL002;Man;Environment
D0000428;B0017081;PL001;Man;Environment
D0000638;B0067887;PL005;Man;Environment
D0001018;B0005110;PL003;Man;Environment
D0004208;B0061442;PL007;Man;Environment
D0004595;B0014054;PL003;Man;Environment
D0005905;B0000952;PL007;Man;Environment
D0000570;B0041828;PL003;Man;Environment
D0003592;B0009431;PL005;Man;Environment
D0004730;B0041732;PL003;Man;Environment
D0000320;B0035341;PL009;Material;Environment
D0001982;B0072213;PL009;Material;Environment
D0004521;B0027049;PL001;Material;Environment
D0000229;B0056249;PL009;Material;Environment
D0001399;B0035222;PL009;Material;Environment
D0002130;B0057512;PL009;Material;Environment
D0002925;B0022759;PL009;Material;Environment
D0003847;B0043103;PL001;Material;Environment
D0001799;B0049038;PL009;Material;Environment
D0003184;B0071129;PL001;Material;Environment
D0003464;B0038627;PL009;Material;Environment
D0003689;B0030532;PL001;Material;Environment
D0003802;B0017235;PL001;Material;Environment
D0005641;B0026030;PL001;Material;Environment
D0005862;B0009015;PL009;Material;Environment
D0002046;B0037969;PL001;Material;Environment
D0002279;B0061356;PL009;Material;Environment
D0003278;B0012581;PL009;Material;Environment
D0004034;B0073422;PL009;Material;Environment
D0004275;B0045075;PL009;Material;Environment
D0002411;B0038448;PL001;Material;Environment
D0002769;B0051782;PL009;Material;Environment
D0003237;B0062492;PL009;Material;Environment
D0003327;B0018754;PL009;Material;Environment
D0004615;B0033171;PL009;Material;Environment
D0005853;B0000083;PL001;Material;Environment
D0000238;B0011803;PL001;Material;Environment
D0000423;B0071268;PL001;Material;Environment
D0001419;B0058298;PL001;Material;Environment
D0005654;B0041648;PL001;Material;Environment
D0000052;B0046574;PL009;Material;Environment
D0001318;B0002114;PL001;Material;Environment
D0002069;B0024285;PL009;Material;Environment
D0002596;B0020749;PL001;Material;Environment
D0000948;B0043192;PL009;Material;Environment
D0002896;B0052407;PL009;Material;Environment
D0002274;B0031084;PL009;Material;Environment
D0000709;B0009605;PL001;Material;Environment
D0004679;B0002621;PL001;Material;Environment
D0000446;B0004376;PL009;Material;Environment
D0002457;B0049883;PL009;Material;Environment
D0005295;B0022392;PL009;Material;Environment
D0005693;B0035107;PL009;Material;Environment
D0002366;B0025474;PL009;Material;Environment
D0004995;B0017042;PL006;Material;Environment
D0000645;B0044378;PL006;Material;Environment
D0002965;B0053085;PL006;Material;Environment
D0000103;B0007983;PL006;Material;Environment
D0000606;B0055090;PL006;Material;Environment
D0001759;B0039964;PL006;Material;Environment
D0002967;B0061365;PL006;Material;Environment
D0003091;B0073760;PL006;Material;Environment
D0003373;B0060861;PL006;Material;Environment
D0003470;B0051718;PL006;Material;Environment
D0003559;B0027405;PL006;Material;Environment
D0003807;B0038387;PL006;Material;Environment
D0005043;B0063033;PL006;Material;Environment
D0005157;B0031131;PL006;Material;Environment
D0005451;B0032162;PL006;Material;Environment
D0004801;B0005453;PL006;Material;Environment
D0003083;B0027117;PL006;Material;Environment
D0003221;B0023795;PL006;Material;Environment
D0003328;B0013392;PL006;Material;Environment
D0000733;B0038151;PL006;Material;Environment
D0000666;B0006006;PL006;Material;Environment
D0000267;B0008055;PL006;Material;Environment
D0000132;B0031821;PL006;Material;Environment
D0004392;B0049222;PL006;Material;Environment
D0000128;B0058794;PL006;Material;Environment
D0003141;B0072630;PL006;Material;Environment
D0004888;B0022999;PL006;Material;Environment
D0004869;B0020147;PL006;Material;Environment
D0000618;B0045590;PL006;Material;Environment
D0003027;B0036117;PL006;Material;Environment
D0001997;B0027469;PL006;Material;Environment
D0001629;B0035007;PL006;Material;Environment
D0004963;B0050972;PL010;Material;Environment
D0001150;B0020663;PL010;Material;Environment
D0000430;B0003363;PL010;Material;Environment
D0000770;B0024522;PL010;Material;Environment
D0002434;B0013160;PL010;Material;Environment
D0003258;B0040886;PL010;Material;Environment
D0003294;B0027390;PL010;Material;Environment
D0004439;B0065590;PL010;Material;Environment
D0004567;B0020719;PL010;Material;Environment
D0000023;B0065309;PL010;Material;Environment
D0000362;B0039654;PL010;Material;Environment
D0000998;B0055025;PL010;Material;Environment
D0002788;B0036137;PL010;Material;Environment
D0002850;B0035822;PL010;Material;Environment
D0004895;B0021442;PL010;Material;Environment
D0005923;B0048993;PL010;Material;Environment
D0001103;B0045725;PL010;Material;Environment
D0004093;B0058284;PL010;Material;Environment
D0004168;B0000231;PL010;Material;Environment
D0004742;B0007175;PL010;Material;Environment
D0005508;B0031158;PL010;Material;Environment
D0000194;B0024106;PL010;Material;Environment
D0001084;B0063455;PL010;Material;Environment
D0001253;B0037411;PL010;Material;Environment
D0004335;B0043227;PL010;Material;Environment
D0005897;B0051388;PL010;Material;Environment
D0004741;B0072963;PL010;Material;Environment
D0000762;B0050600;PL010;Material;Environment
D0003292;B0006068;PL010;Material;Environment
D0003921;B0006101;PL010;Material;Environment
D0004131;B0046556;PL010;Material;Environment
D0003581;B0040268;PL010;Material;Environment
D0000425;B0036424;PL010;Material;Environment
D0002328;B0070611;PL010;Material;Environment
D0000173;B0033514;PL010;Material;Environment
D0002665;B0049510;PL010;Material;Environment
D0005955;B0014864;PL010;Material;Environment
D0002027;B0067516;PL010;Material;Environment
D0002834;B0051163;PL010;Material;Environment
D0005459;B0072928;PL007;Material;Environment
D0005770;B0072916;PL007;Material;Environment
D0001254;B0060156;PL007;Material;Environment
D0001329;B0038993;PL007;Material;Environment
D0002882;B0067200;PL007;Material;Environment
D0004395;B0043940;PL007;Material;Environment
D0003882;B0053444;PL007;Material;Environment
D0004656;B0071052;PL007;Material;Environment
D0005809;B0039965;PL007;Material;Environment
D0005991;B0018069;PL007;Material;Environment
D0002101;B0066566;PL007;Material;Environment
D0003616;B0039460;PL007;Material;Environment
D0003987;B0046979;PL007;Material;Environment
D0004129;B0038153;PL007;Material;Environment
D0005048;B0005503;PL007;Material;Environment
D0005582;B0070049;PL007;Material;Environment
D0000127;B0031534;PL007;Material;Environment
D0001535;B0014941;PL007;Material;Environment
D0001265;B0000057;PL007;Material;Environment
D0001725;B0006577;PL007;Material;Environment
D0000296;B0027120;PL007;Material;Environment
D0001501;B0019859;PL007;Material;Environment
D0001986;B0071934;PL007;Material;Environment
D0002995;B0043299;PL007;Material;Environment
D0000158;B0042655;PL007;Material;Environment
D0001559;B0016476;PL007;Material;Environment
D0005637;B0020783;PL007;Material;Environment
D0000668;B0039083;PL007;Material;Environment
D0000547;B0041385;PL007;Material;Environment
D0002157;B0002902;PL007;Material;Environment
D0002574;B0020194;PL007;Material;Environment
D0003596;B0007546;PL007;Material;Environment
D0004966;B0029430;PL007;Material;Environment
D0003044;B0013720;PL007;Material;Environment
D0005563;B0057660;PL007;Material;Environment
D0002547;B0000069;PL007;Material;Environment
D0004658;B0034358;PL007;Material;Environment
D0005426;B0049661;PL007;Material;Environment
D0003573;B0029124;PL007;Material;Environment
D0000805;B0056603;PL005;Material;Environment
D0003001;B0059129;PL005;Material;Environment
D0004477;B0035914;PL005;Material;Environment
D0000714;B0041404;PL005;Material;Environment
D0002400;B0073231;PL005;Material;Environment
D0004200;B0021276;PL005;Material;Environment
D0004618;B0011341;PL005;Material;Environment
D0000397;B0074455;PL005;Material;Environment
D0001243;B0034020;PL005;Material;Environment
D0001411;B0038549;PL005;Material;Environment
D0002169;B0026317;PL005;Material;Environment
D0002577;B0027871;PL005;Material;Environment
D0002895;B0017989;PL005;Material;Environment
D0003186;B0043351;PL005;Material;Environment
D0004286;B0064268;PL005;Material;Environment
D0004865;B0013665;PL005;Material;Environment
D0005026;B0057689;PL005;Material;Environment
D0005502;B0036863;PL005;Material;Environment
D0005762;B0001392;PL005;Material;Environment
D0001149;B0019319;PL005;Material;Environment
D0003521;B0025085;PL005;Material;Environment
D0005167;B0005918;PL005;Material;Environment
D0005088;B0050233;PL005;Material;Environment
D0000195;B0006979;PL005;Material;Environment
D0000758;B0039551;PL005;Material;Environment
D0002135;B0011956;PL005;Material;Environment
D0004164;B0059576;PL005;Material;Environment
D0004045;B0074158;PL005;Material;Environment
D0005608;B0067412;PL005;Material;Environment
D0005807;B0031826;PL005;Material;Environment
D0001967;B0003095;PL005;Material;Environment
D0004474;B0038919;PL005;Material;Environment
D0005871;B0004088;PL005;Material;Environment
D0001315;B0029650;PL005;Material;Environment
D0004049;B0019132;PL005;Material;Environment
D0004438;B0013237;PL005;Material;Environment
D0000856;B0049040;PL005;Material;Environment
D0000379;B0027964;PL005;Material;Environment
D0003569;B0027723;PL005;Material;Environment
D0003719;B0074897;PL005;Material;Environment
D0005232;B0015927;PL005;Material;Environment
D0002011;B0049725;PL008;Material;Environment
D0002066;B0073582;PL008;Material;Environment
D0002708;B0042172;PL008;Material;Environment
D0000436;B0056864;PL008;Material;Environment
D0001227;B0051289;PL008;Material;Environment
D0004925;B0066884;PL008;Material;Environment
D0005185;B0065259;PL008;Material;Environment
D0000902;B0051472;PL008;Material;Environment
D0003598;B0006377;PL008;Material;Environment
D0004054;B0042126;PL008;Material;Environment
D0005877;B0011827;PL008;Material;Environment
D0002714;B0020396;PL008;Material;Environment
D0003116;B0066532;PL008;Material;Environment
D0003314;B0031218;PL008;Material;Environment
D0003474;B0054021;PL008;Material;Environment
D0005936;B0060563;PL008;Material;Environment
D0000017;B0033731;PL008;Material;Environment
D0000323;B0062657;PL008;Material;Environment
D0000933;B0043857;PL008;Material;Environment
D0001108;B0008866;PL008;Material;Environment
D0002447;B0067482;PL008;Material;Environment
D0003231;B0044225;PL008;Material;Environment
D0000828;B0036690;PL008;Material;Environment
D0001019;B0027065;PL008;Material;Environment
D0003345;B0060238;PL008;Material;Environment
D0005311;B0011008;PL008;Material;Environment
D0000495;B0002389;PL008;Material;Environment
D0001928;B0022543;PL008;Material;Environment
D0005937;B0073894;PL008;Material;Environment
D0003203;B0069958;PL008;Material;Environment
D0000223;B0041353;PL008;Material;Environment
D0004400;B0074053;PL008;Material;Environment
D0004599;B0021811;PL008;Material;Environment
D0005805;B0060609;PL008;Material;Environment
D0005183;B0041985;PL008;Material;Environment
D0000646;B0035709;PL008;Material;Environment
D0004075;B0067983;PL008;Material;Environment
D0005298;B0031607;PL008;Material;Environment
D0005817;B0027362;PL008;Material;Environment
D0001433;B0051927;PL008;Material;Environment
D0002442;B0073262;PL008;Material;Environment
D0002605;B0040377;PL008;Material;Environment
D0000284;B0009991;PL004;Material;Environment
D0004653;B0002307;PL004;Material;Environment
D0000944;B0033394;PL004;Material;Environment
D0001911;B0036792;PL004;Material;Environment
D0003687;B0024937;PL004;Material;Environment
D0004169;B0025065;PL004;Material;Environment
D0004614;B0031816;PL004;Material;Environment
D0005626;B0033475;PL004;Material;Environment
D0001087;B0052348;PL004;Material;Environment
D0001543;B0019430;PL004;Material;Environment
D0003082;B0042206;PL004;Material;Environment
D0004862;B0028919;PL004;Material;Environment
D0000333;B0025411;PL004;Material;Environment
D0001996;B0055517;PL004;Material;Environment
D0002422;B0007726;PL004;Material;Environment
D0003818;B0036655;PL004;Material;Environment
D0005400;B0044792;PL004;Material;Environment
D0000258;B0000155;PL004;Material;Environment
D0000702;B0056620;PL004;Material;Environment
D0002623;B0060204;PL004;Material;Environment
D0003695;B0025614;PL004;Material;Environment
D0003779;B0073026;PL004;Material;Environment
D0004155;B0064873;PL004;Material;Environment
D0005230;B0029775;PL004;Material;Environment
D0005681;B0045594;PL004;Material;Environment
D0002467;B0028088;PL004;Material;Environment
D0003191;B0046423;PL004;Material;Environment
D0003282;B0024514;PL004;Material;Environment
D0004376;B0073470;PL004;Material;Environment
D0000241;B0005721;PL004;Material;Environment
D0000697;B0038468;PL004;Material;Environment
D0003405;B0068357;PL004;Material;Environment
D0005496;B0023391;PL004;Material;Environment
D0001444;B0059218;PL004;Material;Environment
D0001917;B0012776;PL004;Material;Environment
D0003414;B0050874;PL004;Material;Environment
D0001064;B0033379;PL004;Material;Environment
D0002749;B0005174;PL004;Material;Environment
D0003427;B0010840;PL004;Material;Environment
D0005068;B0026444;PL004;Material;Environment
D0001216;B0049917;PL004;Material;Environment
D0003554;B0039321;PL004;Material;Environment
D0004916;B0060621;PL004;Material;Environment
D0003611;B0011728;PL004;Material;Environment
D0003953;B0048955;PL004;Material;Environment
D0005353;B0064788;PL004;Material;Environment
D0004157;B0071240;PL004;Material;Environment
D0000844;B0051716;PL004;Material;Environment
D0000215;B0021246;PL004;Material;Environment
D0004231;B0023550;PL004;Material;Environment
D0005223;B0016304;PL004;Material;Environment
D0001114;B0004424;PL004;Material;Environment
D0001274;B0036478;PL004;Material;Environment
D0004919;B0014143;PL004;Material;Environment
D0000090;B0047751;PL004;Material;Environment
D0004096;B0070718;PL004;Material;Environment
D0004634;B0059435;PL004;Material;Environment
D0002093;B0031871;PL004;Material;Environment
D0004008;B0060864;PL004;Material;Environment
D0001747;B0041122;PL002;Material;Environment
D0004425;B0060140;PL002;Material;Environment
D0005706;B0014812;PL002;Material;Environment
D0000824;B0072251;PL002;Material;Environment
D0002189;B0007585;PL002;Material;Environment
D0002405;B0069207;PL002;Material;Environment
D0003037;B0052836;PL002;Material;Environment
D0004004;B0041899;PL002;Material;Environment
D0005697;B0007416;PL002;Material;Environment
D0000712;B0073204;PL002;Material;Environment
D0001111;B0051561;PL002;Material;Environment
D0001197;B0060649;PL002;Material;Environment
D0002553;B0009684;PL002;Material;Environment
D0002715;B0046793;PL002;Material;Environment
D0005053;B0024321;PL002;Material;Environment
D0005235;B0065934;PL002;Material;Environment
D0000085;B0059674;PL002;Material;Environment
D0000695;B0060418;PL002;Material;Environment
D0000956;B0041807;PL002;Material;Environment
D0001240;B0043348;PL002;Material;Environment
D0005841;B0039134;PL002;Material;Environment
D0000029;B0035530;PL002;Material;Environment
D0000134;B0020106;PL002;Material;Environment
D0000551;B0047966;PL002;Material;Environment
D0001344;B0052569;PL002;Material;Environment
D0001718;B0027075;PL002;Material;Environment
D0002026;B0043812;PL002;Material;Environment
D0002326;B0057410;PL002;Material;Environment
D0004185;B0057601;PL002;Material;Environment
D0004434;B0060564;PL002;Material;Environment
D0004872;B0055373;PL002;Material;Environment
D0005309;B0058037;PL002;Material;Environment
D0005618;B0046361;PL002;Material;Environment
D0005816;B0072184;PL002;Material;Environment
D0001733;B0072554;PL002;Material;Environment
D0002070;B0050189;PL002;Material;Environment
D0003826;B0060487;PL002;Material;Environment
D0004550;B0042485;PL002;Material;Environment
D0004907;B0073235;PL002;Material;Environment
D0001677;B0020570;PL002;Material;Environment
D0003547;B0055058;PL002;Material;Environment
D0004381;B0050295;PL002;Material;Environment
D0005884;B0067197;PL002;Material;Environment
D0002280;B0060905;PL002;Material;Environment
D0002838;B0042436;PL002;Material;Environment
D0000963;B0011950;PL002;Material;Environment
D0001331;B0009280;PL002;Material;Environment
D0004899;B0053166;PL002;Material;Environment
D0005646;B0012904;PL002;Material;Environment
D0005787;B0024343;PL002;Material;Environment
D0004633;B0070246;PL002;Material;Environment
D0004627;B0038326;PL002;Material;Environment
D0003889;B0037687;PL002;Material;Environment
D0003145;B0025534;PL002;Material;Environment
D0002386;B0039892;PL002;Material;Environment
D0004685;B0001390;PL002;Material;Environment
D0004781;B0054543;PL002;Material;Environment
D0001678;B0036856;PL002;Material;Environment
D0004917;B0000662;PL002;Material;Environment
D0005532;B0007481;PL002;Material;Environment
D0005661;B0071747;PL002;Material;Environment
D0000947;B0072042;PL002;Material;Environment
D0001637;B0044159;PL002;Material;Environment
D0002247;B0044532;PL002;Material;Environment
D0003216;B0027517;PL002;Material;Environment
D0005447;B0011226;PL002;Material;Environment
D0000731;B0043986;PL003;Material;Environment
D0000044;B0020865;PL003;Material;Environment
D0000855;B0042559;PL003;Material;Environment
D0001299;B0052349;PL003;Material;Environment
D0001540;B0043542;PL003;Material;Environment
D0001890;B0040974;PL003;Material;Environment
D0002743;B0064587;PL003;Material;Environment
D0003225;B0026445;PL003;Material;Environment
D0003981;B0056364;PL003;Material;Environment
D0004412;B0029330;PL003;Material;Environment
D0004582;B0008588;PL003;Material;Environment
D0000115;B0024383;PL003;Material;Environment
D0002053;B0014011;PL003;Material;Environment
D0002460;B0073419;PL003;Material;Environment
D0002996;B0059642;PL003;Material;Environment
D0004076;B0009161;PL003;Material;Environment
D0004276;B0030327;PL003;Material;Environment
D0004455;B0030759;PL003;Material;Environment
D0004762;B0012192;PL003;Material;Environment
D0005368;B0028194;PL003;Material;Environment
D0000487;B0071300;PL003;Material;Environment
D0000795;B0007877;PL003;Material;Environment
D0001969;B0011972;PL003;Material;Environment
D0003619;B0046981;PL003;Material;Environment
D0004360;B0027761;PL003;Material;Environment
D0001008;B0071282;PL003;Material;Environment
D0002831;B0068900;PL003;Material;Environment
D0003506;B0013072;PL003;Material;Environment
D0003607;B0062205;PL003;Material;Environment
D0003903;B0008152;PL003;Material;Environment
D0005240;B0035227;PL003;Material;Environment
D0005799;B0028243;PL003;Material;Environment
D0005854;B0016759;PL003;Material;Environment
D0001521;B0048388;PL003;Material;Environment
D0001717;B0029983;PL003;Material;Environment
D0001812;B0056028;PL003;Material;Environment
D0002030;B0051643;PL003;Material;Environment
D0002650;B0052068;PL003;Material;Environment
D0002754;B0008099;PL003;Material;Environment
D0003156;B0038749;PL003;Material;Environment
D0003803;B0001231;PL003;Material;Environment
D0004228;B0068085;PL003;Material;Environment
D0004959;B0023147;PL003;Material;Environment
D0005552;B0032157;PL003;Material;Environment
D0002142;B0009498;PL003;Material;Environment
D0003774;B0018628;PL003;Material;Environment
D0004420;B0072670;PL003;Material;Environment
D0005169;B0056614;PL003;Material;Environment
D0005482;B0028001;PL003;Material;Environment
D0000484;B0001933;PL003;Material;Environment
D0002700;B0058186;PL003;Material;Environment
D0003236;B0043726;PL003;Material;Environment
D0001023;B0044991;PL003;Material;Environment
D0001722;B0012022;PL003;Material;Environment
D0000641;B0071510;PL003;Material;Environment
D0003096;B0057447;PL003;Material;Environment
D0000420;B0053227;PL003;Material;Environment
D0001062;B0071944;PL003;Material;Environment
D0004463;B0008565;PL003;Material;Environment
D0005338;B0026281;PL003;Material;Environment
D0002410;B0042595;PL003;Material;Environment
D0003064;B0041222;PL003;Material;Environment
D0003100;B0034950;PL003;Material;Environment
D0003845;B0007828;PL003;Material;Environment
D0003909;B0047674;PL003;Material;Environment
D0003926;B0020770;PL003;Material;Environment
D0003933;B0052415;PL003;Material;Environment
D0004981;B0044381;PL003;Material;Environment
D0005069;B0055878;PL003;Material;Environment
D0001599;B0007310;PL003;Material;Environment
D0000411;B0017053;PL003;Material;Environment
D0002558;B0038155;PL003;Material;Environment
D0004900;B0012574;PL003;Material;Environment
D0001525;B0043179;PL003;Material;Environment
D0005067;B0001138;PL003;Material;Environment
D0001098;B0056255;PL003;Material;Environment
D0004000;B0016951;PL003;Material;Environment
D0002121;B0057811;PL003;Material;Environment
D0002425;B0007387;PL003;Material;Environment
D0001297;B0033010;PL003;Material;Environment
D0002451;B0028087;PL003;Material;Environment
D0004383;B0071808;PL003;Material;Environment
D0004263;B0023399;PL003;Material;Environment
D0002980;B0035619;PL003;Material;Environment
D0001602;B0027029;PL003;Material;Environment
D0003426;B0050373;PL003;Material;Environment
D0002705;B0036038;PL003;Machine;Environment
D0004573;B0028110;PL003;Machine;Environment
D0004889;B0032998;PL003;Machine;Environment
D0005628;B0009855;PL003;Machine;Environment
D0001620;B0029413;PL003;Machine;Environment
D0002762;B0021933;PL003;Machine;Environment
D0003361;B0055099;PL003;Machine;Environment
D0003531;B0029863;PL003;Machine;Environment
D0003724;B0053630;PL003;Machine;Environment
D0003756;B0059973;PL003;Machine;Environment
D0000143;B0013574;PL003;Machine;Environment
D0000345;B0017484;PL003;Machine;Environment
D0000995;B0074787;PL003;Machine;Environment
D0001165;B0071321;PL003;Machine;Environment
D0001681;B0036029;PL003;Machine;Environment
D0003960;B0060742;PL003;Machine;Environment
D0004808;B0006530;PL003;Machine;Environment
D0000339;B0026145;PL003;Machine;Environment
D0000535;B0001653;PL003;Machine;Environment
D0000738;B0046684;PL003;Machine;Environment
D0002143;B0064153;PL003;Machine;Environment
D0002934;B0068243;PL003;Machine;Environment
D0003738;B0025861;PL003;Machine;Environment
D0003783;B0059159;PL003;Machine;Environment
D0004492;B0004824;PL003;Machine;Environment
D0004802;B0038451;PL003;Machine;Environment
D0004823;B0045625;PL003;Machine;Environment
D0000247;B0026595;PL003;Machine;Environment
D0000517;B0056492;PL003;Machine;Environment
D0000981;B0069347;PL003;Machine;Environment
D0002210;B0048131;PL003;Machine;Environment
D0002227;B0040864;PL003;Machine;Environment
D0003829;B0055669;PL003;Machine;Environment
D0004543;B0034357;PL003;Machine;Environment
D0005929;B0023060;PL003;Machine;Environment
D0000269;B0056203;PL003;Machine;Environment
D0000416;B0072780;PL003;Machine;Environment
D0000808;B0071961;PL003;Machine;Environment
D0000874;B0051377;PL003;Machine;Environment
D0000897;B0070600;PL003;Machine;Environment
D0001020;B0011558;PL003;Machine;Environment
D0001126;B0021112;PL003;Machine;Environment
D0001143;B0023627;PL003;Machine;Environment
D0001336;B0051839;PL003;Machine;Environment
D0001518;B0062529;PL003;Machine;Environment
D0002031;B0066103;PL003;Machine;Environment
D0002621;B0067543;PL003;Machine;Environment
D0002653;B0021391;PL003;Machine;Environment
D0002724;B0012513;PL003;Machine;Environment
D0002948;B0053356;PL003;Machine;Environment
D0003067;B0060173;PL003;Machine;Environment
D0003451;B0005448;PL003;Machine;Environment
D0003660;B0009039;PL003;Machine;Environment
D0004225;B0049716;PL003;Machine;Environment
D0004908;B0017064;PL003;Machine;Environment
D0005128;B0004386;PL003;Machine;Environment
D0005378;B0020491;PL003;Machine;Environment
D0005434;B0050695;PL003;Machine;Environment
D0005402;B0008723;PL003;Machine;Environment
D0005724;B0061409;PL003;Machine;Environment
D0000540;B0005471;PL003;Machine;Environment
D0003192;B0058505;PL003;Machine;Environment
D0003262;B0016617;PL003;Machine;Environment
D0005109;B0058375;PL003;Machine;Environment
D0000413;B0038862;PL003;Machine;Environment
D0004195;B0049721;PL003;Machine;Environment
D0001442;B0016303;PL003;Machine;Environment
D0003835;B0019723;PL003;Machine;Environment
D0002494;B0023530;PL003;Machine;Environment
D0003584;B0035810;PL003;Machine;Environment
D0005011;B0048383;PL003;Machine;Environment
D0001897;B0001689;PL003;Machine;Environment
D0003315;B0068652;PL003;Machine;Environment
D0004687;B0007039;PL003;Machine;Environment
D0004740;B0000543;PL003;Machine;Environment
D0005154;B0045407;PL003;Machine;Environment
D0005536;B0060921;PL003;Machine;Environment
D0005892;B0069589;PL003;Machine;Environment
D0000153;B0001766;PL003;Machine;Environment
D0000232;B0071848;PL003;Machine;Environment
D0002379;B0021798;PL003;Machine;Environment
D0002625;B0024706;PL003;Machine;Environment
D0003384;B0048155;PL003;Machine;Environment
D0003902;B0064949;PL003;Machine;Environment
D0005102;B0014092;PL003;Machine;Environment
D0005698;B0059801;PL003;Machine;Environment
D0005115;B0002841;PL003;Machine;Environment
D0000174;B0062616;PL003;Machine;Environment
D0002689;B0022373;PL003;Machine;Environment
D0001714;B0028180;PL003;Machine;Environment
D0004055;B0061060;PL003;Machine;Environment
D0002633;B0073564;PL003;Machine;Environment
D0002545;B0036648;PL003;Machine;Environment
D0004611;B0054970;PL003;Machine;Environment
D0000002;B0048561;PL003;Machine;Environment
D0003587;B0029270;PL003;Machine;Environment
D0003711;B0061634;PL003;Machine;Environment
D0000612;B0050968;PL003;Machine;Environment
D0003494;B0035322;PL003;Machine;Environment
D0003510;B0028392;PL003;Machine;Environment
D0004738;B0060159;PL003;Machine;Environment
D0002415;B0019309;PL003;Machine;Environment
D0001357;B0042575;PL003;Machine;Environment
D0002562;B0013652;PL003;Machine;Environment
D0002926;B0034462;PL003;Machine;Environment
D0004726;B0021058;PL003;Machine;Environment
D0005341;B0041525;PL003;Machine;Environment
D0000959;B0069558;PL003;Machine;Environment
D0003561;B0063138;PL003;Machine;Environment
D0004187;B0071670;PL003;Machine;Environment
D0004788;B0068323;PL003;Machine;Environment
D0000079;B0030918;PL003;Machine;Environment
D0000300;B0066922;PL003;Machine;Environment
D0000402;B0003291;PL003;Machine;Environment
D0002992;B0002272;PL003;Machine;Environment
D0001036;B0060044;PL002;Machine;Environment
D0002017;B0033219;PL002;Machine;Environment
D0000822;B0056188;PL002;Machine;Environment
D0001626;B0068865;PL002;Machine;Environment
D0002587;B0035082;PL002;Machine;Environment
D0003471;B0020257;PL002;Machine;Environment
D0003495;B0012532;PL002;Machine;Environment
D0003833;B0060138;PL002;Machine;Environment
D0004326;B0031403;PL002;Machine;Environment
D0004639;B0023183;PL002;Machine;Environment
D0005520;B0012852;PL002;Machine;Environment
D0005885;B0070987;PL002;Machine;Environment
D0001370;B0047166;PL002;Machine;Environment
D0002439;B0028917;PL002;Machine;Environment
D0003942;B0069691;PL002;Machine;Environment
D0004199;B0006551;PL002;Machine;Environment
D0004668;B0069707;PL002;Machine;Environment
D0005305;B0008766;PL002;Machine;Environment
D0001487;B0032689;PL002;Machine;Environment
D0003178;B0068498;PL002;Machine;Environment
D0003467;B0062458;PL002;Machine;Environment
D0003605;B0061930;PL002;Machine;Environment
D0004942;B0053465;PL002;Machine;Environment
D0005083;B0000298;PL002;Machine;Environment
D0005137;B0017314;PL002;Machine;Environment
D0005287;B0065654;PL002;Machine;Environment
D0005941;B0069780;PL002;Machine;Environment
D0000009;B0062579;PL002;Machine;Environment
D0000588;B0066610;PL002;Machine;Environment
D0000771;B0041154;PL002;Machine;Environment
D0001225;B0018376;PL002;Machine;Environment
D0001234;B0018853;PL002;Machine;Environment
D0002990;B0017638;PL002;Machine;Environment
D0003549;B0069109;PL002;Machine;Environment
D0003556;B0033381;PL002;Machine;Environment
D0003887;B0011984;PL002;Machine;Environment
D0004040;B0006423;PL002;Machine;Environment
D0004774;B0000213;PL002;Machine;Environment
D0005667;B0074007;PL002;Machine;Environment
D0003331;B0067451;PL002;Machine;Environment
D0005800;B0054991;PL002;Machine;Environment
D0000437;B0038062;PL002;Machine;Environment
D0001226;B0041137;PL002;Machine;Environment
D0001358;B0017639;PL002;Machine;Environment
D0001701;B0037672;PL002;Machine;Environment
D0003035;B0071363;PL002;Machine;Environment
D0003646;B0061999;PL002;Machine;Environment
D0004309;B0018391;PL002;Machine;Environment
D0002229;B0001659;PL002;Machine;Environment
D0002785;B0032565;PL002;Machine;Environment
D0004673;B0048582;PL002;Machine;Environment
D0005958;B0061039;PL002;Machine;Environment
D0000957;B0049936;PL002;Machine;Environment
D0003509;B0000250;PL002;Machine;Environment
D0003868;B0032057;PL002;Machine;Environment
D0002018;B0036880;PL002;Machine;Environment
D0002628;B0047870;PL002;Machine;Environment
D0003500;B0074867;PL002;Machine;Environment
D0004994;B0037880;PL002;Machine;Environment
D0005377;B0056371;PL002;Machine;Environment
D0003058;B0070547;PL002;Machine;Environment
D0004635;B0042113;PL002;Machine;Environment
D0004429;B0065905;PL002;Machine;Environment
D0004829;B0001144;PL002;Machine;Environment
D0000633;B0057062;PL002;Machine;Environment
D0003256;B0068423;PL002;Machine;Environment
D0004809;B0042236;PL002;Machine;Environment
D0000054;B0066774;PL002;Machine;Environment
D0005099;B0056574;PL002;Machine;Environment
D0001307;B0020388;PL002;Machine;Environment
D0005888;B0013251;PL002;Machine;Environment
D0000716;B0066923;PL002;Machine;Environment
D0001397;B0047086;PL002;Machine;Environment
D0002590;B0033681;PL002;Machine;Environment
D0004957;B0023715;PL002;Machine;Environment
D0005927;B0071710;PL002;Machine;Environment
D0000159;B0040281;PL002;Machine;Environment
D0003544;B0016188;PL002;Machine;Environment
D0005801;B0058624;PL002;Machine;Environment
D0003624;B0042116;PL002;Machine;Environment
D0001091;B0008161;PL002;Machine;Environment
D0004704;B0030463;PL002;Machine;Environment
D0005701;B0046983;PL002;Machine;Environment
D0005712;B0022620;PL002;Machine;Environment
D0000382;B0038148;PL002;Machine;Environment
D0005076;B0072430;PL002;Machine;Environment
D0002301;B0021192;PL002;Machine;Environment
D0002510;B0033011;PL002;Machine;Environment
D0005728;B0009112;PL004;Machine;Environment
D0001142;B0071722;PL004;Machine;Environment
D0002339;B0064561;PL004;Machine;Environment
D0003832;B0037749;PL004;Machine;Environment
D0004967;B0051188;PL004;Machine;Environment
D0005751;B0031053;PL004;Machine;Environment
D0000751;B0014805;PL004;Machine;Environment
D0000953;B0067440;PL004;Machine;Environment
D0001519;B0015891;PL004;Machine;Environment
D0001784;B0067042;PL004;Machine;Environment
D0001856;B0059463;PL004;Machine;Environment
D0003046;B0024810;PL004;Machine;Environment
D0005131;B0019683;PL004;Machine;Environment
D0001428;B0060730;PL004;Machine;Environment
D0003748;B0062507;PL004;Machine;Environment
D0004441;B0065041;PL004;Machine;Environment
D0004651;B0043762;PL004;Machine;Environment
D0004944;B0035306;PL004;Machine;Environment
D0000406;B0016812;PL004;Machine;Environment
D0000574;B0063839;PL004;Machine;Environment
D0001304;B0064217;PL004;Machine;Environment
D0001491;B0073202;PL004;Machine;Environment
D0001813;B0016171;PL004;Machine;Environment
D0002476;B0035927;PL004;Machine;Environment
D0004436;B0073631;PL004;Machine;Environment
D0004825;B0073136;PL004;Machine;Environment
D0005224;B0067734;PL004;Machine;Environment
D0005392;B0070658;PL004;Machine;Environment
D0000208;B0067212;PL004;Machine;Environment
D0000228;B0012982;PL004;Machine;Environment
D0000496;B0031966;PL004;Machine;Environment
D0000525;B0004533;PL004;Machine;Environment
D0001732;B0067817;PL004;Machine;Environment
D0001787;B0021241;PL004;Machine;Environment
D0002084;B0034292;PL004;Machine;Environment
D0002319;B0050203;PL004;Machine;Environment
D0002354;B0054681;PL004;Machine;Environment
D0002371;B0065134;PL004;Machine;Environment
D0002873;B0060062;PL004;Machine;Environment
D0003878;B0056911;PL004;Machine;Environment
D0004533;B0025343;PL004;Machine;Environment
D0005468;B0014006;PL004;Machine;Environment
D0000954;B0043074;PL004;Machine;Environment
D0003034;B0048730;PL004;Machine;Environment
D0004205;B0026446;PL004;Machine;Environment
D0005321;B0025522;PL004;Machine;Environment
D0005550;B0065186;PL004;Machine;Environment
D0002205;B0039514;PL004;Machine;Environment
D0004717;B0015316;PL004;Machine;Environment
D0005317;B0007550;PL004;Machine;Environment
D0000459;B0049161;PL004;Machine;Environment
D0000370;B0032631;PL004;Machine;Environment
D0001429;B0052048;PL004;Machine;Environment
D0004361;B0043527;PL004;Machine;Environment
D0005120;B0006460;PL004;Machine;Environment
D0005127;B0010646;PL004;Machine;Environment
D0003359;B0053408;PL004;Machine;Environment
D0000792;B0040973;PL004;Machine;Environment
D0002323;B0069172;PL004;Machine;Environment
D0003196;B0011169;PL004;Machine;Environment
D0003394;B0036052;PL004;Machine;Environment
D0004406;B0005860;PL004;Machine;Environment
D0005117;B0069859;PL004;Machine;Environment
D0005360;B0074844;PL004;Machine;Environment
D0005394;B0008841;PL004;Machine;Environment
D0001403;B0013265;PL004;Machine;Environment
D0003977;B0006517;PL004;Machine;Environment
D0000191;B0046621;PL004;Machine;Environment
D0004602;B0066048;PL004;Machine;Environment
D0001582;B0030344;PL004;Machine;Environment
D0002884;B0019301;PL004;Machine;Environment
D0003613;B0006465;PL004;Machine;Environment
D0004104;B0072661;PL004;Machine;Environment
D0004162;B0005486;PL004;Machine;Environment
D0004665;B0061716;PL004;Machine;Environment
D0003295;B0071142;PL004;Machine;Environment
D0003928;B0046335;PL004;Machine;Environment
D0005828;B0053858;PL004;Machine;Environment
D0000281;B0053270;PL004;Machine;Environment
D0004094;B0025747;PL004;Machine;Environment
D0004113;B0009736;PL004;Machine;Environment
D0000358;B0007207;PL004;Machine;Environment
D0001090;B0001381;PL004;Machine;Environment
D0004949;B0063435;PL004;Machine;Environment
D0001590;B0059455;PL004;Machine;Environment
D0001965;B0006520;PL008;Machine;Environment
D0002213;B0027426;PL008;Machine;Environment
D0002355;B0056956;PL008;Machine;Environment
D0002357;B0042916;PL008;Machine;Environment
D0002573;B0048796;PL008;Machine;Environment
D0003375;B0007755;PL008;Machine;Environment
D0003600;B0000936;PL008;Machine;Environment
D0005915;B0074647;PL008;Machine;Environment
D0000093;B0015729;PL008;Machine;Environment
D0000189;B0071085;PL008;Machine;Environment
D0001032;B0013240;PL008;Machine;Environment
D0002548;B0071852;PL008;Machine;Environment
D0004752;B0055651;PL008;Machine;Environment
D0005373;B0057791;PL008;Machine;Environment
D0001980;B0051730;PL008;Machine;Environment
D0003717;B0054341;PL008;Machine;Environment
D0005029;B0012615;PL008;Machine;Environment
D0005047;B0049343;PL008;Machine;Environment
D0000662;B0031045;PL008;Machine;Environment
D0002763;B0027507;PL008;Machine;Environment
D0003052;B0043658;PL008;Machine;Environment
D0004063;B0003542;PL008;Machine;Environment
D0004239;B0036798;PL008;Machine;Environment
D0004547;B0038652;PL008;Machine;Environment
D0005658;B0057008;PL008;Machine;Environment
D0000522;B0000748;PL008;Machine;Environment
D0001170;B0058904;PL008;Machine;Environment
D0001171;B0005593;PL008;Machine;Environment
D0002119;B0017719;PL008;Machine;Environment
D0003065;B0027497;PL008;Machine;Environment
D0003627;B0037985;PL008;Machine;Environment
D0004336;B0057641;PL008;Machine;Environment
D0004722;B0063871;PL008;Machine;Environment
D0005668;B0025089;PL008;Machine;Environment
D0005979;B0071474;PL008;Machine;Environment
D0000945;B0054133;PL008;Machine;Environment
D0002058;B0059729;PL008;Machine;Environment
D0005325;B0034010;PL008;Machine;Environment
D0000665;B0044113;PL008;Machine;Environment
D0002464;B0063850;PL008;Machine;Environment
D0004880;B0073654;PL008;Machine;Environment
D0004364;B0015905;PL008;Machine;Environment
D0005634;B0057291;PL008;Machine;Environment
D0002159;B0067950;PL008;Machine;Environment
D0001305;B0030580;PL008;Machine;Environment
D0004002;B0039931;PL008;Machine;Environment
D0001458;B0068168;PL008;Machine;Environment
D0001991;B0001304;PL008;Machine;Environment
D0003073;B0011655;PL008;Machine;Environment
D0003869;B0036360;PL008;Machine;Environment
D0004391;B0064447;PL008;Machine;Environment
D0005519;B0043496;PL008;Machine;Environment
D0000701;B0019896;PL008;Machine;Environment
D0001529;B0020551;PL008;Machine;Environment
D0004706;B0059972;PL008;Machine;Environment
D0005815;B0022133;PL008;Machine;Environment
D0002686;B0017259;PL008;Machine;Environment
D0004540;B0031715;PL008;Machine;Environment
D0001642;B0008001;PL008;Machine;Environment
D0004867;B0072819;PL008;Machine;Environment
D0002897;B0019557;PL008;Machine;Environment
D0003024;B0024281;PL008;Machine;Environment
D0003678;B0011316;PL008;Machine;Environment
D0000135;B0064619;PL008;Machine;Environment
D0004043;B0065160;PL008;Machine;Environment
D0003284;B0045274;PL008;Machine;Environment
D0000659;B0063613;PL005;Machine;Environment
D0004648;B0020513;PL005;Machine;Environment
D0005739;B0036448;PL005;Machine;Environment
D0000268;B0036202;PL005;Machine;Environment
D0000622;B0043213;PL005;Machine;Environment
D0000868;B0026959;PL005;Machine;Environment
D0001246;B0015379;PL005;Machine;Environment
D0001697;B0067855;PL005;Machine;Environment
D0002003;B0027260;PL005;Machine;Environment
D0002226;B0058725;PL005;Machine;Environment
D0004820;B0004334;PL005;Machine;Environment
D0000053;B0050135;PL005;Machine;Environment
D0002802;B0019224;PL005;Machine;Environment
D0004201;B0008301;PL005;Machine;Environment
D0000604;B0028351;PL005;Machine;Environment
D0002007;B0063027;PL005;Machine;Environment
D0002499;B0032289;PL005;Machine;Environment
D0004523;B0049135;PL005;Machine;Environment
D0005946;B0060644;PL005;Machine;Environment
D0000497;B0072499;PL005;Machine;Environment
D0001055;B0053897;PL005;Machine;Environment
D0001104;B0020605;PL005;Machine;Environment
D0001915;B0067288;PL005;Machine;Environment
D0002012;B0065953;PL005;Machine;Environment
D0002065;B0014640;PL005;Machine;Environment
D0002717;B0055380;PL005;Machine;Environment
D0002791;B0032766;PL005;Machine;Environment
D0002860;B0041311;PL005;Machine;Environment
D0003119;B0074796;PL005;Machine;Environment
D0003400;B0053695;PL005;Machine;Environment
D0003899;B0031827;PL005;Machine;Environment
D0005093;B0028702;PL005;Machine;Environment
D0005499;B0022283;PL005;Machine;Environment
D0005561;B0002301;PL005;Machine;Environment
D0002843;B0017358;PL005;Machine;Environment
D0002523;B0074883;PL005;Machine;Environment
D0005969;B0006313;PL005;Machine;Environment
D0001985;B0003384;PL005;Machine;Environment
D0005820;B0066639;PL005;Machine;Environment
D0004217;B0066794;PL005;Machine;Environment
D0000546;B0054828;PL005;Machine;Environment
D0001267;B0046321;PL005;Machine;Environment
D0002161;B0067574;PL005;Machine;Environment
D0002310;B0001559;PL005;Machine;Environment
D0002614;B0069022;PL005;Machine;Environment
D0003615;B0018799;PL005;Machine;Environment
D0004770;B0006276;PL005;Machine;Environment
D0005676;B0048150;PL005;Machine;Environment
D0003268;B0039621;PL005;Machine;Environment
D0004585;B0049471;PL005;Machine;Environment
D0005812;B0049155;PL005;Machine;Environment
D0003152;B0013014;PL005;Machine;Environment
D0003150;B0050679;PL005;Machine;Environment
D0004069;B0022187;PL005;Machine;Environment
D0002440;B0029479;PL005;Machine;Environment
D0005034;B0015039;PL005;Machine;Environment
D0004368;B0032015;PL005;Machine;Environment
D0001520;B0032352;PL005;Machine;Environment
D0001461;B0049680;PL005;Machine;Environment
D0003360;B0045188;PL005;Machine;Environment
D0001987;B0035009;PL005;Machine;Environment
D0003897;B0015806;PL005;Machine;Environment
D0002127;B0028885;PL005;Machine;Environment
D0003030;B0064012;PL005;Machine;Environment
D0002543;B0009717;PL010;Machine;Environment
D0004524;B0024632;PL010;Machine;Environment
D0000531;B0050526;PL010;Machine;Environment
D0002720;B0038747;PL010;Machine;Environment
D0000836;B0042523;PL010;Machine;Environment
D0000932;B0067026;PL010;Machine;Environment
D0002036;B0035426;PL010;Machine;Environment
D0000470;B0044197;PL010;Machine;Environment
D0003240;B0044557;PL010;Machine;Environment
D0004021;B0066469;PL010;Machine;Environment
D0005528;B0009720;PL010;Machine;Environment
D0003879;B0035079;PL010;Machine;Environment
D0005683;B0050421;PL010;Machine;Environment
D0000066;B0003951;PL010;Machine;Environment
D0000148;B0063419;PL010;Machine;Environment
D0002034;B0037825;PL010;Machine;Environment
D0003181;B0007017;PL010;Machine;Environment
D0003433;B0073269;PL010;Machine;Environment
D0005382;B0017984;PL010;Machine;Environment
D0005607;B0034863;PL010;Machine;Environment
D0003454;B0069690;PL010;Machine;Environment
D0004660;B0049281;PL010;Machine;Environment
D0000569;B0027640;PL010;Machine;Environment
D0002599;B0005926;PL010;Machine;Environment
D0002804;B0072145;PL010;Machine;Environment
D0003266;B0023703;PL010;Machine;Environment
D0001160;B0031460;PL010;Machine;Environment
D0002936;B0044230;PL010;Machine;Environment
D0001043;B0020759;PL010;Machine;Environment
D0001688;B0012799;PL010;Machine;Environment
D0002407;B0010953;PL010;Machine;Environment
D0004700;B0020302;PL010;Machine;Environment
D0005213;B0041061;PL010;Machine;Environment
D0005629;B0051015;PL010;Machine;Environment
D0005906;B0051975;PL010;Machine;Environment
D0000260;B0074750;PL010;Machine;Environment
D0000498;B0067722;PL010;Machine;Environment
D0001606;B0022164;PL010;Machine;Environment
D0004448;B0062270;PL010;Machine;Environment
D0004206;B0046062;PL010;Machine;Environment
D0002042;B0020938;PL010;Machine;Environment
D0004643;B0066552;PL010;Machine;Environment
D0000561;B0029994;PL010;Machine;Environment
D0001251;B0066608;PL010;Machine;Environment
D0001866;B0048956;PL010;Machine;Environment
D0003896;B0050093;PL010;Machine;Environment
D0003591;B0011643;PL010;Machine;Environment
D0002367;B0039565;PL010;Machine;Environment
D0005648;B0014414;PL010;Machine;Environment
D0001788;B0001904;PL010;Machine;Environment
D0002199;B0074964;PL006;Machine;Environment
D0000789;B0033191;PL006;Machine;Environment
D0003169;B0044163;PL006;Machine;Environment
D0004387;B0071593;PL006;Machine;Environment
D0005542;B0074514;PL006;Machine;Environment
D0001086;B0021697;PL006;Machine;Environment
D0001117;B0038262;PL006;Machine;Environment
D0003665;B0012106;PL006;Machine;Environment
D0003668;B0002054;PL006;Machine;Environment
D0003862;B0015625;PL006;Machine;Environment
D0004296;B0048318;PL006;Machine;Environment
D0004330;B0039001;PL006;Machine;Environment
D0004983;B0027312;PL006;Machine;Environment
D0005356;B0071209;PL006;Machine;Environment
D0003220;B0063912;PL006;Machine;Environment
D0000354;B0039411;PL006;Machine;Environment
D0001316;B0020486;PL006;Machine;Environment
D0001768;B0043939;PL006;Machine;Environment
D0000154;B0029909;PL006;Machine;Environment
D0001333;B0047777;PL006;Machine;Environment
D0001773;B0048412;PL006;Machine;Environment
D0002016;B0055562;PL006;Machine;Environment
D0002420;B0063191;PL006;Machine;Environment
D0003151;B0045444;PL006;Machine;Environment
D0004912;B0062443;PL006;Machine;Environment
D0006000;B0066983;PL006;Machine;Environment
D0000640;B0058905;PL006;Machine;Environment
D0000649;B0004552;PL006;Machine;Environment
D0001395;B0038028;PL006;Machine;Environment
D0003968;B0044850;PL006;Machine;Environment
D0002898;B0003365;PL006;Machine;Environment
D0001845;B0016245;PL006;Machine;Environment
D0004748;B0009547;PL006;Machine;Environment
D0004636;B0016243;PL006;Machine;Environment
D0004744;B0028217;PL006;Machine;Environment
D0004445;B0025894;PL006;Machine;Environment
D0003956;B0018001;PL006;Machine;Environment
D0005421;B0043743;PL006;Machine;Environment
D0002984;B0059534;PL006;Machine;Environment
D0003205;B0003442;PL006;Machine;Environment
D0002291;B0046558;PL006;Machine;Environment
D0001823;B0003552;PL006;Machine;Environment
D0003875;B0042011;PL006;Machine;Environment
D0004179;B0060797;PL006;Machine;Environment
D0002110;B0035748;PL006;Machine;Environment
D0000083;B0036627;PL006;Machine;Environment
D0001452;B0013149;PL006;Machine;Environment
D0000614;B0013381;PL006;Machine;Environment
D0000699;B0052144;PL006;Machine;Environment
D0005134;B0044708;PL006;Machine;Environment
D0002266;B0055183;PL007;Machine;Environment
D0004061;B0043460;PL007;Machine;Environment
D0001944;B0015045;PL007;Machine;Environment
D0004038;B0052972;PL007;Machine;Environment
D0000371;B0062408;PL007;Machine;Environment
D0001692;B0050673;PL007;Machine;Environment
D0002899;B0035324;PL007;Machine;Environment
D0002985;B0010315;PL007;Machine;Environment
D0004604;B0060947;PL007;Machine;Environment
D0001025;B0044173;PL007;Machine;Environment
D0001041;B0007933;PL007;Machine;Environment
D0002038;B0061631;PL007;Machine;Environment
D0003927;B0070588;PL007;Machine;Environment
D0000245;B0008647;PL007;Machine;Environment
D0000575;B0012973;PL007;Machine;Environment
D0000892;B0010641;PL007;Machine;Environment
D0002817;B0073899;PL007;Machine;Environment
D0004806;B0014391;PL007;Machine;Environment
D0005042;B0071635;PL007;Machine;Environment
D0005485;B0041778;PL007;Machine;Environment
D0004327;B0073108;PL007;Machine;Environment
D0004415;B0029287;PL007;Machine;Environment
D0005121;B0066606;PL007;Machine;Environment
D0000882;B0004263;PL007;Machine;Environment
D0001077;B0022195;PL007;Machine;Environment
D0005003;B0030308;PL007;Machine;Environment
D0005729;B0047698;PL007;Machine;Environment
D0003967;B0022346;PL007;Machine;Environment
D0005775;B0060380;PL007;Machine;Environment
D0004506;B0063058;PL007;Machine;Environment
D0004971;B0051942;PL007;Machine;Environment
D0001424;B0072832;PL007;Machine;Environment
D0002029;B0044905;PL007;Machine;Environment
D0002699;B0053718;PL007;Machine;Environment
D0005396;B0061883;PL007;Machine;Environment
D0001339;B0064679;PL009;Machine;Environment
D0001719;B0009900;PL009;Machine;Environment
D0001797;B0016481;PL009;Machine;Environment
D0003265;B0062067;PL009;Machine;Environment
D0003387;B0025609;PL009;Machine;Environment
D0001011;B0057018;PL009;Machine;Environment
D0003800;B0071536;PL009;Machine;Environment
D0003994;B0023012;PL009;Machine;Environment
D0004958;B0074771;PL009;Machine;Environment
D0002238;B0013821;PL009;Machine;Environment
D0005038;B0071405;PL009;Machine;Environment
D0001789;B0003831;PL009;Machine;Environment
D0002812;B0049456;PL009;Machine;Environment
D0000026;B0027026;PL009;Machine;Environment
D0001455;B0040232;PL009;Machine;Environment
D0003823;B0035956;PL009;Machine;Environment
D0004138;B0072051;PL009;Machine;Environment
D0004355;B0024241;PL009;Machine;Environment
D0000793;B0073888;PL009;Machine;Environment
D0004359;B0017729;PL009;Machine;Environment
D0001347;B0003508;PL009;Machine;Environment
D0003736;B0025709;PL009;Machine;Environment
D0003562;B0033833;PL009;Machine;Environment
D0004666;B0059070;PL009;Machine;Environment
D0002395;B0070988;PL009;Machine;Environment
D0003850;B0063474;PL009;Machine;Environment
D0005203;B0021804;PL009;Machine;Environment
D0000240;B0001883;PL001;Machine;Environment
D0000766;B0066888;PL001;Machine;Environment
D0004682;B0029733;PL001;Machine;Environment
D0004979;B0018347;PL001;Machine;Environment
D0005441;B0065299;PL001;Machine;Environment
D0005664;B0001176;PL001;Machine;Environment
D0000529;B0025072;PL001;Machine;Environment
D0001533;B0015663;PL001;Machine;Environment
D0000700;B0054885;PL001;Machine;Environment
D0002299;B0018944;PL001;Machine;Environment
D0005370;B0046378;PL001;Machine;Environment
D0002480;B0033350;PL001;Machine;Environment
D0005236;B0054299;PL001;Machine;Environment
D0001840;B0006810;PL001;Machine;Environment
D0003693;B0040913;PL001;Machine;Environment
D0000553;B0040686;PL009;Measurement;Environment
D0002602;B0021363;PL009;Measurement;Environment
D0004530;B0063083;PL009;Measurement;Environment
D0004891;B0068049;PL009;Measurement;Environment
D0002141;B0049446;PL009;Measurement;Environment
D0004785;B0005552;PL009;Measurement;Environment
D0004996;B0052194;PL009;Measurement;Environment
D0004009;B0062939;PL009;Measurement;Environment
D0003518;B0060027;PL009;Measurement;Environment
D0005192;B0039307;PL009;Measurement;Environment
D0005783;B0011742;PL009;Measurement;Environment
D0002056;B0015146;PL009;Measurement;Environment
D0002964;B0062929;PL009;Measurement;Environment
D0003318;B0023887;PL009;Measurement;Environment
D0000489;B0073259;PL001;Measurement;Environment
D0002449;B0037261;PL001;Measurement;Environment
D0003269;B0024622;PL001;Measurement;Environment
D0001885;B0055302;PL001;Measurement;Environment
D0000349;B0026492;PL001;Measurement;Environment
D0000592;B0006063;PL001;Measurement;Environment
D0000741;B0059111;PL001;Measurement;Environment
D0001116;B0030286;PL001;Measurement;Environment
D0002946;B0018541;PL001;Measurement;Environment
D0003131;B0048549;PL001;Measurement;Environment
D0003970;B0041056;PL001;Measurement;Environment
D0004369;B0036746;PL001;Measurement;Environment
D0004561;B0017993;PL001;Measurement;Environment
D0002173;B0028204;PL001;Measurement;Environment
D0003576;B0050072;PL001;Measurement;Environment
D0003636;B0015874;PL001;Measurement;Environment
D0002039;B0021259;PL001;Measurement;Environment
D0002248;B0062938;PL001;Measurement;Environment
D0004277;B0067843;PL001;Measurement;Environment
D0004945;B0033940;PL001;Measurement;Environment
D0005158;B0036858;PL001;Measurement;Environment
D0000558;B0038531;PL001;Measurement;Environment
D0002337;B0072061;PL001;Measurement;Environment
D0002380;B0007452;PL001;Measurement;Environment
D0003713;B0048756;PL001;Measurement;Environment
D0005675;B0047850;PL001;Measurement;Environment
D0000021;B0036164;PL001;Measurement;Environment
D0001814;B0015371;PL001;Measurement;Environment
D0003492;B0042763;PL001;Measurement;Environment
D0005249;B0039186;PL001;Measurement;Environment
D0003480;B0013704;PL001;Measurement;Environment
D0003193;B0043212;PL001;Measurement;Environment
D0002306;B0041539;PL001;Measurement;Environment
D0000810;B0065183;PL010;Measurement;Environment
D0003792;B0039559;PL010;Measurement;Environment
D0004922;B0036366;PL010;Measurement;Environment
D0005403;B0017634;PL010;Measurement;Environment
D0000435;B0057297;PL010;Measurement;Environment
D0001296;B0047032;PL010;Measurement;Environment
D0001633;B0011522;PL010;Measurement;Environment
D0002521;B0050273;PL010;Measurement;Environment
D0005364;B0023154;PL010;Measurement;Environment
D0004250;B0029137;PL010;Measurement;Environment
D0004670;B0004162;PL010;Measurement;Environment
D0000057;B0040372;PL010;Measurement;Environment
D0000133;B0040072;PL010;Measurement;Environment
D0001294;B0024340;PL010;Measurement;Environment
D0002233;B0072022;PL010;Measurement;Environment
D0002890;B0027674;PL010;Measurement;Environment
D0003746;B0003867;PL010;Measurement;Environment
D0004783;B0001428;PL010;Measurement;Environment
D0001472;B0018848;PL010;Measurement;Environment
D0004664;B0020691;PL010;Measurement;Environment
D0001269;B0054640;PL010;Measurement;Environment
D0002471;B0039899;PL010;Measurement;Environment
D0005358;B0030944;PL010;Measurement;Environment
D0001037;B0054546;PL010;Measurement;Environment
D0005212;B0021475;PL010;Measurement;Environment
D0005484;B0066847;PL010;Measurement;Environment
D0001158;B0022517;PL010;Measurement;Environment
D0002158;B0018303;PL010;Measurement;Environment
D0001474;B0037353;PL010;Measurement;Environment
D0002728;B0067756;PL010;Measurement;Environment
D0003648;B0026418;PL010;Measurement;Environment
D0001422;B0040882;PL010;Measurement;Environment
D0000814;B0002073;PL010;Measurement;Environment
D0000687;B0020754;PL010;Measurement;Environment
D0001004;B0032906;PL010;Measurement;Environment
D0004314;B0062812;PL010;Measurement;Environment
D0005355;B0067900;PL010;Measurement;Environment
D0005492;B0066337;PL010;Measurement;Environment
D0005978;B0051816;PL010;Measurement;Environment
D0001273;B0014483;PL010;Measurement;Environment
D0005507;B0072409;PL010;Measurement;Environment
D0005810;B0019993;PL010;Measurement;Environment
D0001394;B0018649;PL010;Measurement;Environment
D0003602;B0064051;PL010;Measurement;Environment
D0000230;B0072706;PL008;Measurement;Environment
D0004597;B0055445;PL008;Measurement;Environment
D0000343;B0038001;PL008;Measurement;Environment
D0005771;B0063544;PL008;Measurement;Environment
D0005882;B0034385;PL008;Measurement;Environment
D0001320;B0019377;PL008;Measurement;Environment
D0003140;B0014201;PL008;Measurement;Environment
D0003208;B0036782;PL008;Measurement;Environment
D0000316;B0040513;PL008;Measurement;Environment
D0000655;B0010880;PL008;Measurement;Environment
D0001120;B0000175;PL008;Measurement;Environment
D0001647;B0067342;PL008;Measurement;Environment
D0002134;B0060696;PL008;Measurement;Environment
D0005476;B0030491;PL008;Measurement;Environment
D0000080;B0030618;PL008;Measurement;Environment
D0000813;B0013188;PL008;Measurement;Environment
D0000984;B0050498;PL008;Measurement;Environment
D0001034;B0007484;PL008;Measurement;Environment
D0001564;B0030394;PL008;Measurement;Environment
D0003279;B0004332;PL008;Measurement;Environment
D0003728;B0056474;PL008;Measurement;Environment
D0004860;B0035594;PL008;Measurement;Environment
D0005631;B0036577;PL008;Measurement;Environment
D0000863;B0054632;PL008;Measurement;Environment
D0001836;B0038981;PL008;Measurement;Environment
D0002904;B0060805;PL008;Measurement;Environment
D0002928;B0008970;PL008;Measurement;Environment
D0003121;B0036263;PL008;Measurement;Environment
D0003367;B0030029;PL008;Measurement;Environment
D0003696;B0071030;PL008;Measurement;Environment
D0004294;B0032900;PL008;Measurement;Environment
D0005544;B0010817;PL008;Measurement;Environment
D0002436;B0074461;PL008;Measurement;Environment
D0005903;B0003892;PL008;Measurement;Environment
D0003647;B0028279;PL008;Measurement;Environment
D0000350;B0016509;PL008;Measurement;Environment
D0001302;B0038343;PL008;Measurement;Environment
D0004675;B0061875;PL008;Measurement;Environment
D0004848;B0055749;PL008;Measurement;Environment
D0005024;B0070255;PL008;Measurement;Environment
D0003076;B0003753;PL008;Measurement;Environment
D0005723;B0024449;PL008;Measurement;Environment
D0001164;B0004923;PL008;Measurement;Environment
D0000582;B0028592;PL008;Measurement;Environment
D0000652;B0056507;PL008;Measurement;Environment
D0000837;B0053253;PL008;Measurement;Environment
D0001256;B0008558;PL008;Measurement;Environment
D0001471;B0016435;PL008;Measurement;Environment
D0001724;B0044720;PL008;Measurement;Environment
D0001990;B0033259;PL008;Measurement;Environment
D0002327;B0070149;PL008;Measurement;Environment
D0002662;B0018293;PL008;Measurement;Environment
D0005570;B0062572;PL008;Measurement;Environment
D0005896;B0067324;PL008;Measurement;Environment
D0001450;B0043376;PL008;Measurement;Environment
D0005690;B0038907;PL008;Measurement;Environment
D0003162;B0008688;PL008;Measurement;Environment
D0004680;B0020164;PL008;Measurement;Environment
D0003323;B0063309;PL008;Measurement;Environment
D0005218;B0052437;PL008;Measurement;Environment
D0000982;B0049265;PL008;Measurement;Environment
D0001712;B0036906;PL008;Measurement;Environment
D0002374;B0040710;PL008;Measurement;Environment
D0000259;B0046364;PL008;Measurement;Environment
D0005565;B0033620;PL008;Measurement;Environment
D0002080;B0026443;PL008;Measurement;Environment
D0004288;B0021907;PL008;Measurement;Environment
D0003666;B0067727;PL008;Measurement;Environment
D0003685;B0070067;PL008;Measurement;Environment
D0002111;B0012597;PL007;Measurement;Environment
D0002554;B0013182;PL007;Measurement;Environment
D0002853;B0029828;PL007;Measurement;Environment
D0000578;B0053743;PL007;Measurement;Environment
D0000772;B0046933;PL007;Measurement;Environment
D0001947;B0034947;PL007;Measurement;Environment
D0002206;B0015407;PL007;Measurement;Environment
D0002722;B0019015;PL007;Measurement;Environment
D0002793;B0028727;PL007;Measurement;Environment
D0005745;B0047697;PL007;Measurement;Environment
D0000628;B0023330;PL007;Measurement;Environment
D0001203;B0038783;PL007;Measurement;Environment
D0001293;B0046196;PL007;Measurement;Environment
D0005489;B0043696;PL007;Measurement;Environment
D0005814;B0001127;PL007;Measurement;Environment
D0005826;B0026166;PL007;Measurement;Environment
D0005880;B0073125;PL007;Measurement;Environment
D0000834;B0065462;PL007;Measurement;Environment
D0001048;B0068358;PL007;Measurement;Environment
D0002911;B0012836;PL007;Measurement;Environment
D0003663;B0004850;PL007;Measurement;Environment
D0003809;B0066975;PL007;Measurement;Environment
D0004691;B0066336;PL007;Measurement;Environment
D0004754;B0030535;PL007;Measurement;Environment
D0004879;B0050280;PL007;Measurement;Environment
D0004984;B0004551;PL007;Measurement;Environment
D0005220;B0032386;PL007;Measurement;Environment
D0000221;B0006579;PL007;Measurement;Environment
D0001968;B0032995;PL007;Measurement;Environment
D0002945;B0017770;PL007;Measurement;Environment
D0004642;B0016457;PL007;Measurement;Environment
D0004795;B0063781;PL007;Measurement;Environment
D0005221;B0009324;PL007;Measurement;Environment
D0005420;B0056541;PL007;Measurement;Environment
D0005537;B0061357;PL007;Measurement;Environment
D0003370;B0032561;PL007;Measurement;Environment
D0004969;B0006772;PL007;Measurement;Environment
D0000193;B0020543;PL007;Measurement;Environment
D0001899;B0053916;PL007;Measurement;Environment
D0004447;B0027786;PL007;Measurement;Environment
D0001596;B0021319;PL007;Measurement;Environment
D0001705;B0056571;PL007;Measurement;Environment
D0005314;B0046102;PL007;Measurement;Environment
D0002340;B0060783;PL007;Measurement;Environment
D0004578;B0054382;PL007;Measurement;Environment
D0000065;B0036129;PL007;Measurement;Environment
D0003780;B0046222;PL007;Measurement;Environment
D0000312;B0017105;PL007;Measurement;Environment
D0001135;B0058612;PL007;Measurement;Environment
D0002235;B0000151;PL007;Measurement;Environment
D0003204;B0001514;PL007;Measurement;Environment
D0003769;B0016254;PL007;Measurement;Environment
D0004422;B0016270;PL007;Measurement;Environment
D0004640;B0070444;PL007;Measurement;Environment
D0002224;B0002143;PL007;Measurement;Environment
D0000818;B0072376;PL007;Measurement;Environment
D0004416;B0004493;PL007;Measurement;Environment
D0000941;B0034320;PL007;Measurement;Environment
D0005376;B0007566;PL007;Measurement;Environment
D0000086;B0051925;PL007;Measurement;Environment
D0001956;B0053955;PL007;Measurement;Environment
D0002586;B0019977;PL007;Measurement;Environment
D0002681;B0006836;PL007;Measurement;Environment
D0003512;B0064096;PL007;Measurement;Environment
D0003682;B0042082;PL007;Measurement;Environment
D0004727;B0049404;PL007;Measurement;Environment
D0005730;B0014654;PL007;Measurement;Environment
D0001580;B0051545;PL007;Measurement;Environment
D0005653;B0003132;PL007;Measurement;Environment
D0004218;B0018393;PL007;Measurement;Environment
D0000927;B0038796;PL007;Measurement;Environment
D0004596;B0001242;PL007;Measurement;Environment
D0004586;B0035498;PL006;Measurement;Environment
D0005761;B0061983;PL006;Measurement;Environment
D0000256;B0054731;PL006;Measurement;Environment
D0000400;B0064311;PL006;Measurement;Environment
D0000586;B0057519;PL006;Measurement;Environment
D0001541;B0032761;PL006;Measurement;Environment
D0002344;B0012184;PL006;Measurement;Environment
D0002444;B0010078;PL006;Measurement;Environment
D0003135;B0029347;PL006;Measurement;Environment
D0003552;B0009258;PL006;Measurement;Environment
D0003795;B0012700;PL006;Measurement;Environment
D0004289;B0049444;PL006;Measurement;Environment
D0004312;B0017278;PL006;Measurement;Environment
D0004373;B0020272;PL006;Measurement;Environment
D0004453;B0017130;PL006;Measurement;Environment
D0005404;B0035531;PL006;Measurement;Environment
D0001410;B0007350;PL006;Measurement;Environment
D0000139;B0025862;PL006;Measurement;Environment
D0000698;B0070898;PL006;Measurement;Environment
D0000895;B0024737;PL006;Measurement;Environment
D0000937;B0027547;PL006;Measurement;Environment
D0003267;B0024842;PL006;Measurement;Environment
D0005132;B0071864;PL006;Measurement;Environment
D0000010;B0054283;PL006;Measurement;Environment
D0000392;B0041025;PL006;Measurement;Environment
D0000504;B0006499;PL006;Measurement;Environment
D0001368;B0009116;PL006;Measurement;Environment
D0001377;B0043291;PL006;Measurement;Environment
D0001568;B0016440;PL006;Measurement;Environment
D0003363;B0047239;PL006;Measurement;Environment
D0003856;B0036379;PL006;Measurement;Environment
D0004005;B0051080;PL006;Measurement;Environment
D0004623;B0044029;PL006;Measurement;Environment
D0004654;B0008900;PL006;Measurement;Environment
D0005017;B0055637;PL006;Measurement;Environment
D0005159;B0064806;PL006;Measurement;Environment
D0005227;B0020415;PL006;Measurement;Environment
D0005738;B0054602;PL006;Measurement;Environment
D0005963;B0008984;PL006;Measurement;Environment
D0004948;B0072328;PL006;Measurement;Environment
D0001892;B0041716;PL006;Measurement;Environment
D0003739;B0036430;PL006;Measurement;Environment
D0001731;B0028851;PL006;Measurement;Environment
D0003609;B0022554;PL006;Measurement;Environment
D0003814;B0019709;PL006;Measurement;Environment
D0000278;B0003558;PL006;Measurement;Environment
D0000479;B0003306;PL006;Measurement;Environment
D0000722;B0045287;PL006;Measurement;Environment
D0002064;B0068522;PL006;Measurement;Environment
D0002504;B0045709;PL006;Measurement;Environment
D0004462;B0074167;PL006;Measurement;Environment
D0005106;B0074532;PL006;Measurement;Environment
D0005890;B0034084;PL006;Measurement;Environment
D0002043;B0056166;PL006;Measurement;Environment
D0005669;B0040950;PL006;Measurement;Environment
D0005349;B0016684;PL006;Measurement;Environment
D0000936;B0030152;PL006;Measurement;Environment
D0005119;B0018106;PL006;Measurement;Environment
D0004227;B0012896;PL006;Measurement;Environment
D0005746;B0039612;PL006;Measurement;Environment
D0001175;B0031484;PL006;Measurement;Environment
D0002137;B0072691;PL006;Measurement;Environment
D0001767;B0025447;PL006;Measurement;Environment
D0001801;B0067069;PL006;Measurement;Environment
D0000567;B0006178;PL006;Measurement;Environment
D0003635;B0029617;PL006;Measurement;Environment
D0000120;B0071736;PL006;Measurement;Environment
D0000290;B0050551;PL006;Measurement;Environment
D0001682;B0000279;PL006;Measurement;Environment
D0002352;B0072799;PL006;Measurement;Environment
D0001777;B0066016;PL006;Measurement;Environment
D0004753;B0027821;PL006;Measurement;Environment
D0005525;B0046972;PL006;Measurement;Environment
D0005714;B0011962;PL006;Measurement;Environment
D0000914;B0046909;PL006;Measurement;Environment
D0001662;B0017931;PL005;Measurement;Environment
D0004084;B0055342;PL005;Measurement;Environment
D0005032;B0055833;PL005;Measurement;Environment
D0001184;B0043697;PL005;Measurement;Environment
D0000620;B0033528;PL005;Measurement;Environment
D0000983;B0016978;PL005;Measurement;Environment
D0001148;B0032983;PL005;Measurement;Environment
D0002177;B0025135;PL005;Measurement;Environment
D0003380;B0058959;PL005;Measurement;Environment
D0003969;B0053533;PL005;Measurement;Environment
D0004334;B0006689;PL005;Measurement;Environment
D0005985;B0029735;PL005;Measurement;Environment
D0000118;B0002910;PL005;Measurement;Environment
D0000673;B0064703;PL005;Measurement;Environment
D0000713;B0073685;PL005;Measurement;Environment
D0000754;B0011894;PL005;Measurement;Environment
D0001547;B0026776;PL005;Measurement;Environment
D0002302;B0043870;PL005;Measurement;Environment
D0003132;B0019390;PL005;Measurement;Environment
D0003397;B0052920;PL005;Measurement;Environment
D0003503;B0018801;PL005;Measurement;Environment
D0004365;B0071907;PL005;Measurement;Environment
D0005077;B0033967;PL005;Measurement;Environment
D0005457;B0055365;PL005;Measurement;Environment
D0005825;B0037585;PL005;Measurement;Environment
D0000166;B0026024;PL005;Measurement;Environment
D0000352;B0065060;PL005;Measurement;Environment
D0001007;B0020116;PL005;Measurement;Environment
D0001672;B0070864;PL005;Measurement;Environment
D0001699;B0071899;PL005;Measurement;Environment
D0002446;B0047210;PL005;Measurement;Environment
D0002588;B0011060;PL005;Measurement;Environment
D0002704;B0012274;PL005;Measurement;Environment
D0004053;B0005822;PL005;Measurement;Environment
D0004290;B0013580;PL005;Measurement;Environment
D0004363;B0043885;PL005;Measurement;Environment
D0005208;B0027481;PL005;Measurement;Environment
D0005273;B0057182;PL005;Measurement;Environment
D0001611;B0050950;PL005;Measurement;Environment
D0003270;B0019685;PL005;Measurement;Environment
D0001804;B0020403;PL005;Measurement;Environment
D0004013;B0042519;PL005;Measurement;Environment
D0004504;B0038584;PL005;Measurement;Environment
D0001220;B0035224;PL005;Measurement;Environment
D0000214;B0037762;PL005;Measurement;Environment
D0000997;B0060499;PL005;Measurement;Environment
D0001026;B0049399;PL005;Measurement;Environment
D0002954;B0049023;PL005;Measurement;Environment
D0003754;B0046950;PL005;Measurement;Environment
D0004574;B0005898;PL005;Measurement;Environment
D0000409;B0042751;PL005;Measurement;Environment
D0003272;B0005622;PL005;Measurement;Environment
D0003771;B0068140;PL005;Measurement;Environment
D0004243;B0074669;PL005;Measurement;Environment
D0004594;B0015542;PL005;Measurement;Environment
D0005414;B0030985;PL005;Measurement;Environment
D0000136;B0064186;PL005;Measurement;Environment
D0003250;B0036128;PL005;Measurement;Environment
D0001854;B0047576;PL005;Measurement;Environment
D0004064;B0026568;PL005;Measurement;Environment
D0000234;B0043092;PL005;Measurement;Environment
D0001632;B0057851;PL005;Measurement;Environment
D0002282;B0007067;PL005;Measurement;Environment
D0003362;B0055951;PL005;Measurement;Environment
D0000703;B0073112;PL005;Measurement;Environment
D0001201;B0061621;PL005;Measurement;Environment
D0003830;B0049248;PL005;Measurement;Environment
D0002052;B0071517;PL005;Measurement;Environment
D0005918;B0006869;PL005;Measurement;Environment
D0004417;B0037190;PL005;Measurement;Environment
D0005086;B0035987;PL005;Measurement;Environment
D0004713;B0062372;PL005;Measurement;Environment
D0000082;B0054692;PL005;Measurement;Environment
D0000376;B0060239;PL005;Measurement;Environment
D0000960;B0066927;PL005;Measurement;Environment
D0001803;B0052670;PL005;Measurement;Environment
D0002942;B0024387;PL005;Measurement;Environment
D0004370;B0002410;PL005;Measurement;Environment
D0003056;B0031641;PL005;Measurement;Environment
D0003286;B0034261;PL005;Measurement;Environment
D0004007;B0057135;PL005;Measurement;Environment
D0000369;B0025484;PL005;Measurement;Environment
D0002874;B0015644;PL005;Measurement;Environment
D0004811;B0024950;PL005;Measurement;Environment
D0000511;B0035963;PL005;Measurement;Environment
D0000739;B0067921;PL005;Measurement;Environment
D0004537;B0066046;PL005;Measurement;Environment
D0000746;B0056164;PL002;Measurement;Environment
D0001106;B0035716;PL002;Measurement;Environment
D0001311;B0015277;PL002;Measurement;Environment
D0001499;B0038122;PL002;Measurement;Environment
D0001572;B0029445;PL002;Measurement;Environment
D0002013;B0006946;PL002;Measurement;Environment
D0002342;B0013529;PL002;Measurement;Environment
D0002827;B0036659;PL002;Measurement;Environment
D0005557;B0031676;PL002;Measurement;Environment
D0001261;B0001425;PL002;Measurement;Environment
D0001822;B0029033;PL002;Measurement;Environment
D0002856;B0037222;PL002;Measurement;Environment
D0003342;B0005365;PL002;Measurement;Environment
D0004229;B0046453;PL002;Measurement;Environment
D0004274;B0007916;PL002;Measurement;Environment
D0005553;B0004722;PL002;Measurement;Environment
D0000780;B0016532;PL002;Measurement;Environment
D0001210;B0012188;PL002;Measurement;Environment
D0002431;B0034673;PL002;Measurement;Environment
D0003392;B0015369;PL002;Measurement;Environment
D0004203;B0053464;PL002;Measurement;Environment
D0004235;B0045412;PL002;Measurement;Environment
D0004575;B0008344;PL002;Measurement;Environment
D0002171;B0007959;PL002;Measurement;Environment
D0004644;B0028190;PL002;Measurement;Environment
D0004766;B0052579;PL002;Measurement;Environment
D0005098;B0065276;PL002;Measurement;Environment
D0001621;B0045580;PL002;Measurement;Environment
D0002844;B0015222;PL002;Measurement;Environment
D0003706;B0010469;PL002;Measurement;Environment
D0004612;B0014824;PL002;Measurement;Environment
D0005973;B0060507;PL002;Measurement;Environment
D0000063;B0037298;PL002;Measurement;Environment
D0000386;B0049697;PL002;Measurement;Environment
D0000485;B0059578;PL002;Measurement;Environment
D0000636;B0001134;PL002;Measurement;Environment
D0000677;B0013682;PL002;Measurement;Environment
D0000678;B0063550;PL002;Measurement;Environment
D0000798;B0046789;PL002;Measurement;Environment
D0000809;B0046180;PL002;Measurement;Environment
D0001060;B0068534;PL002;Measurement;Environment
D0001124;B0019439;PL002;Measurement;Environment
D0001313;B0060142;PL002;Measurement;Environment
D0001696;B0017133;PL002;Measurement;Environment
D0001900;B0035777;PL002;Measurement;Environment
D0001974;B0004465;PL002;Measurement;Environment
D0002083;B0000432;PL002;Measurement;Environment
D0002572;B0024156;PL002;Measurement;Environment
D0002859;B0074595;PL002;Measurement;Environment
D0003366;B0069164;PL002;Measurement;Environment
D0003546;B0070431;PL002;Measurement;Environment
D0003753;B0022947;PL002;Measurement;Environment
D0004145;B0053932;PL002;Measurement;Environment
D0004883;B0053289;PL002;Measurement;Environment
D0004941;B0014116;PL002;Measurement;Environment
D0005155;B0065644;PL002;Measurement;Environment
D0005524;B0041115;PL002;Measurement;Environment
D0005572;B0065077;PL002;Measurement;Environment
D0001193;B0028135;PL002;Measurement;Environment
D0002503;B0057683;PL002;Measurement;Environment
D0004423;B0055064;PL002;Measurement;Environment
D0005996;B0047340;PL002;Measurement;Environment
D0000424;B0045027;PL002;Measurement;Environment
D0001000;B0056955;PL002;Measurement;Environment
D0005216;B0034684;PL002;Measurement;Environment
D0000891;B0054933;PL002;Measurement;Environment
D0001574;B0050898;PL002;Measurement;Environment
D0000744;B0053396;PL002;Measurement;Environment
D0005749;B0000665;PL002;Measurement;Environment
D0005811;B0039507;PL002;Measurement;Environment
D0001249;B0049861;PL002;Measurement;Environment
D0001604;B0036605;PL002;Measurement;Environment
D0001634;B0018040;PL002;Measurement;Environment
D0001893;B0020463;PL002;Measurement;Environment
D0002128;B0065936;PL002;Measurement;Environment
D0003122;B0034659;PL002;Measurement;Environment
D0004358;B0004035;PL002;Measurement;Environment
D0005012;B0060852;PL002;Measurement;Environment
D0005329;B0048169;PL002;Measurement;Environment
D0005802;B0021478;PL002;Measurement;Environment
D0003194;B0007671;PL002;Measurement;Environment
D0003688;B0014164;PL002;Measurement;Environment
D0004853;B0020047;PL002;Measurement;Environment
D0002810;B0046929;PL002;Measurement;Environment
D0003161;B0000895;PL002;Measurement;Environment
D0003171;B0016571;PL002;Measurement;Environment
D0003540;B0004510;PL002;Measurement;Environment
D0004067;B0059009;PL002;Measurement;Environment
D0000390;B0008536;PL002;Measurement;Environment
D0000299;B0067955;PL002;Measurement;Environment
D0001609;B0040551;PL002;Measurement;Environment
D0005521;B0072357;PL002;Measurement;Environment
D0001480;B0051133;PL002;Measurement;Environment
D0001841;B0046542;PL002;Measurement;Environment
D0001449;B0017247;PL002;Measurement;Environment
D0003837;B0058361;PL002;Measurement;Environment
D0004070;B0029571;PL002;Measurement;Environment
D0004166;B0013071;PL002;Measurement;Environment
D0005992;B0014745;PL002;Measurement;Environment
D0000038;B0023357;PL002;Measurement;Environment
D0004197;B0046626;PL002;Measurement;Environment
D0001654;B0073519;PL002;Measurement;Environment
D0002281;B0015633;PL002;Measurement;Environment
D0000812;B0034998;PL002;Measurement;Environment
D0001689;B0016940;PL002;Measurement;Environment
D0005878;B0064451;PL002;Measurement;Environment
D0000451;B0040907;PL002;Measurement;Environment
D0001021;B0036059;PL003;Measurement;Environment
D0003961;B0000293;PL003;Measurement;Environment
D0004560;B0048459;PL003;Measurement;Environment
D0000387;B0064358;PL003;Measurement;Environment
D0000841;B0024076;PL003;Measurement;Environment
D0002923;B0043707;PL003;Measurement;Environment
D0003595;B0028750;PL003;Measurement;Environment
D0003945;B0026099;PL003;Measurement;Environment
D0004847;B0071212;PL003;Measurement;Environment
D0000275;B0054781;PL003;Measurement;Environment
D0000587;B0018016;PL003;Measurement;Environment
D0000951;B0009487;PL003;Measurement;Environment
D0001042;B0060226;PL003;Measurement;Environment
D0001437;B0051153;PL003;Measurement;Environment
D0001500;B0048276;PL003;Measurement;Environment
D0001557;B0055996;PL003;Measurement;Environment
D0001860;B0047817;PL003;Measurement;Environment
D0002218;B0026394;PL003;Measurement;Environment
D0002345;B0031473;PL003;Measurement;Environment
D0002591;B0046406;PL003;Measurement;Environment
D0003117;B0060176;PL003;Measurement;Environment
D0003440;B0017956;PL003;Measurement;Environment
D0004202;B0044797;PL003;Measurement;Environment
D0004236;B0047650;PL003;Measurement;Environment
D0004329;B0055341;PL003;Measurement;Environment
D0004714;B0032936;PL003;Measurement;Environment
D0005103;B0017794;PL003;Measurement;Environment
D0005711;B0034924;PL003;Measurement;Environment
D0003560;B0036307;PL003;Measurement;Environment
D0004310;B0031901;PL003;Measurement;Environment
D0005345;B0007995;PL003;Measurement;Environment
D0000988;B0047149;PL003;Measurement;Environment
D0001610;B0025211;PL003;Measurement;Environment
D0001826;B0050359;PL003;Measurement;Environment
D0002191;B0067065;PL003;Measurement;Environment
D0002212;B0039825;PL003;Measurement;Environment
D0002609;B0012468;PL003;Measurement;Environment
D0004057;B0055822;PL003;Measurement;Environment
D0004798;B0017045;PL003;Measurement;Environment
D0005747;B0025152;PL003;Measurement;Environment
D0000190;B0012594;PL003;Measurement;Environment
D0000212;B0068277;PL003;Measurement;Environment
D0000727;B0040644;PL003;Measurement;Environment
D0000800;B0020725;PL003;Measurement;Environment
D0001484;B0032818;PL003;Measurement;Environment
D0001553;B0043608;PL003;Measurement;Environment
D0001824;B0033299;PL003;Measurement;Environment
D0001833;B0049856;PL003;Measurement;Environment
D0002150;B0016795;PL003;Measurement;Environment
D0002391;B0062716;PL003;Measurement;Environment
D0002796;B0046185;PL003;Measurement;Environment
D0003303;B0030328;PL003;Measurement;Environment
D0003725;B0027698;PL003;Measurement;Environment
D0003790;B0033167;PL003;Measurement;Environment
D0003938;B0033945;PL003;Measurement;Environment
D0004156;B0043831;PL003;Measurement;Environment
D0004498;B0046915;PL003;Measurement;Environment
D0004622;B0037827;PL003;Measurement;Environment
D0004736;B0054207;PL003;Measurement;Environment
D0004772;B0035583;PL003;Measurement;Environment
D0004855;B0058056;PL003;Measurement;Environment
D0004956;B0017164;PL003;Measurement;Environment
D0005296;B0043848;PL003;Measurement;Environment
D0005406;B0042988;PL003;Measurement;Environment
D0005505;B0059320;PL003;Measurement;Environment
D0001793;B0051494;PL003;Measurement;Environment
D0002109;B0039416;PL003;Measurement;Environment
D0004992;B0069204;PL003;Measurement;Environment
D0005743;B0004026;PL003;Measurement;Environment
D0000005;B0048195;PL003;Measurement;Environment
D0000014;B0046629;PL003;Measurement;Environment
D0003575;B0012790;PL003;Measurement;Environment
D0000068;B0072109;PL003;Measurement;Environment
D0002264;B0042791;PL003;Measurement;Environment
D0003054;B0061046;PL003;Measurement;Environment
D0000705;B0045079;PL003;Measurement;Environment
D0003110;B0059479;PL003;Measurement;Environment
D0004257;B0015136;PL003;Measurement;Environment
D0004827;B0035231;PL003;Measurement;Environment
D0001994;B0020527;PL003;Measurement;Environment
D0002041;B0068850;PL003;Measurement;Environment
D0002775;B0038304;PL003;Measurement;Environment
D0002920;B0071700;PL003;Measurement;Environment
D0003275;B0004776;PL003;Measurement;Environment
D0003808;B0053475;PL003;Measurement;Environment
D0004794;B0065641;PL003;Measurement;Environment
D0004927;B0008464;PL003;Measurement;Environment
D0005037;B0018208;PL003;Measurement;Environment
D0000030;B0006362;PL003;Measurement;Environment
D0000160;B0025771;PL003;Measurement;Environment
D0001423;B0069251;PL003;Measurement;Environment
D0002325;B0061957;PL003;Measurement;Environment
D0003913;B0061413;PL003;Measurement;Environment
D0004216;B0034546;PL003;Measurement;Environment
D0004451;B0022301;PL003;Measurement;Environment
D0004488;B0003872;PL003;Measurement;Environment
D0005571;B0021274;PL003;Measurement;Environment
D0000524;B0029143;PL003;Measurement;Environment
D0003877;B0072204;PL003;Measurement;Environment
D0001666;B0032859;PL003;Measurement;Environment
D0002745;B0016565;PL003;Measurement;Environment
D0000441;B0067657;PL003;Measurement;Environment
D0000862;B0024564;PL003;Measurement;Environment
D0003589;B0005260;PL003;Measurement;Environment
D0005951;B0054803;PL003;Measurement;Environment
D0005148;B0033783;PL003;Measurement;Environment
D0001783;B0005024;PL003;Measurement;Environment
D0001271;B0046060;PL003;Measurement;Environment
D0002099;B0045233;PL003;Measurement;Environment
D0001286;B0033914;PL003;Measurement;Environment
D0002542;B0015755;PL003;Measurement;Environment
D0003907;B0031868;PL003;Measurement;Environment
D0005251;B0059148;PL003;Measurement;Environment
D0002062;B0046790;PL003;Measurement;Environment
D0004511;B0059619;PL003;Measurement;Environment
D0000737;B0008612;PL003;Measurement;Environment
D0000165;B0040088;PL003;Measurement;Environment
D0000584;B0055385;PL003;Measurement;Environment
D0005264;B0027100;PL003;Measurement;Environment
D0005388;B0036351;PL003;Measurement;Environment
D0002025;B0071438;PL003;Measurement;Environment
D0002851;B0048405;PL003;Measurement;Environment
D0004859;B0044189;PL003;Measurement;Environment
D0004790;B0018371;PL003;Measurement;Environment
D0001179;B0040673;PL004;Measurement;Environment
D0000799;B0040180;PL004;Measurement;Environment
D0001167;B0058466;PL004;Measurement;Environment
D0001649;B0050081;PL004;Measurement;Environment
D0001704;B0020547;PL004;Measurement;Environment
D0002008;B0072288;PL004;Measurement;Environment
D0002228;B0069033;PL004;Measurement;Environment
D0002512;B0070499;PL004;Measurement;Environment
D0003704;B0069463;PL004;Measurement;Environment
D0000462;B0009707;PL004;Measurement;Environment
D0002348;B0014151;PL004;Measurement;Environment
D0002858;B0039572;PL004;Measurement;Environment
D0004240;B0010691;PL004;Measurement;Environment
D0004469;B0064349;PL004;Measurement;Environment
D0004973;B0024200;PL004;Measurement;Environment
D0000106;B0058106;PL004;Measurement;Environment
D0000250;B0054814;PL004;Measurement;Environment
D0001013;B0000089;PL004;Measurement;Environment
D0001695;B0026883;PL004;Measurement;Environment
D0001827;B0050872;PL004;Measurement;Environment
D0004645;B0003167;PL004;Measurement;Environment
D0005611;B0060528;PL004;Measurement;Environment
D0005766;B0031862;PL004;Measurement;Environment
D0000008;B0063997;PL004;Measurement;Environment
D0000393;B0030227;PL004;Measurement;Environment
D0000520;B0071784;PL004;Measurement;Environment
D0000639;B0013854;PL004;Measurement;Environment
D0000917;B0065303;PL004;Measurement;Environment
D0001364;B0023116;PL004;Measurement;Environment
D0002441;B0002625;PL004;Measurement;Environment
D0002962;B0016445;PL004;Measurement;Environment
D0003226;B0049203;PL004;Measurement;Environment
D0003528;B0025274;PL004;Measurement;Environment
D0004106;B0040534;PL004;Measurement;Environment
D0005044;B0044869;PL004;Measurement;Environment
D0005318;B0048020;PL004;Measurement;Environment
D0005547;B0057843;PL004;Measurement;Environment
D0005691;B0006965;PL004;Measurement;Environment
D0005931;B0032104;PL004;Measurement;Environment
D0000018;B0054687;PL004;Measurement;Environment
D0001573;B0060465;PL004;Measurement;Environment
D0001675;B0059908;PL004;Measurement;Environment
D0001816;B0066366;PL004;Measurement;Environment
D0001922;B0060729;PL004;Measurement;Environment
D0001993;B0062536;PL004;Measurement;Environment
D0002275;B0008306;PL004;Measurement;Environment
D0002394;B0041914;PL004;Measurement;Environment
D0002501;B0000167;PL004;Measurement;Environment
D0002646;B0027343;PL004;Measurement;Environment
D0002675;B0043005;PL004;Measurement;Environment
D0002842;B0021427;PL004;Measurement;Environment
D0003164;B0000714;PL004;Measurement;Environment
D0003299;B0004367;PL004;Measurement;Environment
D0003475;B0031343;PL004;Measurement;Environment
D0003632;B0063789;PL004;Measurement;Environment
D0004953;B0049174;PL004;Measurement;Environment
D0000507;B0044552;PL004;Measurement;Environment
D0001668;B0070306;PL004;Measurement;Environment
D0004159;B0049020;PL004;Measurement;Environment
D0005685;B0069738;PL004;Measurement;Environment
D0005829;B0015109;PL004;Measurement;Environment
D0000913;B0011662;PL004;Measurement;Environment
D0003296;B0016026;PL004;Measurement;Environment
D0001146;B0001678;PL004;Measurement;Environment
D0002154;B0030642;PL004;Measurement;Environment
D0003347;B0051569;PL004;Measurement;Environment
D0003865;B0006412;PL004;Measurement;Environment
D0005324;B0035620;PL004;Measurement;Environment
D0004866;B0024790;PL004;Measurement;Environment
D0001912;B0057294;PL004;Measurement;Environment
D0002848;B0071440;PL004;Measurement;Environment
D0003788;B0021377;PL004;Measurement;Environment
D0004761;B0062552;PL004;Measurement;Environment
D0005883;B0061444;PL004;Measurement;Environment
D0000993;B0065344;PL004;Measurement;Environment
D0001576;B0008734;PL004;Measurement;Environment
D0003095;B0046561;PL004;Measurement;Environment
D0003133;B0028669;PL004;Measurement;Environment
D0003884;B0010085;PL004;Measurement;Environment
D0005200;B0008470;PL004;Measurement;Environment
D0000391;B0023934;PL004;Measurement;Environment
D0000505;B0045952;PL004;Measurement;Environment
D0000940;B0072611;PL004;Measurement;Environment
D0001384;B0038315;PL004;Measurement;Environment
D0001591;B0016973;PL004;Measurement;Environment
D0002054;B0025939;PL004;Measurement;Environment
D0002771;B0012252;PL004;Measurement;Environment
D0003721;B0008100;PL004;Measurement;Environment
D0005243;B0038999;PL004;Measurement;Environment
D0002225;B0071445;PL004;Measurement;Environment
D0005153;B0050642;PL004;Measurement;Environment
D0005494;B0041813;PL004;Measurement;Environment
D0004332;B0047362;PL004;Measurement;Environment
D0005758;B0000561;PL004;Measurement;Environment
D0002465;B0064318;PL004;Measurement;Environment
D0003838;B0004238;PL004;Measurement;Environment
D0000781;B0072278;PL004;Measurement;Environment
D0002289;B0029003;PL004;Measurement;Environment
D0001010;B0025064;PL004;Measurement;Environment
D0005942;B0019786;PL004;Measurement;Environment
D0000823;B0070185;PL004;Measurement;Environment
D0000019;B0054166;PL004;Measurement;Environment
D0000125;B0024939;PL004;Measurement;Environment
D0004052;B0028889;PL004;Measurement;Environment
D0001583;B0005816;PL004;Measurement;Environment
D0000775;B0049158;PL004;Measurement;Environment
D0003059;B0026562;PL004;Measurement;Environment
D0002125;B0061021;PL004;Measurement;Environment
D0005008;B0074190;PL004;Measurement;Environment
D0005010;B0059803;PL004;Measurement;Environment
D0005062;B0066124;PL004;Measurement;Environment
D0001238;B0031696;PL004;Measurement;Environment
D0000399;B0051274;PL004;Measurement;Environment
D0001913;B0050417;PL004;Measurement;Environment
D0001995;B0057280;PL004;Measurement;Environment
D0002220;B0009626;PL004;Measurement;Environment
D0001356;B0060670;PL004;Measurement;Environment
D0002969;B0065504;PL004;Measurement;Environment
D0003325;B0018764;PL004;Measurement;Environment
D0003702;B0009843;PL004;Measurement;Environment
D0002361;B0061553;PL004;Measurement;Environment
D0004385;B0043064;PL004;Measurement;Environment
D0001327;B0021260;PL004;Measurement;Environment
D0001671;B0022300;PL004;Measurement;Environment
D0003170;B0072055;PL004;Measurement;Environment
D0002886;B0015189;PL004;Measurement;Environment
D0003417;B0013898;PL004;Measurement;Environment
D0003846;B0038266;PL004;Measurement;Environment
D0004551;B0002074;PL004;Measurement;Environment
D0002670;B0054611;PL004;Measurement;Environment
D0002359;B0059907;PL009;Method;Environment
D0005497;B0054735;PL009;Method;Environment
D0000101;B0044594;PL009;Method;Environment
D0002186;B0048055;PL009;Method;Environment
D0003147;B0074955;PL009;Method;Environment
D0002287;B0049144;PL009;Method;Environment
D0002115;B0018664;PL009;Method;Environment
D0005265;B0034464;PL009;Method;Environment
D0003752;B0025524;PL009;Method;Environment
D0005932;B0015558;PL009;Method;Environment
D0001317;B0072155;PL009;Method;Environment
D0003444;B0005688;PL009;Method;Environment
D0003849;B0018686;PL009;Method;Environment
D0000060;B0033492;PL009;Method;Environment
D0000171;B0036688;PL009;Method;Environment
D0001715;B0060419;PL009;Method;Environment
D0001905;B0070310;PL009;Method;Environment
D0000471;B0012224;PL009;Method;Environment
D0000444;B0052170;PL009;Method;Environment
D0001563;B0014320;PL009;Method;Environment
D0003608;B0068204;PL009;Method;Environment
D0000833;B0071003;PL009;Method;Environment
D0000926;B0040085;PL009;Method;Environment
D0004940;B0021190;PL009;Method;Environment
D0000975;B0029730;PL001;Method;Environment
D0003062;B0051542;PL001;Method;Environment
D0004298;B0039553;PL001;Method;Environment
D0000923;B0019113;PL001;Method;Environment
D0001653;B0006926;PL001;Method;Environment
D0001721;B0043724;PL001;Method;Environment
D0002852;B0062652;PL001;Method;Environment
D0003603;B0026668;PL001;Method;Environment
D0005256;B0001120;PL001;Method;Environment
D0005994;B0065967;PL001;Method;Environment
D0000356;B0000522;PL001;Method;Environment
D0002035;B0058308;PL001;Method;Environment
D0003385;B0017260;PL001;Method;Environment
D0004947;B0030226;PL001;Method;Environment
D0001088;B0008893;PL001;Method;Environment
D0004641;B0013117;PL001;Method;Environment
D0001176;B0026455;PL001;Method;Environment
D0002175;B0023077;PL001;Method;Environment
D0004553;B0037713;PL001;Method;Environment
D0005623;B0000959;PL001;Method;Environment
D0001835;B0029826;PL001;Method;Environment
D0003567;B0004013;PL001;Method;Environment
D0004571;B0011610;PL001;Method;Environment
D0001962;B0050935;PL001;Method;Environment
D0005695;B0015038;PL001;Method;Environment
D0001593;B0031841;PL001;Method;Environment
D0001231;B0041918;PL007;Method;Environment
D0004219;B0046666;PL007;Method;Environment
D0004291;B0058561;PL007;Method;Environment
D0001910;B0072792;PL007;Method;Environment
D0005143;B0019129;PL007;Method;Environment
D0005241;B0065571;PL007;Method;Environment
D0000631;B0021985;PL007;Method;Environment
D0001076;B0067847;PL007;Method;Environment
D0001309;B0025535;PL007;Method;Environment
D0001830;B0032495;PL007;Method;Environment
D0002536;B0070609;PL007;Method;Environment
D0002811;B0036667;PL007;Method;Environment
D0003406;B0051756;PL007;Method;Environment
D0003932;B0051157;PL007;Method;Environment
D0004313;B0067317;PL007;Method;Environment
D0001065;B0057114;PL007;Method;Environment
D0001359;B0014119;PL007;Method;Environment
D0002846;B0020151;PL007;Method;Environment
D0005027;B0027459;PL007;Method;Environment
D0005480;B0031564;PL007;Method;Environment
D0000482;B0055662;PL007;Method;Environment
D0000667;B0011312;PL007;Method;Environment
D0000767;B0059551;PL007;Method;Environment
D0000939;B0062709;PL007;Method;Environment
D0005975;B0073322;PL007;Method;Environment
D0003217;B0059264;PL007;Method;Environment
D0004951;B0025733;PL007;Method;Environment
D0000942;B0056300;PL007;Method;Environment
D0005763;B0024823;PL007;Method;Environment
D0005953;B0048527;PL007;Method;Environment
D0000961;B0035042;PL007;Method;Environment
D0004481;B0048593;PL007;Method;Environment
D0000380;B0012730;PL007;Method;Environment
D0000465;B0037875;PL007;Method;Environment
D0000934;B0001658;PL007;Method;Environment
D0001376;B0047565;PL007;Method;Environment
D0002819;B0063133;PL007;Method;Environment
D0003488;B0047471;PL007;Method;Environment
D0003599;B0063227;PL007;Method;Environment
D0004845;B0060557;PL007;Method;Environment
D0005612;B0020667;PL007;Method;Environment
D0000056;B0068129;PL007;Method;Environment
D0002195;B0070416;PL007;Method;Environment
D0004446;B0046001;PL007;Method;Environment
D0003105;B0045786;PL007;Method;Environment
D0002549;B0069021;PL007;Method;Environment
D0002818;B0041019;PL007;Method;Environment
D0004972;B0026067;PL007;Method;Environment
D0004849;B0050121;PL007;Method;Environment
D0000384;B0037735;PL007;Method;Environment
D0000572;B0024346;PL007;Method;Environment
D0001426;B0059186;PL007;Method;Environment
D0002098;B0017384;PL007;Method;Environment
D0002492;B0067100;PL007;Method;Environment
D0005541;B0071636;PL007;Method;Environment
D0005886;B0030041;PL007;Method;Environment
D0001244;B0001188;PL007;Method;Environment
D0001571;B0053710;PL007;Method;Environment
D0000696;B0005298;PL007;Method;Environment
D0001006;B0002033;PL007;Method;Environment
D0002894;B0052471;PL007;Method;Environment
D0002893;B0047063;PL007;Method;Environment
D0004081;B0040796;PL007;Method;Environment
D0002528;B0060521;PL007;Method;Environment
D0002624;B0071348;PL007;Method;Environment
D0005401;B0041773;PL007;Method;Environment
D0005118;B0025548;PL007;Method;Environment
D0001383;B0065514;PL007;Method;Environment
D0003943;B0052148;PL007;Method;Environment
D0000493;B0059720;PL007;Method;Environment
D0000724;B0015218;PL007;Method;Environment
D0001092;B0006447;PL007;Method;Environment
D0005887;B0011747;PL007;Method;Environment
D0001785;B0016461;PL007;Method;Environment
D0001680;B0065556;PL007;Method;Environment
D0002347;B0009715;PL010;Method;Environment
D0003522;B0055254;PL010;Method;Environment
D0003842;B0056458;PL010;Method;Environment
D0003930;B0048028;PL010;Method;Environment
D0005473;B0021803;PL010;Method;Environment
D0000207;B0018605;PL010;Method;Environment
D0000970;B0008309;PL010;Method;Environment
D0004708;B0045281;PL010;Method;Environment
D0000235;B0030804;PL010;Method;Environment
D0000650;B0020747;PL010;Method;Environment
D0001950;B0023587;PL010;Method;Environment
D0002304;B0009185;PL010;Method;Environment
D0002526;B0070428;PL010;Method;Environment
D0002799;B0054697;PL010;Method;Environment
D0003238;B0073132;PL010;Method;Environment
D0004258;B0015859;PL010;Method;Environment
D0004424;B0041998;PL010;Method;Environment
D0004852;B0037045;PL010;Method;Environment
D0000211;B0023751;PL010;Method;Environment
D0002930;B0052737;PL010;Method;Environment
D0004508;B0048399;PL010;Method;Environment
D0004593;B0043918;PL010;Method;Environment
D0001674;B0044305;PL010;Method;Environment
D0002203;B0061074;PL010;Method;Environment
D0002865;B0003913;PL010;Method;Environment
D0003571;B0031141;PL010;Method;Environment
D0003964;B0070250;PL010;Method;Environment
D0004253;B0066536;PL010;Method;Environment
D0005278;B0042653;PL010;Method;Environment
D0005407;B0041408;PL010;Method;Environment
D0003023;B0037897;PL010;Method;Environment
D0005299;B0074174;PL010;Method;Environment
D0001981;B0034970;PL010;Method;Environment
D0001322;B0006790;PL010;Method;Environment
D0002959;B0026563;PL010;Method;Environment
D0003450;B0019016;PL010;Method;Environment
D0003860;B0031142;PL010;Method;Environment
D0005113;B0000296;PL010;Method;Environment
D0005060;B0059660;PL010;Method;Environment
D0002194;B0072868;PL010;Method;Environment
D0003796;B0044368;PL010;Method;Environment
D0004746;B0004723;PL010;Method;Environment
D0004799;B0048129;PL010;Method;Environment
D0005020;B0045474;PL010;Method;Environment
D0003578;B0042933;PL010;Method;Environment
D0001514;B0041425;PL010;Method;Environment
D0000263;B0061903;PL010;Method;Environment
D0000475;B0064444;PL010;Method;Environment
D0000539;B0030665;PL010;Method;Environment
D0002557;B0025876;PL010;Method;Environment
D0005231;B0030411;PL010;Method;Environment
D0005844;B0033311;PL010;Method;Environment
D0003333;B0062287;PL010;Method;Environment
D0004234;B0006803;PL010;Method;Environment
D0000257;B0024380;PL010;Method;Environment
D0001352;B0006662;PL010;Method;Environment
D0001360;B0036031;PL010;Method;Environment
D0001409;B0035386;PL010;Method;Environment
D0001435;B0030007;PL010;Method;Environment
D0002317;B0035555;PL010;Method;Environment
D0003580;B0068301;PL010;Method;Environment
D0004015;B0000237;PL010;Method;Environment
D0004993;B0022994;PL010;Method;Environment
D0005263;B0050573;PL010;Method;Environment
D0004161;B0022012;PL010;Method;Environment
D0003819;B0024886;PL010;Method;Environment
D0000577;B0026095;PL010;Method;Environment
D0005144;B0063270;PL010;Method;Environment
D0000050;B0060874;PL010;Method;Environment
D0002163;B0024800;PL010;Method;Environment
D0002403;B0006830;PL010;Method;Environment
D0004554;B0038348;PL010;Method;Environment
D0003045;B0035537;PL010;Method;Environment
D0004006;B0066617;PL010;Method;Environment
D0004579;B0024446;PL010;Method;Environment
D0000315;B0020166;PL010;Method;Environment
D0003676;B0026653;PL010;Method;Environment
D0004123;B0035821;PL010;Method;Environment
D0000122;B0020032;PL010;Method;Environment
D0000962;B0030408;PL010;Method;Environment
D0000832;B0068779;PL010;Method;Environment
D0004989;B0062431;PL010;Method;Environment
D0000903;B0025057;PL006;Method;Environment
D0005527;B0016631;PL006;Method;Environment
D0001292;B0064918;PL006;Method;Environment
D0000180;B0072388;PL006;Method;Environment
D0000593;B0002644;PL006;Method;Environment
D0000613;B0068149;PL006;Method;Environment
D0001222;B0047202;PL006;Method;Environment
D0001561;B0030468;PL006;Method;Environment
D0001669;B0061347;PL006;Method;Environment
D0002214;B0049124;PL006;Method;Environment
D0003339;B0045108;PL006;Method;Environment
D0004122;B0042651;PL006;Method;Environment
D0004800;B0053484;PL006;Method;Environment
D0004901;B0071159;PL006;Method;Environment
D0005070;B0044583;PL006;Method;Environment
D0005293;B0025404;PL006;Method;Environment
D0002533;B0035542;PL006;Method;Environment
D0003003;B0028593;PL006;Method;Environment
D0003243;B0033229;PL006;Method;Environment
D0003793;B0030377;PL006;Method;Environment
D0004105;B0023872;PL006;Method;Environment
D0000252;B0047717;PL006;Method;Environment
D0000865;B0053722;PL006;Method;Environment
D0001772;B0034012;PL006;Method;Environment
D0002413;B0065185;PL006;Method;Environment
D0003418;B0012301;PL006;Method;Environment
D0003640;B0039954;PL006;Method;Environment
D0003815;B0024384;PL006;Method;Environment
D0002122;B0031629;PL006;Method;Environment
D0002148;B0024748;PL006;Method;Environment
D0002432;B0009010;PL006;Method;Environment
D0005197;B0009881;PL006;Method;Environment
D0002486;B0058605;PL006;Method;Environment
D0004468;B0058024;PL006;Method;Environment
D0000719;B0042387;PL006;Method;Environment
D0000991;B0012930;PL006;Method;Environment
D0001440;B0063558;PL006;Method;Environment
D0002240;B0070344;PL006;Method;Environment
D0002294;B0017998;PL006;Method;Environment
D0002778;B0001711;PL006;Method;Environment
D0004044;B0013391;PL006;Method;Environment
D0004379;B0053114;PL006;Method;Environment
D0004628;B0050342;PL006;Method;Environment
D0005601;B0070646;PL006;Method;Environment
D0005704;B0069924;PL006;Method;Environment
D0005859;B0010402;PL006;Method;Environment
D0002612;B0072142;PL006;Method;Environment
D0004349;B0044352;PL006;Method;Environment
D0000842;B0041756;PL006;Method;Environment
D0000797;B0049942;PL006;Method;Environment
D0001478;B0049442;PL006;Method;Environment
D0004513;B0003484;PL006;Method;Environment
D0005982;B0001435;PL006;Method;Environment
D0000749;B0067719;PL006;Method;Environment
D0004262;B0026905;PL006;Method;Environment
D0001295;B0022932;PL006;Method;Environment
D0003886;B0072177;PL006;Method;Environment
D0005873;B0039662;PL006;Method;Environment
D0005187;B0024426;PL006;Method;Environment
D0001659;B0054959;PL006;Method;Environment
D0002381;B0016855;PL006;Method;Environment
D0003393;B0016827;PL006;Method;Environment
D0005025;B0018326;PL006;Method;Environment
D0002564;B0012135;PL006;Method;Environment
D0001075;B0031988;PL006;Method;Environment
D0000481;B0015153;PL006;Method;Environment
D0004098;B0032014;PL006;Method;Environment
D0001477;B0008003;PL006;Method;Environment
D0001829;B0021490;PL006;Method;Environment
D0005545;B0028157;PL006;Method;Environment
D0003658;B0024279;PL006;Method;Environment
D0000346;B0037690;PL006;Method;Environment
D0001918;B0051751;PL006;Method;Environment
D0004091;B0030173;PL006;Method;Environment
D0002509;B0019686;PL006;Method;Environment
D0004718;B0049520;PL006;Method;Environment
D0005326;B0013978;PL006;Method;Environment
D0003620;B0059283;PL006;Method;Environment
D0002253;B0054590;PL006;Method;Environment
D0002627;B0056473;PL006;Method;Environment
D0002738;B0010014;PL006;Method;Environment
D0005080;B0010336;PL006;Method;Environment
D0001290;B0037660;PL006;Method;Environment
D0003108;B0028781;PL006;Method;Environment
D0003021;B0065704;PL006;Method;Environment
D0001864;B0010631;PL006;Method;Environment
D0005413;B0068708;PL008;Method;Environment
D0001058;B0045674;PL008;Method;Environment
D0003032;B0029819;PL008;Method;Environment
D0003680;B0041090;PL008;Method;Environment
D0003758;B0034537;PL008;Method;Environment
D0004782;B0056411;PL008;Method;Environment
D0005460;B0034833;PL008;Method;Environment
D0000111;B0024914;PL008;Method;Environment
D0000288;B0048431;PL008;Method;Environment
D0000512;B0052515;PL008;Method;Environment
D0000893;B0021542;PL008;Method;Environment
D0001505;B0032254;PL008;Method;Environment
D0001750;B0007093;PL008;Method;Environment
D0001931;B0038332;PL008;Method;Environment
D0002074;B0052436;PL008;Method;Environment
D0005727;B0020469;PL008;Method;Environment
D0005824;B0006758;PL008;Method;Environment
D0000898;B0007113;PL008;Method;Environment
D0001110;B0050725;PL008;Method;Environment
D0002160;B0039790;PL008;Method;Environment
D0002288;B0055416;PL008;Method;Environment
D0002520;B0070183;PL008;Method;Environment
D0002883;B0044704;PL008;Method;Environment
D0003816;B0013366;PL008;Method;Environment
D0004154;B0003530;PL008;Method;Environment
D0000303;B0050696;PL008;Method;Environment
D0000905;B0000391;PL008;Method;Environment
D0002261;B0052127;PL008;Method;Environment
D0002427;B0052469;PL008;Method;Environment
D0004120;B0048986;PL008;Method;Environment
D0004525;B0053629;PL008;Method;Environment
D0005239;B0045546;PL008;Method;Environment
D0005679;B0002113;PL008;Method;Environment
D0005806;B0049605;PL008;Method;Environment
D0002187;B0010397;PL008;Method;Environment
D0002637;B0027568;PL008;Method;Environment
D0003235;B0030110;PL008;Method;Environment
D0005823;B0012132;PL008;Method;Environment
D0000853;B0025908;PL008;Method;Environment
D0001366;B0043914;PL008;Method;Environment
D0004079;B0074709;PL008;Method;Environment
D0004111;B0073869;PL008;Method;Environment
D0004135;B0058888;PL008;Method;Environment
D0000680;B0021895;PL008;Method;Environment
D0004214;B0036217;PL008;Method;Environment
D0004626;B0070020;PL008;Method;Environment
D0004786;B0066488;PL008;Method;Environment
D0005702;B0037910;PL008;Method;Environment
D0000385;B0048763;PL008;Method;Environment
D0003776;B0044426;PL008;Method;Environment
D0000729;B0029848;PL008;Method;Environment
D0000907;B0069318;PL008;Method;Environment
D0001941;B0045459;PL008;Method;Environment
D0003424;B0023108;PL008;Method;Environment
D0004022;B0041310;PL008;Method;Environment
D0004815;B0024025;PL008;Method;Environment
D0005252;B0002885;PL008;Method;Environment
D0005123;B0020327;PL008;Method;Environment
D0005740;B0069661;PL008;Method;Environment
D0001763;B0029986;PL008;Method;Environment
D0003606;B0014594;PL008;Method;Environment
D0000095;B0025342;PL008;Method;Environment
D0003951;B0011273;PL008;Method;Environment
D0000929;B0037978;PL008;Method;Environment
D0002869;B0039116;PL008;Method;Environment
D0003247;B0055034;PL008;Method;Environment
D0003708;B0074837;PL008;Method;Environment
D0004292;B0020353;PL008;Method;Environment
D0005867;B0055204;PL008;Method;Environment
D0001808;B0027452;PL008;Method;Environment
D0003841;B0046850;PL008;Method;Environment
D0005596;B0052755;PL008;Method;Environment
D0001009;B0066442;PL008;Method;Environment
D0002151;B0039094;PL008;Method;Environment
D0000377;B0069151;PL008;Method;Environment
D0001284;B0029709;PL008;Method;Environment
D0002185;B0032409;PL008;Method;Environment
D0002283;B0052563;PL008;Method;Environment
D0003419;B0065404;PL008;Method;Environment
D0003828;B0050596;PL008;Method;Environment
D0004180;B0007856;PL008;Method;Environment
D0005902;B0014115;PL008;Method;Environment
D0000218;B0019006;PL008;Method;Environment
D0002050;B0032239;PL008;Method;Environment
D0004489;B0037704;PL008;Method;Environment
D0005412;B0018430;PL008;Method;Environment
D0003309;B0055939;PL008;Method;Environment
D0003431;B0003536;PL008;Method;Environment
D0000757;B0072284;PL008;Method;Environment
D0004519;B0074034;PL008;Method;Environment
D0001266;B0007170;PL008;Method;Environment
D0004637;B0041992;PL008;Method;Environment
D0001555;B0007517;PL008;Method;Environment
D0000020;B0003411;PL005;Method;Environment
D0003959;B0037390;PL005;Method;Environment
D0000043;B0074662;PL005;Method;Environment
D0001291;B0012565;PL005;Method;Environment
D0001924;B0000839;PL005;Method;Environment
D0002698;B0017933;PL005;Method;Environment
D0003007;B0074313;PL005;Method;Environment
D0003734;B0022496;PL005;Method;Environment
D0004549;B0007761;PL005;Method;Environment
D0000518;B0042971;PL005;Method;Environment
D0000747;B0059108;PL005;Method;Environment
D0001052;B0074387;PL005;Method;Environment
D0001192;B0026074;PL005;Method;Environment
D0001730;B0037042;PL005;Method;Environment
D0001780;B0040556;PL005;Method;Environment
D0002368;B0024023;PL005;Method;Environment
D0002479;B0027675;PL005;Method;Environment
D0002731;B0041080;PL005;Method;Environment
D0003789;B0028860;PL005;Method;Environment
D0004819;B0058956;PL005;Method;Environment
D0005271;B0037026;PL005;Method;Environment
D0005852;B0003070;PL005;Method;Environment
D0005705;B0032676;PL005;Method;Environment
D0000313;B0026193;PL005;Method;Environment
D0001948;B0011947;PL005;Method;Environment
D0002567;B0047522;PL005;Method;Environment
D0003858;B0029750;PL005;Method;Environment
D0003983;B0019517;PL005;Method;Environment
D0004843;B0002531;PL005;Method;Environment
D0005028;B0028825;PL005;Method;Environment
D0005104;B0057317;PL005;Method;Environment
D0005954;B0053144;PL005;Method;Environment
D0000031;B0025779;PL005;Method;Environment
D0001693;B0000533;PL005;Method;Environment
D0002604;B0051413;PL005;Method;Environment
D0003664;B0045354;PL005;Method;Environment
D0004396;B0047069;PL005;Method;Environment
D0004321;B0026383;PL005;Method;Environment
D0004725;B0014078;PL005;Method;Environment
D0005152;B0017728;PL005;Method;Environment
D0005250;B0070002;PL005;Method;Environment
D0000224;B0016248;PL005;Method;Environment
D0000499;B0066853;PL005;Method;Environment
D0000908;B0011577;PL005;Method;Environment
D0001657;B0060022;PL005;Method;Environment
D0002881;B0010642;PL005;Method;Environment
D0002901;B0054777;PL005;Method;Environment
D0003700;B0041348;PL005;Method;Environment
D0003761;B0052907;PL005;Method;Environment
D0003763;B0012590;PL005;Method;Environment
D0004042;B0027800;PL005;Method;Environment
D0004269;B0062413;PL005;Method;Environment
D0005374;B0030712;PL005;Method;Environment
D0005632;B0028670;PL005;Method;Environment
D0000977;B0069459;PL005;Method;Environment
D0002475;B0039105;PL005;Method;Environment
D0005089;B0048898;PL005;Method;Environment
D0002057;B0059179;PL005;Method;Environment
D0005966;B0036524;PL005;Method;Environment
D0001891;B0068577;PL005;Method;Environment
D0003543;B0071533;PL005;Method;Environment
D0000931;B0074935;PL005;Method;Environment
D0005430;B0066682;PL005;Method;Environment
D0005446;B0040625;PL005;Method;Environment
D0000198;B0022792;PL005;Method;Environment
D0000589;B0056509;PL005;Method;Environment
D0002953;B0017126;PL005;Method;Environment
D0003916;B0008810;PL005;Method;Environment
D0003633;B0012133;PL005;Method;Environment
D0004398;B0066798;PL005;Method;Environment
D0004501;B0014537;PL005;Method;Environment
D0002365;B0044840;PL005;Method;Environment
D0000434;B0026937;PL005;Method;Environment
D0000764;B0006416;PL005;Method;Environment
D0001538;B0046709;PL005;Method;Environment
D0001667;B0068705;PL005;Method;Environment
D0003154;B0016523;PL005;Method;Environment
D0004968;B0016432;PL005;Method;Environment
D0005294;B0065437;PL005;Method;Environment
D0005410;B0030614;PL005;Method;Environment
D0005644;B0028370;PL005;Method;Environment
D0005965;B0054117;PL005;Method;Environment
D0000675;B0015086;PL005;Method;Environment
D0001152;B0026348;PL005;Method;Environment
D0004401;B0065795;PL005;Method;Environment
D0000859;B0028545;PL005;Method;Environment
D0005138;B0020647;PL005;Method;Environment
D0001209;B0046036;PL005;Method;Environment
D0004605;B0059134;PL005;Method;Environment
D0000395;B0012529;PL005;Method;Environment
D0001385;B0050892;PL005;Method;Environment
D0004196;B0064735;PL005;Method;Environment
D0002541;B0046814;PL005;Method;Environment
D0003039;B0003443;PL005;Method;Environment
D0004325;B0017568;PL005;Method;Environment
D0001308;B0038208;PL005;Method;Environment
D0001272;B0017277;PL005;Method;Environment
D0002500;B0070445;PL005;Method;Environment
D0000864;B0054177;PL005;Method;Environment
D0000615;B0014721;PL005;Method;Environment
D0002862;B0048729;PL005;Method;Environment
D0002885;B0042680;PL005;Method;Environment
D0002369;B0036423;PL005;Method;Environment
D0001744;B0037053;PL005;Method;Environment
D0004484;B0023089;PL005;Method;Environment
D0004621;B0067712;PL005;Method;Environment
D0004600;B0069826;PL005;Method;Environment
D0002703;B0060896;PL005;Method;Environment
D0005993;B0057497;PL005;Method;Environment
D0000077;B0071756;PL005;Method;Environment
D0004183;B0043862;PL005;Method;Environment
D0001729;B0051325;PL004;Method;Environment
D0003966;B0063150;PL004;Method;Environment
D0005672;B0054113;PL004;Method;Environment
D0005851;B0024944;PL004;Method;Environment
D0005858;B0005664;PL004;Method;Environment
D0000032;B0020642;PL004;Method;Environment
D0000203;B0038378;PL004;Method;Environment
D0000580;B0058028;PL004;Method;Environment
D0002028;B0047920;PL004;Method;Environment
D0002049;B0011307;PL004;Method;Environment
D0002454;B0058167;PL004;Method;Environment
D0004282;B0073251;PL004;Method;Environment
D0004480;B0052260;PL004;Method;Environment
D0004694;B0051736;PL004;Method;Environment
D0000337;B0023794;PL004;Method;Environment
D0000466;B0018352;PL004;Method;Environment
D0000488;B0034979;PL004;Method;Environment
D0002126;B0005710;PL004;Method;Environment
D0002133;B0041213;PL004;Method;Environment
D0002943;B0044016;PL004;Method;Environment
D0003276;B0070921;PL004;Method;Environment
D0003507;B0033775;PL004;Method;Environment
D0004471;B0043835;PL004;Method;Environment
D0000264;B0041629;PL004;Method;Environment
D0001614;B0008935;PL004;Method;Environment
D0001796;B0054984;PL004;Method;Environment
D0001873;B0029938;PL004;Method;Environment
D0002290;B0064689;PL004;Method;Environment
D0003107;B0010239;PL004;Method;Environment
D0004261;B0047864;PL004;Method;Environment
D0000456;B0029274;PL004;Method;Environment
D0001017;B0003918;PL004;Method;Environment
D0001625;B0043075;PL004;Method;Environment
D0002385;B0043515;PL004;Method;Environment
D0003112;B0013843;PL004;Method;Environment
D0003234;B0041670;PL004;Method;Environment
D0003489;B0035173;PL004;Method;Environment
D0003785;B0036802;PL004;Method;Environment
D0003890;B0007936;PL004;Method;Environment
D0004232;B0044302;PL004;Method;Environment
D0004270;B0010955;PL004;Method;Environment
D0004723;B0053080;PL004;Method;Environment
D0004897;B0063117;PL004;Method;Environment
D0004976;B0005349;PL004;Method;Environment
D0005603;B0000394;PL004;Method;Environment
D0001241;B0060112;PL004;Method;Environment
D0002676;B0026217;PL004;Method;Environment
D0003697;B0007309;PL004;Method;Environment
D0004103;B0040304;PL004;Method;Environment
D0000426;B0060032;PL004;Method;Environment
D0002870;B0073289;PL004;Method;Environment
D0002993;B0052801;PL004;Method;Environment
D0003962;B0050156;PL004;Method;Environment
D0003859;B0013925;PL004;Method;Environment
D0003874;B0052355;PL004;Method;Environment
D0000098;B0073076;PL004;Method;Environment
D0000530;B0001045;PL004;Method;Environment
D0000817;B0061265;PL004;Method;Environment
D0001242;B0052748;PL004;Method;Environment
D0001761;B0002119;PL004;Method;Environment
D0001896;B0015982;PL004;Method;Environment
D0002752;B0024486;PL004;Method;Environment
D0002779;B0027356;PL004;Method;Environment
D0003255;B0027476;PL004;Method;Environment
D0003692;B0040396;PL004;Method;Environment
D0003797;B0047409;PL004;Method;Environment
D0004003;B0070037;PL004;Method;Environment
D0004025;B0040450;PL004;Method;Environment
D0004426;B0036347;PL004;Method;Environment
D0005838;B0050721;PL004;Method;Environment
D0001068;B0022287;PL004;Method;Environment
D0001259;B0040367;PL004;Method;Environment
D0001933;B0057981;PL004;Method;Environment
D0003340;B0032595;PL004;Method;Environment
D0004331;B0054742;PL004;Method;Environment
D0004589;B0069941;PL004;Method;Environment
D0004836;B0060258;PL004;Method;Environment
D0002660;B0069098;PL004;Method;Environment
D0004143;B0051051;PL004;Method;Environment
D0000807;B0043369;PL004;Method;Environment
D0003836;B0021902;PL004;Method;Environment
D0000283;B0065201;PL004;Method;Environment
D0000819;B0067075;PL004;Method;Environment
D0001047;B0050833;PL004;Method;Environment
D0001881;B0008203;PL004;Method;Environment
D0003028;B0003019;PL004;Method;Environment
D0004343;B0000831;PL004;Method;Environment
D0005290;B0020810;PL004;Method;Environment
D0005719;B0058231;PL004;Method;Environment
D0004721;B0010802;PL004;Method;Environment
D0005911;B0064611;PL004;Method;Environment
D0000872;B0063676;PL004;Method;Environment
D0001168;B0064210;PL004;Method;Environment
D0001769;B0016311;PL004;Method;Environment
D0001843;B0048380;PL004;Method;Environment
D0002095;B0068548;PL004;Method;Environment
D0002308;B0011668;PL004;Method;Environment
D0005007;B0051348;PL004;Method;Environment
D0005616;B0027245;PL004;Method;Environment
D0001345;B0026432;PL004;Method;Environment
D0002140;B0011713;PL004;Method;Environment
D0005033;B0066908;PL004;Method;Environment
D0000051;B0048645;PL004;Method;Environment
D0000596;B0020816;PL004;Method;Environment
D0003249;B0032178;PL004;Method;Environment
D0005084;B0052331;PL004;Method;Environment
D0005609;B0060510;PL004;Method;Environment
D0005731;B0000852;PL004;Method;Environment
D0002032;B0066601;PL004;Method;Environment
D0001136;B0004010;PL004;Method;Environment
D0001958;B0063059;PL004;Method;Environment
D0002270;B0006886;PL004;Method;Environment
D0002910;B0012142;PL004;Method;Environment
D0004514;B0003758;PL004;Method;Environment
D0003264;B0017754;PL004;Method;Environment
D0002807;B0027588;PL004;Method;Environment
D0005578;B0048192;PL004;Method;Environment
D0002841;B0048223;PL004;Method;Environment
D0000921;B0006026;PL004;Method;Environment
D0002351;B0023732;PL004;Method;Environment
D0000888;B0033066;PL004;Method;Environment
D0003482;B0026191;PL004;Method;Environment
D0000943;B0022246;PL004;Method;Environment
D0004965;B0023344;PL004;Method;Environment
D0001858;B0071874;PL004;Method;Environment
D0004659;B0070089;PL004;Method;Environment
D0003104;B0028912;PL004;Method;Environment
D0005939;B0048521;PL004;Method;Environment
D0005822;B0040618;PL004;Method;Environment
D0000542;B0069266;PL004;Method;Environment
D0002335;B0044422;PL004;Method;Environment
D0002346;B0047194;PL004;Method;Environment
D0002907;B0028667;PL004;Method;Environment
D0005583;B0039947;PL004;Method;Environment
D0000568;B0000830;PL004;Method;Environment
D0005362;B0027023;PL004;Method;Environment
D0005262;B0034381;PL004;Method;Environment
D0001486;B0040734;PL004;Method;Environment
D0000858;B0069619;PL004;Method;Environment
D0001605;B0038436;PL002;Method;Environment
D0001727;B0061794;PL002;Method;Environment
D0002999;B0063160;PL002;Method;Environment
D0005393;B0054700;PL002;Method;Environment
D0001287;B0029059;PL002;Method;Environment
D0001506;B0052957;PL002;Method;Environment
D0001517;B0009207;PL002;Method;Environment
D0002809;B0064682;PL002;Method;Environment
D0003018;B0020130;PL002;Method;Environment
D0003534;B0019614;PL002;Method;Environment
D0004870;B0055620;PL002;Method;Environment
D0005363;B0021869;PL002;Method;Environment
D0000012;B0071179;PL002;Method;Environment
D0000774;B0060303;PL002;Method;Environment
D0001391;B0030440;PL002;Method;Environment
D0001443;B0044676;PL002;Method;Environment
D0001507;B0070100;PL002;Method;Environment
D0001570;B0058066;PL002;Method;Environment
D0002072;B0057467;PL002;Method;Environment
D0002406;B0042538;PL002;Method;Environment
D0005357;B0042132;PL002;Method;Environment
D0000786;B0061049;PL002;Method;Environment
D0001778;B0019536;PL002;Method;Environment
D0002096;B0054264;PL002;Method;Environment
D0002209;B0024903;PL002;Method;Environment
D0002777;B0023149;PL002;Method;Environment
D0003179;B0046853;PL002;Method;Environment
D0004126;B0034775;PL002;Method;Environment
D0004128;B0062309;PL002;Method;Environment
D0005331;B0066543;PL002;Method;Environment
D0005379;B0021682;PL002;Method;Environment
D0000791;B0064499;PL002;Method;Environment
D0001338;B0068535;PL002;Method;Environment
D0001871;B0020136;PL002;Method;Environment
D0002082;B0022700;PL002;Method;Environment
D0002806;B0039352;PL002;Method;Environment
D0003053;B0047440;PL002;Method;Environment
D0003401;B0005734;PL002;Method;Environment
D0003439;B0019893;PL002;Method;Environment
D0003643;B0042865;PL002;Method;Environment
D0004222;B0001466;PL002;Method;Environment
D0004510;B0039468;PL002;Method;Environment
D0004630;B0043793;PL002;Method;Environment
D0005039;B0016049;PL002;Method;Environment
D0005110;B0020161;PL002;Method;Environment
D0005643;B0025410;PL002;Method;Environment
D0005736;B0050264;PL002;Method;Environment
D0001646;B0074804;PL002;Method;Environment
D0002709;B0007293;PL002;Method;Environment
D0004151;B0072989;PL002;Method;Environment
D0001353;B0001006;PL002;Method;Environment
D0003919;B0064694;PL002;Method;Environment
D0005870;B0007466;PL002;Method;Environment
D0001453;B0036119;PL002;Method;Environment
D0004389;B0042244;PL002;Method;Environment
D0000548;B0066935;PL002;Method;Environment
D0000708;B0052230;PL002;Method;Environment
D0001056;B0028583;PL002;Method;Environment
D0001132;B0054902;PL002;Method;Environment
D0001552;B0038250;PL002;Method;Environment
D0001663;B0055670;PL002;Method;Environment
D0001664;B0000080;PL002;Method;Environment
D0001971;B0052480;PL002;Method;Environment
D0002071;B0056752;PL002;Method;Environment
D0002124;B0036007;PL002;Method;Environment
D0002397;B0018191;PL002;Method;Environment
D0002576;B0023910;PL002;Method;Environment
D0003074;B0060698;PL002;Method;Environment
D0003085;B0041803;PL002;Method;Environment
D0003332;B0030063;PL002;Method;Environment
D0004092;B0033587;PL002;Method;Environment
D0004254;B0001984;PL002;Method;Environment
D0004731;B0056925;PL002;Method;Environment
D0005566;B0047463;PL002;Method;Environment
D0005893;B0052076;PL002;Method;Environment
D0000407;B0031548;PL002;Method;Environment
D0002362;B0047216;PL002;Method;Environment
D0000340;B0059080;PL002;Method;Environment
D0000987;B0074551;PL002;Method;Environment
D0003377;B0050116;PL002;Method;Environment
D0004677;B0073207;PL002;Method;Environment
D0005215;B0009013;PL002;Method;Environment
D0005834;B0054593;PL002;Method;Environment
D0001447;B0027336;PL002;Method;Environment
D0001876;B0009859;PL002;Method;Environment
D0003920;B0004381;PL002;Method;Environment
D0005813;B0037685;PL002;Method;Environment
D0004350;B0038973;PL002;Method;Environment
D0004914;B0054642;PL002;Method;Environment
D0000621;B0065428;PL002;Method;Environment
D0003009;B0006277;PL002;Method;Environment
D0003123;B0066017;PL002;Method;Environment
D0003293;B0010738;PL002;Method;Environment
D0003445;B0041114;PL002;Method;Environment
D0001213;B0032828;PL002;Method;Environment
D0001710;B0028722;PL002;Method;Environment
D0003574;B0047457;PL002;Method;Environment
D0005258;B0045368;PL002;Method;Environment
D0004493;B0052759;PL002;Method;Environment
D0001314;B0019190;PL002;Method;Environment
D0001775;B0065935;PL002;Method;Environment
D0001277;B0015476;PL002;Method;Environment
D0001482;B0045270;PL002;Method;Environment
D0003337;B0032140;PL002;Method;Environment
D0003446;B0031922;PL002;Method;Environment
D0004882;B0056580;PL002;Method;Environment
D0005564;B0027465;PL002;Method;Environment
D0005943;B0029840;PL002;Method;Environment
D0001343;B0041493;PL002;Method;Environment
D0005798;B0058032;PL002;Method;Environment
D0005917;B0011025;PL002;Method;Environment
D0000616;B0074438;PL002;Method;Environment
D0001061;B0070558;PL002;Method;Environment
D0002211;B0056165;PL002;Method;Environment
D0004681;B0063196;PL002;Method;Environment
D0000672;B0030164;PL002;Method;Environment
D0001581;B0073257;PL002;Method;Environment
D0002947;B0001529;PL002;Method;Environment
D0005976;B0022933;PL002;Method;Environment
D0000545;B0022501;PL002;Method;Environment
D0003986;B0069820;PL002;Method;Environment
D0002430;B0034598;PL002;Method;Environment
D0005981;B0031819;PL002;Method;Environment
D0000626;B0056404;PL002;Method;Environment
D0005399;B0012419;PL002;Method;Environment
D0003011;B0068133;PL002;Method;Environment
D0004017;B0025506;PL002;Method;Environment
D0001613;B0020727;PL002;Method;Environment
D0002580;B0070514;PL002;Method;Environment
D0000996;B0068745;PL002;Method;Environment
D0000857;B0069870;PL002;Method;Environment
D0002067;B0001032;PL002;Method;Environment
D0004988;B0059341;PL002;Method;Environment
D0002929;B0006267;PL002;Method;Environment
D0004223;B0045279;PL002;Method;Environment
D0002024;B0000461;PL002;Method;Environment
D0003880;B0051575;PL002;Method;Environment
D0000104;B0044154;PL002;Method;Environment
D0004817;B0071595;PL002;Method;Environment
D0004892;B0003208;PL002;Method;Environment
D0005036;B0022487;PL002;Method;Environment
D0003447;B0047596;PL002;Method;Environment
D0005139;B0044411;PL002;Method;Environment
D0005284;B0033510;PL002;Method;Environment
D0002877;B0058180;PL002;Method;Environment
D0000078;B0034433;PL003;Method;Environment
D0002589;B0049212;PL003;Method;Environment
D0003723;B0065992;PL003;Method;Environment
D0003978;B0035013;PL003;Method;Environment
D0000188;B0013841;PL003;Method;Environment
D0000338;B0061622;PL003;Method;Environment
D0001066;B0047269;PL003;Method;Environment
D0001473;B0007882;PL003;Method;Environment
D0003165;B0018433;PL003;Method;Environment
D0003825;B0028267;PL003;Method;Environment
D0004703;B0072765;PL003;Method;Environment
D0005194;B0008135;PL003;Method;Environment
D0000661;B0011237;PL003;Method;Environment
D0001099;B0010446;PL003;Method;Environment
D0001425;B0059957;PL003;Method;Environment
D0001934;B0070618;PL003;Method;Environment
D0002821;B0020687;PL003;Method;Environment
D0002941;B0043953;PL003;Method;Environment
D0003313;B0041474;PL003;Method;Environment
D0003407;B0031018;PL003;Method;Environment
D0004347;B0026300;PL003;Method;Environment
D0004921;B0047881;PL003;Method;Environment
D0005063;B0048079;PL003;Method;Environment
D0005229;B0056869;PL003;Method;Environment
D0000899;B0030395;PL003;Method;Environment
D0001115;B0064871;PL003;Method;Environment
D0001355;B0007779;PL003;Method;Environment
D0001492;B0073201;PL003;Method;Environment
D0002262;B0048422;PL003;Method;Environment
D0003422;B0059014;PL003;Method;Environment
D0004337;B0054083;PL003;Method;Environment
D0004878;B0074110;PL003;Method;Environment
D0000292;B0015510;PL003;Method;Environment
D0000642;B0017626;PL003;Method;Environment
D0001460;B0005694;PL003;Method;Environment
D0001542;B0049395;PL003;Method;Environment
D0001748;B0032832;PL003;Method;Environment
D0002117;B0020698;PL003;Method;Environment
D0002358;B0054957;PL003;Method;Environment
D0002491;B0010976;PL003;Method;Environment
D0002556;B0071639;PL003;Method;Environment
D0003051;B0031481;PL003;Method;Environment
D0003071;B0034429;PL003;Method;Environment
D0003300;B0011533;PL003;Method;Environment
D0003301;B0000011;PL003;Method;Environment
D0003555;B0030871;PL003;Method;Environment
D0003701;B0037386;PL003;Method;Environment
D0003735;B0043363;PL003;Method;Environment
D0004322;B0051346;PL003;Method;Environment
D0004813;B0031786;PL003;Method;Environment
D0004824;B0015589;PL003;Method;Environment
D0005438;B0044194;PL003;Method;Environment
D0005774;B0051604;PL003;Method;Environment
D0001770;B0015442;PL003;Method;Environment
D0002132;B0046613;PL003;Method;Environment
D0002684;B0004330;PL003;Method;Environment
D0003341;B0001513;PL003;Method;Environment
D0004051;B0072842;PL003;Method;Environment
D0002372;B0014773;PL003;Method;Environment
D0005916;B0023366;PL003;Method;Environment
D0004088;B0057228;PL003;Method;Environment
D0004964;B0043970;PL003;Method;Environment
D0001080;B0068931;PL003;Method;Environment
D0002797;B0029230;PL003;Method;Environment
D0000036;B0063107;PL003;Method;Environment
D0000061;B0031944;PL003;Method;Environment
D0000183;B0023759;PL003;Method;Environment
D0001496;B0068479;PL003;Method;Environment
D0001504;B0037862;PL003;Method;Environment
D0001820;B0013208;PL003;Method;Environment
D0002216;B0024852;PL003;Method;Environment
D0002258;B0069087;PL003;Method;Environment
D0002341;B0053949;PL003;Method;Environment
D0002583;B0012156;PL003;Method;Environment
D0002833;B0000750;PL003;Method;Environment
D0002864;B0016544;PL003;Method;Environment
D0002986;B0042520;PL003;Method;Environment
D0003326;B0074526;PL003;Method;Environment
D0003435;B0052065;PL003;Method;Environment
D0003965;B0013539;PL003;Method;Environment
D0004255;B0053993;PL003;Method;Environment
D0004657;B0043143;PL003;Method;Environment
D0005095;B0074517;PL003;Method;Environment
D0005181;B0002951;PL003;Method;Environment
D0005292;B0043224;PL003;Method;Environment
D0005334;B0007940;PL003;Method;Environment
D0005361;B0028805;PL003;Method;Environment
D0005635;B0054743;PL003;Method;Environment
D0005957;B0013268;PL003;Method;Environment
D0000244;B0048751;PL003;Method;Environment
D0002765;B0005952;PL003;Method;Environment
D0002905;B0051019;PL003;Method;Environment
D0003060;B0015676;PL003;Method;Environment
D0003585;B0053110;PL003;Method;Environment
D0004512;B0058837;PL003;Method;Environment
D0004839;B0036408;PL003;Method;Environment
D0003537;B0070348;PL003;Method;Environment
D0004499;B0048443;PL003;Method;Environment
D0004568;B0040477;PL003;Method;Environment
D0005655;B0005087;PL003;Method;Environment
D0001459;B0014355;PL003;Method;Environment
D0001818;B0006797;PL003;Method;Environment
D0005031;B0020530;PL003;Method;Environment
D0005255;B0000077;PL003;Method;Environment
D0005793;B0055581;PL003;Method;Environment
D0001537;B0054339;PL003;Method;Environment
D0002622;B0008041;PL003;Method;Environment
D0001817;B0058396;PL003;Method;Environment
D0002378;B0003681;PL003;Method;Environment
D0000110;B0005604;PL003;Method;Environment
D0000846;B0019759;PL003;Method;Environment
D0003349;B0073301;PL003;Method;Environment
D0002276;B0065240;PL003;Method;Environment
D0004777;B0065444;PL003;Method;Environment
D0000170;B0053886;PL003;Method;Environment
D0000366;B0064387;PL003;Method;Environment
D0002603;B0069510;PL003;Method;Environment
D0002876;B0056248;PL003;Method;Environment
D0003621;B0035668;PL003;Method;Environment
D0003787;B0028456;PL003;Method;Environment
D0004125;B0074487;PL003;Method;Environment
D0005720;B0004712;PL003;Method;Environment
D0005947;B0049777;PL003;Method;Environment
D0000527;B0026770;PL003;Method;Environment
D0004409;B0011776;PL003;Method;Environment
D0002582;B0055992;PL003;Method;Environment
D0000067;B0015968;PL003;Method;Environment
D0001208;B0061458;PL003;Method;Environment
D0001622;B0061151;PL003;Method;Environment
D0002396;B0035145;PL003;Method;Environment
D0003026;B0013824;PL003;Method;Environment
D0005059;B0046650;PL003;Method;Environment
D0005794;B0013463;PL003;Method;Environment
D0004638;B0004201;PL003;Method;Environment
D0005999;B0067752;PL003;Method;Environment
D0002315;B0025772;PL003;Method;Environment
D0003177;B0058810;PL003;Method;Environment
D0003227;B0026707;PL003;Method;Environment
D0005217;B0015456;PL003;Method;Environment
D0001285;B0010130;PL003;Method;Environment
D0002234;B0042819;PL003;Method;Environment
D0003395;B0062978;PL003;Method;Environment
D0004375;B0027119;PL003;Method;Environment
D0005022;B0054119;PL003;Method;Environment
D0000141;B0022351;PL003;Method;Environment
D0001044;B0059523;PL003;Method;Environment
D0003138;B0057812;PL003;Method;Environment
D0003954;B0026153;PL003;Method;Environment
D0005428;B0005658;PL003;Method;Environment
D0000660;B0048805;PL003;Method;Environment
D0002484;B0074471;PL003;Method;Environment
D0005437;B0074150;PL003;Method;Environment
D0004692;B0065270;PL003;Method;Environment
D0004565;B0061149;PL003;Method;Environment
D0000900;B0034985;PL003;Method;Environment
D0003356;B0069948;PL003;Method;Environment
D0000442;B0043164;PL003;Method;Environment
D0004116;B0039864;PL003;Method;Environment
D0000785;B0045933;PL003;Method;Environment
D0001451;B0025349;PL003;Method;Environment
D0004696;B0004388;PL003;Method;Environment
D0000843;B0066068;PL003;Method;Environment
D0002875;B0062497;PL003;Method;Environment
D0005795;B0072833;PL003;Method;Environment
D0002820;B0020027;PL003;Method;Environment
D0002902;B0016252;PL003;Method;Environment
D0000480;B0044481;PL003;Method;Environment
D0001067;B0041554;PL003;Method;Environment
D0002903;B0032248;PL003;Method;Environment
D0003403;B0044237;PL003;Method;Environment
D0001936;B0051361;PL003;Method;Environment
D0005818;B0014670;PL003;Method;Environment
D0000635;B0011421;PL003;Method;Environment
D0003866;B0060452;PL009;Environment;Environment
D0005850;B0055253;PL009;Environment;Environment
D0000279;B0056058;PL009;Environment;Environment
D0001337;B0069243;PL009;Environment;Environment
D0000784;B0041088;PL009;Environment;Environment
D0001038;B0074258;PL009;Environment;Environment
D0003883;B0057756;PL009;Environment;Environment
D0003893;B0074225;PL009;Environment;Environment
D0003918;B0044555;PL009;Environment;Environment
D0004961;B0031188;PL009;Environment;Environment
D0004977;B0054280;PL009;Environment;Environment
D0005164;B0059564;PL009;Environment;Environment
D0000878;B0028660;PL009;Environment;Environment
D0004086;B0025544;PL009;Environment;Environment
D0004134;B0022427;PL009;Environment;Environment
D0003679;B0046251;PL009;Environment;Environment
D0004719;B0009616;PL009;Environment;Environment
D0005097;B0033919;PL009;Environment;Environment
D0004260;B0058027;PL009;Environment;Environment
D0003515;B0002130;PL009;Environment;Environment
D0004552;B0048208;PL009;Environment;Environment
D0005147;B0054394;PL009;Environment;Environment
D0002079;B0020650;PL009;Environment;Environment
D0001673;B0053202;PL009;Environment;Environment
D0004267;B0045702;PL009;Environment;Environment
D0003720;B0061781;PL009;Environment;Environment
D0001645;B0065692;PL009;Environment;Environment
D0002256;B0067097;PL009;Environment;Environment
D0003634;B0018407;PL009;Environment;Environment
D0003691;B0051318;PL009;Environment;Environment
D0004233;B0018756;PL009;Environment;Environment
D0004548;B0056205;PL009;Environment;Environment
D0004341;B0029813;PL009;Environment;Environment
D0005315;B0028319;PL009;Environment;Environment
D0001703;B0017932;PL009;Environment;Environment
D0005584;B0012791;PL009;Environment;Environment
D0000398;B0024186;PL001;Environment;Environment
D0001631;B0024535;PL001;Environment;Environment
D0003827;B0051045;PL001;Environment;Environment
D0005606;B0004277;PL001;Environment;Environment
D0000692;B0035900;PL001;Environment;Environment
D0000821;B0055920;PL001;Environment;Environment
D0004904;B0014751;PL001;Environment;Environment
D0001109;B0062080;PL001;Environment;Environment
D0001190;B0072001;PL001;Environment;Environment
D0002757;B0032879;PL001;Environment;Environment
D0003821;B0062161;PL001;Environment;Environment
D0003955;B0052716;PL001;Environment;Environment
D0004100;B0048375;PL001;Environment;Environment
D0004374;B0068284;PL001;Environment;Environment
D0004934;B0058701;PL001;Environment;Environment
D0005700;B0059756;PL001;Environment;Environment
D0001906;B0041912;PL001;Environment;Environment
D0003553;B0040493;PL001;Environment;Environment
D0005501;B0010710;PL001;Environment;Environment
D0003491;B0037772;PL001;Environment;Environment
D0004442;B0068397;PL001;Environment;Environment
D0004701;B0064148;PL001;Environment;Environment
D0001792;B0041582;PL001;Environment;Environment
D0001930;B0045468;PL001;Environment;Environment
D0004060;B0053599;PL001;Environment;Environment
D0000305;B0052242;PL001;Environment;Environment
D0000802;B0044001;PL001;Environment;Environment
D0002546;B0022639;PL001;Environment;Environment
D0003128;B0037372;PL001;Environment;Environment
D0004591;B0037227;PL001;Environment;Environment
D0001946;B0051789;PL001;Environment;Environment
D0002113;B0039742;PL001;Environment;Environment
D0003459;B0032481;PL001;Environment;Environment
D0004380;B0055455;PL001;Environment;Environment
D0004821;B0052172;PL001;Environment;Environment
D0005072;B0069632;PL001;Environment;Environment
D0003316;B0047280;PL001;Environment;Environment
D0003820;B0068760;PL001;Environment;Environment
D0004163;B0070685;PL001;Environment;Environment
D0005696;B0071478;PL001;Environment;Environment
D0000404;B0061431;PL010;Environment;Environment
D0005831;B0027254;PL010;Environment;Environment
D0005879;B0023120;PL010;Environment;Environment
D0001624;B0065852;PL010;Environment;Environment
D0005013;B0010769;PL010;Environment;Environment
D0000081;B0037394;PL010;Environment;Environment
D0000463;B0029318;PL010;Environment;Environment
D0000528;B0045854;PL010;Environment;Environment
D0000827;B0005852;PL010;Environment;Environment
D0003617;B0070834;PL010;Environment;Environment
D0004278;B0023159;PL010;Environment;Environment
D0004556;B0071150;PL010;Environment;Environment
D0005398;B0030126;PL010;Environment;Environment
D0005894;B0063677;PL010;Environment;Environment
D0000419;B0046000;PL010;Environment;Environment
D0002273;B0015520;PL010;Environment;Environment
D0002658;B0028527;PL010;Environment;Environment
D0003022;B0057139;PL010;Environment;Environment
D0004340;B0027747;PL010;Environment;Environment
D0000142;B0034196;PL010;Environment;Environment
D0000431;B0004406;PL010;Environment;Environment
D0001118;B0014473;PL010;Environment;Environment
D0002183;B0051478;PL010;Environment;Environment
D0003525;B0031100;PL010;Environment;Environment
D0003694;B0035917;PL010;Environment;Environment
D0003726;B0038735;PL010;Environment;Environment
D0004046;B0044935;PL010;Environment;Environment
D0004576;B0028696;PL010;Environment;Environment
D0004610;B0020661;PL010;Environment;Environment
D0004684;B0017801;PL010;Environment;Environment
D0005307;B0007773;PL010;Environment;Environment
D0005577;B0004752;PL010;Environment;Environment
D0003369;B0057676;PL010;Environment;Environment
D0004566;B0056096;PL010;Environment;Environment
D0002309;B0033203;PL010;Environment;Environment
D0005604;B0073537;PL010;Environment;Environment
D0000736;B0055519;PL010;Environment;Environment
D0000760;B0011557;PL010;Environment;Environment
D0000509;B0015161;PL010;Environment;Environment
D0002092;B0039755;PL010;Environment;Environment
D0000474;B0051185;PL010;Environment;Environment
D0003072;B0045393;PL010;Environment;Environment
D0004647;B0070153;PL010;Environment;Environment
D0001774;B0052290;PL010;Environment;Environment
D0000027;B0008932;PL010;Environment;Environment
D0002540;B0002374;PL010;Environment;Environment
D0002666;B0001086;PL010;Environment;Environment
D0001638;B0036194;PL010;Environment;Environment
D0001565;B0034154;PL010;Environment;Environment
D0002469;B0044359;PL010;Environment;Environment
D0002908;B0074885;PL010;Environment;Environment
D0005490;B0001762;PL010;Environment;Environment
D0003781;B0019989;PL010;Environment;Environment
D0002073;B0059914;PL010;Environment;Environment
D0002784;B0031571;PL010;Environment;Environment
D0004911;B0059977;PL010;Environment;Environment
D0001310;B0043643;PL010;Environment;Environment
D0001943;B0017088;PL010;Environment;Environment
D0004315;B0022787;PL010;Environment;Environment
D0004864;B0011093;PL010;Environment;Environment
D0005323;B0049384;PL010;Environment;Environment
D0001749;B0008221;PL010;Environment;Environment
D0003709;B0063689;PL010;Environment;Environment
D0001488;B0046747;PL010;Environment;Environment
D0004099;B0033629;PL010;Environment;Environment
D0004399;B0031503;PL010;Environment;Environment
D0000357;B0049868;PL010;Environment;Environment
D0000472;B0062086;PL010;Environment;Environment
D0001756;B0005440;PL010;Environment;Environment
D0003410;B0016611;PL010;Environment;Environment
D0005439;B0056487;PL010;Environment;Environment
D0005754;B0028445;PL010;Environment;Environment
D0000711;B0070794;PL010;Environment;Environment
D0004526;B0063770;PL010;Environment;Environment
D0002734;B0036944;PL010;Environment;Environment
D0002343;B0047123;PL010;Environment;Environment
D0003260;B0019565;PL010;Environment;Environment
D0004667;B0070182;PL010;Environment;Environment
D0004710;B0010884;PL010;Environment;Environment
D0004850;B0071680;PL010;Environment;Environment
D0001040;B0040210;PL010;Environment;Environment
D0002254;B0071683;PL010;Environment;Environment
D0005741;B0067890;PL010;Environment;Environment
D0000506;B0006261;PL010;Environment;Environment
D0002751;B0068031;PL010;Environment;Environment
D0004172;B0036949;PL010;Environment;Environment
D0005677;B0015888;PL010;Environment;Environment
D0005986;B0064977;PL010;Environment;Environment
D0000147;B0012847;PL010;Environment;Environment
D0002748;B0068298;PL010;Environment;Environment
D0003017;B0017075;PL010;Environment;Environment
D0003106;B0023255;PL010;Environment;Environment
D0004539;B0023251;PL010;Environment;Environment
D0004026;B0041708;PL010;Environment;Environment
D0000964;B0040745;PL010;Environment;Environment
D0002265;B0004937;PL010;Environment;Environment
D0000566;B0041498;PL010;Environment;Environment
D0002250;B0057546;PL010;Environment;Environment
D0000035;B0023723;PL010;Environment;Environment
D0003991;B0000991;PL010;Environment;Environment
D0004029;B0074587;PL010;Environment;Environment
D0004367;B0065620;PL010;Environment;Environment
D0003094;B0004862;PL007;Environment;Environment
D0003729;B0041723;PL007;Environment;Environment
D0000704;B0009621;PL007;Environment;Environment
D0001728;B0018091;PL007;Environment;Environment
D0002688;B0012669;PL007;Environment;Environment
D0002988;B0039480;PL007;Environment;Environment
D0004190;B0067195;PL007;Environment;Environment
D0005620;B0048194;PL007;Environment;Environment
D0005748;B0020784;PL007;Environment;Environment
D0000099;B0052974;PL007;Environment;Environment
D0000131;B0002408;PL007;Environment;Environment
D0000184;B0010905;PL007;Environment;Environment
D0002200;B0031693;PL007;Environment;Environment
D0003089;B0024047;PL007;Environment;Environment
D0004012;B0022782;PL007;Environment;Environment
D0004816;B0026658;PL007;Environment;Environment
D0005196;B0067365;PL007;Environment;Environment
D0000225;B0021423;PL007;Environment;Environment
D0001522;B0000277;PL007;Environment;Environment
D0002404;B0055429;PL007;Environment;Environment
D0002563;B0051482;PL007;Environment;Environment
D0003532;B0001791;PL007;Environment;Environment
D0005456;B0017619;PL007;Environment;Environment
D0005598;B0003553;PL007;Environment;Environment
D0005848;B0025502;PL007;Environment;Environment
D0001908;B0027992;PL007;Environment;Environment
D0003348;B0069477;PL007;Environment;Environment
D0003657;B0058130;PL007;Environment;Environment
D0003999;B0019866;PL007;Environment;Environment
D0004089;B0036811;PL007;Environment;Environment
D0004167;B0021744;PL007;Environment;Environment
D0004503;B0003500;PL007;Environment;Environment
D0005004;B0017446;PL007;Environment;Environment
D0005383;B0022833;PL007;Environment;Environment
D0005503;B0043894;PL007;Environment;Environment
D0001811;B0072828;PL007;Environment;Environment
D0005347;B0006176;PL007;Environment;Environment
D0005225;B0017763;PL007;Environment;Environment
D0001875;B0051349;PL007;Environment;Environment
D0004297;B0017828;PL007;Environment;Environment
D0004110;B0031453;PL007;Environment;Environment
D0005427;B0053595;PL007;Environment;Environment
D0000046;B0036167;PL007;Environment;Environment
D0005827;B0038960;PL007;Environment;Environment
D0002022;B0015497;PL007;Environment;Environment
D0002513;B0036403;PL007;Environment;Environment
D0004032;B0072590;PL007;Environment;Environment
D0000952;B0032902;PL007;Environment;Environment
D0000648;B0068967;PL007;Environment;Environment
D0000163;B0058051;PL007;Environment;Environment
D0002495;B0060209;PL007;Environment;Environment
D0003641;B0045280;PL007;Environment;Environment
D0002736;B0069018;PL007;Environment;Environment
D0005904;B0068399;PL007;Environment;Environment
D0000644;B0066260;PL007;Environment;Environment
D0002957;B0057534;PL007;Environment;Environment
D0003722;B0025902;PL007;Environment;Environment
D0004871;B0015741;PL007;Environment;Environment
D0005752;B0047861;PL007;Environment;Environment
D0005830;B0004692;PL007;Environment;Environment
D0000047;B0029114;PL007;Environment;Environment
D0000285;B0042993;PL007;Environment;Environment
D0001556;B0036503;PL007;Environment;Environment
D0001898;B0001296;PL007;Environment;Environment
D0002255;B0053839;PL007;Environment;Environment
D0003941;B0050785;PL007;Environment;Environment
D0005056;B0050533;PL007;Environment;Environment
D0005543;B0020475;PL007;Environment;Environment
D0005586;B0068933;PL007;Environment;Environment
D0001760;B0013273;PL007;Environment;Environment
D0001849;B0041821;PL007;Environment;Environment
D0005248;B0036383;PL007;Environment;Environment
D0005479;B0032404;PL007;Environment;Environment
D0005671;B0031265;PL007;Environment;Environment
D0000412;B0045337;PL007;Environment;Environment
D0002316;B0034235;PL007;Environment;Environment
D0002462;B0010555;PL007;Environment;Environment
D0002816;B0030428;PL007;Environment;Environment
D0000563;B0029304;PL007;Environment;Environment
D0001954;B0056740;PL007;Environment;Environment
D0002318;B0036983;PL007;Environment;Environment
D0003855;B0034281;PL007;Environment;Environment
D0004198;B0022678;PL007;Environment;Environment
D0004211;B0046722;PL007;Environment;Environment
D0004598;B0048585;PL007;Environment;Environment
D0004672;B0006976;PL007;Environment;Environment
D0005630;B0066472;PL007;Environment;Environment
D0005692;B0034169;PL007;Environment;Environment
D0005914;B0065683;PL007;Environment;Environment
D0000526;B0003061;PL007;Environment;Environment
D0004886;B0059203;PL007;Environment;Environment
D0001257;B0001934;PL007;Environment;Environment
D0001401;B0051374;PL007;Environment;Environment
D0001904;B0005696;PL007;Environment;Environment
D0004760;B0053563;PL007;Environment;Environment
D0005174;B0032543;PL007;Environment;Environment
D0001545;B0050748;PL007;Environment;Environment
D0005074;B0041928;PL007;Environment;Environment
D0000486;B0058668;PL007;Environment;Environment
D0004177;B0006562;PL007;Environment;Environment
D0000049;B0031510;PL007;Environment;Environment
D0003068;B0072425;PL007;Environment;Environment
D0002257;B0046944;PL007;Environment;Environment
D0001844;B0045246;PL007;Environment;Environment
D0002694;B0064144;PL007;Environment;Environment
D0000088;B0062234;PL007;Environment;Environment
D0003764;B0065923;PL007;Environment;Environment
D0004771;B0063434;PL007;Environment;Environment
D0002278;B0049329;PL007;Environment;Environment
D0001740;B0028322;PL007;Environment;Environment
D0002295;B0038743;PL007;Environment;Environment
D0002569;B0073418;PL007;Environment;Environment
D0005269;B0036020;PL007;Environment;Environment
D0000502;B0033612;PL007;Environment;Environment
D0003257;B0038147;PL007;Environment;Environment
D0004676;B0060070;PL007;Environment;Environment
D0004695;B0009784;PL007;Environment;Environment
D0005023;B0005136;PL007;Environment;Environment
D0001057;B0028042;PL007;Environment;Environment
D0005372;B0005651;PL007;Environment;Environment
D0000309;B0005306;PL007;Environment;Environment
D0002438;B0009827;PL007;Environment;Environment
D0001886;B0037652;PL007;Environment;Environment
D0003775;B0016126;PL006;Environment;Environment
D0004082;B0020553;PL006;Environment;Environment
D0003438;B0053904;PL006;Environment;Environment
D0000114;B0054832;PL006;Environment;Environment
D0000286;B0070488;PL006;Environment;Environment
D0000438;B0052493;PL006;Environment;Environment
D0000664;B0002721;PL006;Environment;Environment
D0000685;B0065004;PL006;Environment;Environment
D0000847;B0028792;PL006;Environment;Environment
D0001070;B0055512;PL006;Environment;Environment
D0001112;B0058981;PL006;Environment;Environment
D0001123;B0021108;PL006;Environment;Environment
D0001276;B0010291;PL006;Environment;Environment
D0001640;B0018656;PL006;Environment;Environment
D0001679;B0074263;PL006;Environment;Environment
D0001711;B0041672;PL006;Environment;Environment
D0003908;B0061891;PL006;Environment;Environment
D0004348;B0070746;PL006;Environment;Environment
D0005339;B0006022;PL006;Environment;Environment
D0005472;B0032391;PL006;Environment;Environment
D0005868;B0047543;PL006;Environment;Environment
D0000761;B0017944;PL006;Environment;Environment
D0002489;B0004659;PL006;Environment;Environment
D0003043;B0010277;PL006;Environment;Environment
D0003281;B0026235;PL006;Environment;Environment
D0003904;B0038658;PL006;Environment;Environment
D0005593;B0043801;PL006;Environment;Environment
D0005735;B0031697;PL006;Environment;Environment
D0004117;B0061652;PL006;Environment;Environment
D0004405;B0056141;PL006;Environment;Environment
D0004662;B0057470;PL006;Environment;Environment
D0004832;B0021709;PL006;Environment;Environment
D0005173;B0043197;PL006;Environment;Environment
D0001879;B0051024;PL006;Environment;Environment
D0000830;B0070555;PL006;Environment;Environment
D0001600;B0044871;PL006;Environment;Environment
D0002900;B0069888;PL006;Environment;Environment
D0000804;B0020191;PL006;Environment;Environment
D0000831;B0015975;PL006;Environment;Environment
D0001306;B0039910;PL006;Environment;Environment
D0003513;B0046593;PL006;Environment;Environment
D0005782;B0038229;PL006;Environment;Environment
D0003794;B0015122;PL006;Environment;Environment
D0003947;B0020211;PL006;Environment;Environment
D0005179;B0021462;PL006;Environment;Environment
D0002937;B0051640;PL006;Environment;Environment
D0002669;B0050756;PL006;Environment;Environment
D0005625;B0042140;PL006;Environment;Environment
D0005436;B0028099;PL006;Environment;Environment
D0002129;B0065693;PL006;Environment;Environment
D0003002;B0056762;PL006;Environment;Environment
D0002801;B0033480;PL006;Environment;Environment
D0002336;B0047768;PL006;Environment;Environment
D0002252;B0030836;PL006;Environment;Environment
D0002237;B0066438;PL006;Environment;Environment
D0003864;B0053504;PL006;Environment;Environment
D0004688;B0070083;PL006;Environment;Environment
D0005760;B0053728;PL006;Environment;Environment
D0004580;B0050908;PL006;Environment;Environment
D0005493;B0027034;PL006;Environment;Environment
D0000138;B0068875;PL006;Environment;Environment
D0005065;B0065452;PL006;Environment;Environment
D0005266;B0022832;PL006;Environment;Environment
D0000307;B0037422;PL006;Environment;Environment
D0005920;B0032077;PL006;Environment;Environment
D0001130;B0059716;PL006;Environment;Environment
D0001323;B0071870;PL006;Environment;Environment
D0001619;B0001631;PL006;Environment;Environment
D0000152;B0017309;PL006;Environment;Environment
D0000986;B0010842;PL006;Environment;Environment
D0002445;B0035041;PL006;Environment;Environment
D0002981;B0001313;PL006;Environment;Environment
D0003320;B0068063;PL006;Environment;Environment
D0003374;B0065088;PL006;Environment;Environment
D0003840;B0050870;PL006;Environment;Environment
D0004394;B0055787;PL006;Environment;Environment
D0005359;B0032004;PL006;Environment;Environment
D0005461;B0023651;PL006;Environment;Environment
D0005614;B0064759;PL006;Environment;Environment
D0005998;B0046788;PL006;Environment;Environment
D0005452;B0069616;PL006;Environment;Environment
D0003241;B0006702;PL006;Environment;Environment
D0005732;B0002086;PL006;Environment;Environment
D0001526;B0064866;PL006;Environment;Environment
D0001895;B0041073;PL006;Environment;Environment
D0002951;B0062754;PL006;Environment;Environment
D0004284;B0005558;PL006;Environment;Environment
D0004661;B0007479;PL006;Environment;Environment
D0004874;B0017727;PL006;Environment;Environment
D0004950;B0022818;PL006;Environment;Environment
D0005935;B0033352;PL006;Environment;Environment
D0005665;B0039119;PL006;Environment;Environment
D0000327;B0025555;PL006;Environment;Environment
D0001762;B0035089;PL006;Environment;Environment
D0004559;B0001350;PL006;Environment;Environment
D0005114;B0012307;PL006;Environment;Environment
D0005366;B0058119;PL006;Environment;Environment
D0005064;B0041676;PL006;Environment;Environment
D0000091;B0071283;PL006;Environment;Environment
D0005170;B0067300;PL006;Environment;Environment
D0001151;B0008492;PL006;Environment;Environment
D0001988;B0071249;PL006;Environment;Environment
D0003390;B0003114;PL006;Environment;Environment
D0001511;B0008066;PL006;Environment;Environment
D0001340;B0009183;PL006;Environment;Environment
D0002023;B0056668;PL006;Environment;Environment
D0005061;B0068179;PL006;Environment;Environment
D0001503;B0006574;PL006;Environment;Environment
D0001901;B0058696;PL006;Environment;Environment
D0004207;B0001568;PL006;Environment;Environment
D0004756;B0042569;PL006;Environment;Environment
D0005682;B0009976;PL006;Environment;Environment
D0000217;B0015854;PL006;Environment;Environment
D0000753;B0018722;PL006;Environment;Environment
D0001371;B0015812;PL006;Environment;Environment
D0002370;B0006668;PL006;Environment;Environment
D0004990;B0069626;PL006;Environment;Environment
D0004564;B0002434;PL006;Environment;Environment
D0004779;B0059613;PL006;Environment;Environment
D0001204;B0022034;PL006;Environment;Environment
D0002094;B0021149;PL006;Environment;Environment
D0002393;B0036501;PL006;Environment;Environment
D0005930;B0009873;PL006;Environment;Environment
D0000140;B0040522;PL006;Environment;Environment
D0005142;B0071301;PL006;Environment;Environment
D0002922;B0016058;PL006;Environment;Environment
D0000167;B0036661;PL006;Environment;Environment
D0002100;B0018499;PL006;Environment;Environment
D0004778;B0024163;PL006;Environment;Environment
D0000013;B0005916;PL006;Environment;Environment
D0000726;B0042730;PL006;Environment;Environment
D0001224;B0006285;PL006;Environment;Environment
D0002581;B0070449;PL006;Environment;Environment
D0004213;B0022448;PL006;Environment;Environment
D0002667;B0039973;PL005;Environment;Environment
D0004632;B0000764;PL005;Environment;Environment
D0005855;B0007166;PL005;Environment;Environment
D0000041;B0037986;PL005;Environment;Environment
D0000690;B0008188;PL005;Environment;Environment
D0001920;B0000375;PL005;Environment;Environment
D0002047;B0039370;PL005;Environment;Environment
D0004557;B0013627;PL005;Environment;Environment
D0004563;B0057920;PL005;Environment;Environment
D0004810;B0012046;PL005;Environment;Environment
D0001548;B0057853;PL005;Environment;Environment
D0001558;B0053414;PL005;Environment;Environment
D0001584;B0033522;PL005;Environment;Environment
D0001687;B0025122;PL005;Environment;Environment
D0002246;B0009152;PL005;Environment;Environment
D0002417;B0024830;PL005;Environment;Environment
D0002535;B0065029;PL005;Environment;Environment
D0002973;B0025565;PL005;Environment;Environment
D0003993;B0068651;PL005;Environment;Environment
D0004072;B0032278;PL005;Environment;Environment
D0004221;B0027450;PL005;Environment;Environment
D0004404;B0073098;PL005;Environment;Environment
D0005997;B0048701;PL005;Environment;Environment
D0000144;B0037968;PL005;Environment;Environment
D0003259;B0027998;PL005;Environment;Environment
D0003396;B0043752;PL005;Environment;Environment
D0003610;B0035212;PL005;Environment;Environment
D0004545;B0009055;PL005;Environment;Environment
D0005124;B0017730;PL005;Environment;Environment
D0000037;B0071000;PL005;Environment;Environment
D0000421;B0069358;PL005;Environment;Environment
D0001129;B0048336;PL005;Environment;Environment
D0001381;B0022672;PL005;Environment;Environment
D0002020;B0073707;PL005;Environment;Environment
D0002120;B0058693;PL005;Environment;Environment
D0002145;B0012655;PL005;Environment;Environment
D0002360;B0044287;PL005;Environment;Environment
D0002630;B0020592;PL005;Environment;Environment
D0002915;B0026275;PL005;Environment;Environment
D0003460;B0067563;PL005;Environment;Environment
D0003505;B0018137;PL005;Environment;Environment
D0004535;B0013207;PL005;Environment;Environment
D0005469;B0002986;PL005;Environment;Environment
D0005517;B0018192;PL005;Environment;Environment
D0005717;B0024412;PL005;Environment;Environment
D0005864;B0057189;PL005;Environment;Environment
D0001237;B0062260;PL005;Environment;Environment
D0001346;B0021454;PL005;Environment;Environment
D0005207;B0052958;PL005;Environment;Environment
D0004467;B0061114;PL005;Environment;Environment
D0004933;B0023668;PL005;Environment;Environment
D0003430;B0066443;PL005;Environment;Environment
D0003924;B0038722;PL005;Environment;Environment
D0001945;B0006576;PL005;Environment;Environment
D0000632;B0027171;PL005;Environment;Environment
D0001185;B0022645;PL005;Environment;Environment
D0001468;B0066356;PL005;Environment;Environment
D0001375;B0029501;PL005;Environment;Environment
D0003383;B0066533;PL005;Environment;Environment
D0003731;B0049475;PL005;Environment;Environment
D0005699;B0026238;PL005;Environment;Environment
D0002423;B0049869;PL005;Environment;Environment
D0003198;B0016543;PL005;Environment;Environment
D0003232;B0056160;PL005;Environment;Environment
D0003777;B0044777;PL005;Environment;Environment
D0000454;B0037527;PL005;Environment;Environment
D0000743;B0021580;PL005;Environment;Environment
D0001235;B0022616;PL005;Environment;Environment
D0003099;B0027785;PL005;Environment;Environment
D0005282;B0065121;PL005;Environment;Environment
D0002450;B0022072;PL005;Environment;Environment
D0004181;B0054720;PL005;Environment;Environment
D0001595;B0058826;PL005;Environment;Environment
D0003200;B0025394;PL005;Environment;Environment
D0004856;B0032518;PL005;Environment;Environment
D0000879;B0031517;PL005;Environment;Environment
D0002600;B0069995;PL005;Environment;Environment
D0003160;B0053709;PL005;Environment;Environment
D0005234;B0037286;PL005;Environment;Environment
D0002037;B0063941;PL005;Environment;Environment
D0003839;B0053665;PL005;Environment;Environment
D0002146;B0063733;PL005;Environment;Environment
D0005337;B0004063;PL005;Environment;Environment
D0005627;B0020734;PL005;Environment;Environment
D0003888;B0032914;PL005;Environment;Environment
D0004671;B0034218;PL005;Environment;Environment
D0004058;B0047420;PL005;Environment;Environment
D0005175;B0073968;PL005;Environment;Environment
D0005253;B0015815;PL005;Environment;Environment
D0002458;B0061179;PL005;Environment;Environment
D0003934;B0053869;PL005;Environment;Environment
D0000958;B0037528;PL005;Environment;Environment
D0004768;B0009443;PL005;Environment;Environment
D0005177;B0055376;PL005;Environment;Environment
D0005226;B0046244;PL005;Environment;Environment
D0000768;B0047287;PL005;Environment;Environment
D0001665;B0048599;PL005;Environment;Environment
D0002204;B0025790;PL005;Environment;Environment
D0003436;B0019503;PL005;Environment;Environment
D0005071;B0073935;PL005;Environment;Environment
D0005445;B0002848;PL005;Environment;Environment
D0005462;B0067098;PL005;Environment;Environment
D0005535;B0061993;PL005;Environment;Environment
D0003861;B0026261;PL005;Environment;Environment
D0004189;B0050103;PL005;Environment;Environment
D0000513;B0053422;PL005;Environment;Environment
D0000654;B0037305;PL005;Environment;Environment
D0000216;B0052629;PL005;Environment;Environment
D0004402;B0058641;PL005;Environment;Environment
D0001396;B0031767;PL005;Environment;Environment
D0002419;B0040511;PL005;Environment;Environment
D0002697;B0008980;PL005;Environment;Environment
D0005030;B0071623;PL005;Environment;Environment
D0005285;B0009358;PL005;Environment;Environment
D0000116;B0016802;PL005;Environment;Environment
D0002756;B0024691;PL005;Environment;Environment
D0002849;B0003224;PL005;Environment;Environment
D0003650;B0005750;PL005;Environment;Environment
D0004050;B0064598;PL005;Environment;Environment
D0005533;B0060598;PL005;Environment;Environment
D0005990;B0007549;PL005;Environment;Environment
D0003791;B0002349;PL005;Environment;Environment
D0005440;B0021178;PL005;Environment;Environment
D0005642;B0008247;PL005;Environment;Environment
D0002770;B0072945;PL005;Environment;Environment
D0003976;B0007826;PL005;Environment;Environment
D0004121;B0032968;PL005;Environment;Environment
D0004461;B0036699;PL005;Environment;Environment
D0004728;B0056589;PL005;Environment;Environment
D0000906;B0045024;PL005;Environment;Environment
D0001926;B0049056;PL005;Environment;Environment
D0002104;B0065505;PL005;Environment;Environment
D0004174;B0052009;PL005;Environment;Environment
D0004473;B0020886;PL005;Environment;Environment
D0004796;B0070958;PL005;Environment;Environment
D0000848;B0048559;PL005;Environment;Environment
D0001177;B0017197;PL005;Environment;Environment
D0004902;B0015026;PL005;Environment;Environment
D0005837;B0018654;PL005;Environment;Environment
D0002701;B0060218;PL005;Environment;Environment
D0003824;B0043912;PL005;Environment;Environment
D0001405;B0043874;PL005;Environment;Environment
D0003047;B0022360;PL005;Environment;Environment
D0005280;B0031671;PL005;Environment;Environment
D0000109;B0053392;PL005;Environment;Environment
D0003188;B0016463;PL005;Environment;Environment
D0005530;B0049208;PL005;Environment;Environment
D0000595;B0052645;PL005;Environment;Environment
D0003497;B0034535;PL005;Environment;Environment
D0000651;B0057508;PL008;Environment;Environment
D0002482;B0018341;PL008;Environment;Environment
D0004056;B0029345;PL008;Environment;Environment
D0000445;B0021656;PL008;Environment;Environment
D0000815;B0030609;PL008;Environment;Environment
D0000938;B0035020;PL008;Environment;Environment
D0001163;B0036434;PL008;Environment;Environment
D0001380;B0017151;PL008;Environment;Environment
D0001751;B0067597;PL008;Environment;Environment
D0002006;B0027017;PL008;Environment;Environment
D0002330;B0010771;PL008;Environment;Environment
D0002638;B0005892;PL008;Environment;Environment
D0002673;B0036677;PL008;Environment;Environment
D0003481;B0000383;PL008;Environment;Environment
D0004528;B0019549;PL008;Environment;Environment
D0000210;B0070754;PL008;Environment;Environment
D0001005;B0071461;PL008;Environment;Environment
D0001407;B0034670;PL008;Environment;Environment
D0001887;B0057192;PL008;Environment;Environment
D0001973;B0053864;PL008;Environment;Environment
D0002659;B0044516;PL008;Environment;Environment
D0002672;B0045228;PL008;Environment;Environment
D0004019;B0047002;PL008;Environment;Environment
D0004279;B0068852;PL008;Environment;Environment
D0004518;B0036090;PL008;Environment;Environment
D0005433;B0025018;PL008;Environment;Environment
D0005722;B0011908;PL008;Environment;Environment
D0000201;B0019904;PL008;Environment;Environment
D0001341;B0019845;PL008;Environment;Environment
D0003103;B0050649;PL008;Environment;Environment
D0003120;B0009923;PL008;Environment;Environment
D0003277;B0004553;PL008;Environment;Environment
D0003343;B0007376;PL008;Environment;Environment
D0004149;B0035480;PL008;Environment;Environment
D0004339;B0018245;PL008;Environment;Environment
D0005776;B0028240;PL008;Environment;Environment
D0000458;B0000856;PL008;Environment;Environment
D0001072;B0014686;PL008;Environment;Environment
D0001417;B0059892;PL008;Environment;Environment
D0001462;B0059042;PL008;Environment;Environment
D0001839;B0038672;PL008;Environment;Environment
D0002435;B0043892;PL008;Environment;Environment
D0003190;B0048795;PL008;Environment;Environment
D0003529;B0053339;PL008;Environment;Environment
D0003541;B0009575;PL008;Environment;Environment
D0003583;B0001356;PL008;Environment;Environment
D0005506;B0018612;PL008;Environment;Environment
D0005663;B0002015;PL008;Environment;Environment
D0005769;B0035237;PL008;Environment;Environment
D0005949;B0022829;PL008;Environment;Environment
D0000533;B0074812;PL008;Environment;Environment
D0003288;B0061791;PL008;Environment;Environment
D0004751;B0015308;PL008;Environment;Environment
D0000980;B0007150;PL008;Environment;Environment
D0003224;B0039813;PL008;Environment;Environment
D0004490;B0008283;PL008;Environment;Environment
D0005096;B0052257;PL008;Environment;Environment
D0000100;B0006925;PL008;Environment;Environment
D0001363;B0058632;PL008;Environment;Environment
D0005759;B0048815;PL008;Environment;Environment
D0002737;B0009500;PL008;Environment;Environment
D0004033;B0001545;PL008;Environment;Environment
D0004133;B0027410;PL008;Environment;Environment
D0000922;B0059889;PL008;Environment;Environment
D0005891;B0018491;PL008;Environment;Environment
D0000576;B0061769;PL008;Environment;Environment
D0003253;B0041223;PL008;Environment;Environment
D0003483;B0040805;PL008;Environment;Environment
D0003432;B0056498;PL008;Environment;Environment
D0005856;B0042326;PL008;Environment;Environment
D0000887;B0032353;PL008;Environment;Environment
D0001577;B0060006;PL008;Environment;Environment
D0002059;B0031711;PL008;Environment;Environment
D0002493;B0019734;PL008;Environment;Environment
D0004242;B0035196;PL008;Environment;Environment
D0002534;B0058631;PL008;Environment;Environment
D0002654;B0073060;PL008;Environment;Environment
D0003501;B0051765;PL008;Environment;Environment
D0004828;B0047200;PL008;Environment;Environment
D0005303;B0013066;PL008;Environment;Environment
D0002753;B0004806;PL008;Environment;Environment
D0003136;B0044166;PL008;Environment;Environment
D0005204;B0074108;PL008;Environment;Environment
D0005336;B0047372;PL008;Environment;Environment
D0005554;B0033910;PL008;Environment;Environment
D0005687;B0017964;PL008;Environment;Environment
D0001970;B0022609;PL008;Environment;Environment
D0004028;B0019032;PL008;Environment;Environment
D0005046;B0018190;PL008;Environment;Environment
D0000994;B0019407;PL008;Environment;Environment
D0001100;B0020411;PL008;Environment;Environment
D0001262;B0064464;PL008;Environment;Environment
D0002322;B0025344;PL008;Environment;Environment
D0005989;B0027626;PL008;Environment;Environment
D0000544;B0027258;PL008;Environment;Environment
D0000565;B0015323;PL008;Environment;Environment
D0000674;B0058859;PL008;Environment;Environment
D0001651;B0017335;PL008;Environment;Environment
D0001795;B0038695;PL008;Environment;Environment
D0002249;B0022563;PL008;Environment;Environment
D0002286;B0030970;PL008;Environment;Environment
D0002718;B0054199;PL008;Environment;Environment
D0002742;B0031532;PL008;Environment;Environment
D0003069;B0064859;PL008;Environment;Environment
D0003298;B0039990;PL008;Environment;Environment
D0003801;B0062915;PL008;Environment;Environment
D0004444;B0019610;PL008;Environment;Environment
D0004625;B0067414;PL008;Environment;Environment
D0005352;B0002456;PL008;Environment;Environment
D0005369;B0014979;PL008;Environment;Environment
D0005657;B0034204;PL008;Environment;Environment
D0002983;B0041120;PL008;Environment;Environment
D0000583;B0028487;PL008;Environment;Environment
D0003049;B0052379;PL008;Environment;Environment
D0000168;B0054852;PL008;Environment;Environment
D0001964;B0034801;PL008;Environment;Environment
D0003137;B0021127;PL008;Environment;Environment
D0005613;B0049848;PL008;Environment;Environment
D0001250;B0068994;PL008;Environment;Environment
D0004923;B0004965;PL008;Environment;Environment
D0000562;B0018333;PL008;Environment;Environment
D0003770;B0034126;PL008;Environment;Environment
D0001196;B0023448;PL008;Environment;Environment
D0001929;B0003534;PL008;Environment;Environment
D0002786;B0029821;PL008;Environment;Environment
D0005202;B0005949;PL008;Environment;Environment
D0002384;B0065868;PL008;Environment;Environment
D0002626;B0039172;PL008;Environment;Environment
D0002950;B0007938;PL008;Environment;Environment
D0000381;B0041602;PL008;Environment;Environment
D0004073;B0040853;PL008;Environment;Environment
D0000355;B0011619;PL008;Environment;Environment
D0000681;B0003377;PL008;Environment;Environment
D0001862;B0062470;PL008;Environment;Environment
D0001872;B0038214;PL008;Environment;Environment
D0002061;B0066209;PL008;Environment;Environment
D0002182;B0005733;PL008;Environment;Environment
D0003499;B0042901;PL008;Environment;Environment
D0003514;B0073969;PL008;Environment;Environment
D0003582;B0039286;PL008;Environment;Environment
D0004226;B0057765;PL008;Environment;Environment
D0004486;B0040614;PL008;Environment;Environment
D0004812;B0057556;PL008;Environment;Environment
D0003233;B0067683;PL008;Environment;Environment
D0004342;B0039720;PL008;Environment;Environment
D0001096;B0034719;PL008;Environment;Environment
D0001434;B0051944;PL008;Environment;Environment
D0001470;B0051954;PL008;Environment;Environment
D0003655;B0011460;PL008;Environment;Environment
D0005876;B0017406;PL008;Environment;Environment
D0000321;B0074168;PL008;Environment;Environment
D0000365;B0072076;PL008;Environment;Environment
D0001402;B0028006;PL008;Environment;Environment
D0001734;B0064634;PL008;Environment;Environment
D0002517;B0020332;PL008;Environment;Environment
D0004978;B0025147;PL008;Environment;Environment
D0001745;B0034525;PL002;Environment;Environment
D0002040;B0059620;PL002;Environment;Environment
D0002198;B0030289;PL002;Environment;Environment
D0002679;B0057761;PL002;Environment;Environment
D0005450;B0054228;PL002;Environment;Environment
D0000494;B0049530;PL002;Environment;Environment
D0000534;B0055759;PL002;Environment;Environment
D0001837;B0042961;PL002;Environment;Environment
D0002519;B0022794;PL002;Environment;Environment
D0003175;B0064409;PL002;Environment;Environment
D0003311;B0017152;PL002;Environment;Environment
D0003566;B0008476;PL002;Environment;Environment
D0004588;B0051386;PL002;Environment;Environment
D0005898;B0018465;PL002;Environment;Environment
D0005919;B0030102;PL002;Environment;Environment
D0000600;B0009770;PL002;Environment;Environment
D0001102;B0055314;PL002;Environment;Environment
D0001330;B0043337;PL002;Environment;Environment
D0001847;B0047475;PL002;Environment;Environment
D0002485;B0070397;PL002;Environment;Environment
D0003683;B0055001;PL002;Environment;Environment
D0003765;B0013831;PL002;Environment;Environment
D0004300;B0032355;PL002;Environment;Environment
D0004450;B0003540;PL002;Environment;Environment
D0005900;B0004980;PL002;Environment;Environment
D0000280;B0043091;PL002;Environment;Environment
D0002296;B0065484;PL002;Environment;Environment
D0002607;B0047524;PL002;Environment;Environment
D0002845;B0021413;PL002;Environment;Environment
D0002974;B0039598;PL002;Environment;Environment
D0003545;B0055613;PL002;Environment;Environment
D0003594;B0073186;PL002;Environment;Environment
D0003740;B0018006;PL002;Environment;Environment
D0003848;B0015041;PL002;Environment;Environment
D0003900;B0041478;PL002;Environment;Environment
D0004115;B0021926;PL002;Environment;Environment
D0005432;B0034529;PL002;Environment;Environment
D0000094;B0031757;PL002;Environment;Environment
D0000220;B0026126;PL002;Environment;Environment
D0000359;B0033521;PL002;Environment;Environment
D0000657;B0010916;PL002;Environment;Environment
D0000919;B0035717;PL002;Environment;Environment
D0001059;B0046074;PL002;Environment;Environment
D0001223;B0045678;PL002;Environment;Environment
D0001821;B0070454;PL002;Environment;Environment
D0002114;B0050144;PL002;Environment;Environment
D0002364;B0054875;PL002;Environment;Environment
D0002505;B0055983;PL002;Environment;Environment
D0002787;B0058173;PL002;Environment;Environment
D0003000;B0027569;PL002;Environment;Environment
D0003130;B0073866;PL002;Environment;Environment
D0003271;B0042849;PL002;Environment;Environment
D0003304;B0040561;PL002;Environment;Environment
D0003344;B0065409;PL002;Environment;Environment
D0003557;B0042937;PL002;Environment;Environment
D0003572;B0048742;PL002;Environment;Environment
D0003946;B0073445;PL002;Environment;Environment
D0004095;B0029702;PL002;Environment;Environment
D0005540;B0044739;PL002;Environment;Environment
D0005562;B0015468;PL002;Environment;Environment
D0005610;B0032649;PL002;Environment;Environment
D0005791;B0047609;PL002;Environment;Environment
D0000443;B0051159;PL002;Environment;Environment
D0001853;B0023575;PL002;Environment;Environment
D0002149;B0039249;PL002;Environment;Environment
D0002729;B0062085;PL002;Environment;Environment
D0003063;B0024540;PL002;Environment;Environment
D0003305;B0042312;PL002;Environment;Environment
D0004755;B0014210;PL002;Environment;Environment
D0004999;B0035311;PL002;Environment;Environment
D0005180;B0066518;PL002;Environment;Environment
D0005385;B0040497;PL002;Environment;Environment
D0000243;B0066864;PL002;Environment;Environment
D0002619;B0040171;PL002;Environment;Environment
D0003372;B0004499;PL002;Environment;Environment
D0002994;B0057031;PL002;Environment;Environment
D0002331;B0016340;PL002;Environment;Environment
D0000233;B0020634;PL002;Environment;Environment
D0005165;B0001655;PL002;Environment;Environment
D0002932;B0006682;PL002;Environment;Environment
D0001161;B0001515;PL002;Environment;Environment
D0004144;B0071117;PL002;Environment;Environment
D0002408;B0051112;PL002;Environment;Environment
D0003524;B0012405;PL002;Environment;Environment
D0005391;B0004024;PL002;Environment;Environment
D0004459;B0037943;PL002;Environment;Environment
D0001328;B0056304;PL002;Environment;Environment
D0002790;B0023774;PL002;Environment;Environment
D0000324;B0004255;PL002;Environment;Environment
D0002164;B0048810;PL002;Environment;Environment
D0002477;B0061369;PL002;Environment;Environment
D0003822;B0038116;PL002;Environment;Environment
D0004814;B0001377;PL002;Environment;Environment
D0000289;B0030777;PL002;Environment;Environment
D0004428;B0070981;PL002;Environment;Environment
D0000209;B0019593;PL002;Environment;Environment
D0000361;B0037794;PL002;Environment;Environment
D0000427;B0073896;PL002;Environment;Environment
D0001475;B0042989;PL002;Environment;Environment
D0004366;B0003797;PL002;Environment;Environment
D0004991;B0047791;PL002;Environment;Environment
D0005971;B0031261;PL002;Environment;Environment
D0001421;B0007291;PL002;Environment;Environment
D0003863;B0055471;PL002;Environment;Environment
D0005172;B0035388;PL002;Environment;Environment
D0005424;B0050554;PL002;Environment;Environment
D0005594;B0027076;PL002;Environment;Environment
D0000590;B0042059;PL002;Environment;Environment
D0003228;B0040949;PL002;Environment;Environment
D0000579;B0035443;PL002;Environment;Environment
D0000763;B0005114;PL002;Environment;Environment
D0002551;B0065583;PL002;Environment;Environment
D0004191;B0062924;PL002;Environment;Environment
D0005988;B0022893;PL002;Environment;Environment
D0001027;B0016451;PL002;Environment;Environment
D0004272;B0068308;PL002;Environment;Environment
D0004743;B0034521;PL002;Environment;Environment
D0004913;B0024651;PL002;Environment;Environment
D0005686;B0065592;PL002;Environment;Environment
D0001618;B0006072;PL002;Environment;Environment
D0004607;B0055387;PL002;Environment;Environment
D0001825;B0057435;PL002;Environment;Environment
D0005094;B0019431;PL002;Environment;Environment
D0000607;B0033026;PL002;Environment;Environment
D0002383;B0000974;PL002;Environment;Environment
D0004583;B0031123;PL002;Environment;Environment
D0005040;B0070693;PL002;Environment;Environment
D0005116;B0000324;PL002;Environment;Environment
D0000871;B0003030;PL002;Environment;Environment
D0001031;B0024947;PL002;Environment;Environment
D0001976;B0047302;PL002;Environment;Environment
D0002739;B0045720;PL002;Environment;Environment
D0003336;B0034722;PL002;Environment;Environment
D0005959;B0073428;PL002;Environment;Environment
D0005964;B0042944;PL002;Environment;Environment
D0000251;B0009205;PL002;Environment;Environment
D0001166;B0028784;PL002;Environment;Environment
D0001757;B0068198;PL002;Environment;Environment
D0002830;B0002103;PL002;Environment;Environment
D0002840;B0042445;PL002;Environment;Environment
D0002914;B0030482;PL002;Environment;Environment
D0002976;B0052236;PL002;Environment;Environment
D0003077;B0017322;PL002;Environment;Environment
D0003413;B0041816;PL002;Environment;Environment
D0003437;B0042292;PL002;Environment;Environment
D0003527;B0034627;PL002;Environment;Environment
D0004271;B0044148;PL002;Environment;Environment
D0004440;B0071387;PL002;Environment;Environment
D0002498;B0042068;PL002;Environment;Environment
D0005195;B0066243;PL002;Environment;Environment
D0002230;B0047439;PL002;Environment;Environment
D0004709;B0029820;PL002;Environment;Environment
D0000491;B0006251;PL002;Environment;Environment
D0004283;B0030919;PL002;Environment;Environment
D0002940;B0056402;PL002;Environment;Environment
D0000329;B0067787;PL002;Environment;Environment
D0003381;B0001008;PL002;Environment;Environment
D0000001;B0035875;PL002;Environment;Environment
D0000779;B0070968;PL002;Environment;Environment
D0001601;B0033723;PL002;Environment;Environment
D0004452;B0002733;PL002;Environment;Environment
D0000745;B0056423;PL002;Environment;Environment
D0001089;B0064601;PL002;Environment;Environment
D0003940;B0045741;PL002;Environment;Environment
D0004397;B0013096;PL002;Environment;Environment
D0000157;B0036859;PL002;Environment;Environment
D0003472;B0047902;PL002;Environment;Environment
D0004273;B0035193;PL002;Environment;Environment
D0004319;B0013585;PL002;Environment;Environment
D0005478;B0007695;PL002;Environment;Environment
D0003006;B0028749;PL002;Environment;Environment
D0000186;B0031321;PL002;Environment;Environment
D0003810;B0062996;PL002;Environment;Environment
D0003090;B0030966;PL002;Environment;Environment
D0000126;B0074374;PL002;Environment;Environment
D0002453;B0009755;PL002;Environment;Environment
D0002584;B0004416;PL002;Environment;Environment
D0000450;B0009499;PL002;Environment;Environment
D0002649;B0062236;PL002;Environment;Environment
D0003126;B0054778;PL002;Environment;Environment
D0003153;B0014176;PL002;Environment;Environment
D0003310;B0022108;PL002;Environment;Environment
D0003502;B0066514;PL002;Environment;Environment
D0003923;B0040129;PL002;Environment;Environment
D0000040;B0015315;PL004;Environment;Environment
D0001416;B0057238;PL004;Environment;Environment
D0001766;B0070050;PL004;Environment;Environment
D0002798;B0068549;PL004;Environment;Environment
D0003329;B0058151;PL004;Environment;Environment
D0001079;B0040875;PL004;Environment;Environment
D0001362;B0073120;PL004;Environment;Environment
D0001739;B0021877;PL004;Environment;Environment
D0001959;B0047367;PL004;Environment;Environment
D0002303;B0056053;PL004;Environment;Environment
D0002643;B0069430;PL004;Environment;Environment
D0002683;B0000443;PL004;Environment;Environment
D0002917;B0056835;PL004;Environment;Environment
D0004114;B0017485;PL004;Environment;Environment
D0000121;B0064518;PL004;Environment;Environment
D0000270;B0050201;PL004;Environment;Environment
D0000374;B0013040;PL004;Environment;Environment
D0000573;B0053096;PL004;Environment;Environment
D0000750;B0002651;PL004;Environment;Environment
D0001195;B0042428;PL004;Environment;Environment
D0002416;B0058565;PL004;Environment;Environment
D0003173;B0057653;PL004;Environment;Environment
D0003622;B0020093;PL004;Environment;Environment
D0003651;B0057679;PL004;Environment;Environment
D0004285;B0016910;PL004;Environment;Environment
D0004299;B0066657;PL004;Environment;Environment
D0004430;B0029068;PL004;Environment;Environment
D0005860;B0046718;PL004;Environment;Environment
D0005875;B0033895;PL004;Environment;Environment
D0000045;B0036420;PL004;Environment;Environment
D0000084;B0040866;PL004;Environment;Environment
D0000087;B0064332;PL004;Environment;Environment
D0000720;B0018912;PL004;Environment;Environment
D0000826;B0010947;PL004;Environment;Environment
D0001508;B0006883;PL004;Environment;Environment
D0001592;B0071821;PL004;Environment;Environment
D0002193;B0048257;PL004;Environment;Environment
D0002350;B0025007;PL004;Environment;Environment
D0002674;B0062595;PL004;Environment;Environment
D0002772;B0043739;PL004;Environment;Environment
D0002939;B0053724;PL004;Environment;Environment
D0003218;B0050125;PL004;Environment;Environment
D0003402;B0066073;PL004;Environment;Environment
D0003677;B0066966;PL004;Environment;Environment
D0004482;B0060082;PL004;Environment;Environment
D0004876;B0067077;PL004;Environment;Environment
D0005463;B0003417;PL004;Environment;Environment
D0005772;B0019793;PL004;Environment;Environment
D0005869;B0071795;PL004;Environment;Environment
D0000205;B0046704;PL004;Environment;Environment
D0000276;B0023697;PL004;Environment;Environment
D0000967;B0039336;PL004;Environment;Environment
D0001024;B0040003;PL004;Environment;Environment
D0002766;B0004761;PL004;Environment;Environment
D0002768;B0034919;PL004;Environment;Environment
D0002805;B0015669;PL004;Environment;Environment
D0003146;B0064225;PL004;Environment;Environment
D0004230;B0032789;PL004;Environment;Environment
D0004353;B0069734;PL004;Environment;Environment
D0004435;B0005424;PL004;Environment;Environment
D0004835;B0015229;PL004;Environment;Environment
D0005332;B0069174;PL004;Environment;Environment
D0005647;B0032441;PL004;Environment;Environment
D0005970;B0067483;PL004;Environment;Environment
D0000735;B0001861;PL004;Environment;Environment
D0001509;B0014087;PL004;Environment;Environment
D0002481;B0054361;PL004;Environment;Environment
D0004733;B0032046;PL004;Environment;Environment
D0000706;B0024659;PL004;Environment;Environment
D0003673;B0002037;PL004;Environment;Environment
D0002575;B0030827;PL004;Environment;Environment
D0001127;B0073617;PL004;Environment;Environment
D0001382;B0046241;PL004;Environment;Environment
D0003975;B0014394;PL004;Environment;Environment
D0004078;B0029089;PL004;Environment;Environment
D0004720;B0061279;PL004;Environment;Environment
D0000011;B0004306;PL004;Environment;Environment
D0002490;B0071485;PL004;Environment;Environment
D0002515;B0049138;PL004;Environment;Environment
D0005346;B0007694;PL004;Environment;Environment
D0005425;B0043110;PL004;Environment;Environment
D0000748;B0014974;PL004;Environment;Environment
D0000653;B0062742;PL004;Environment;Environment
D0003183;B0059363;PL004;Environment;Environment
D0004464;B0028698;PL004;Environment;Environment
D0004629;B0036426;PL004;Environment;Environment
D0002443;B0012503;PL004;Environment;Environment
D0000881;B0065999;PL004;Environment;Environment
D0004915;B0014615;PL004;Environment;Environment
D0004606;B0071263;PL004;Environment;Environment
D0005599;B0027595;PL004;Environment;Environment
D0005899;B0029082;PL004;Environment;Environment
D0000335;B0044297;PL004;Environment;Environment
D0000625;B0011346;PL004;Environment;Environment
D0000266;B0074792;PL004;Environment;Environment
D0000686;B0009771;PL004;Environment;Environment
D0002655;B0028503;PL004;Environment;Environment
D0002685;B0015990;PL004;Environment;Environment
D0003324;B0064395;PL004;Environment;Environment
D0000363;B0026900;PL004;Environment;Environment
D0004108;B0006498;PL004;Environment;Environment
D0005333;B0059532;PL004;Environment;Environment
D0005861;B0059138;PL004;Environment;Environment
D0002938;B0062861;PL004;Environment;Environment
D0003013;B0040234;PL004;Environment;Environment
D0003088;B0022142;PL004;Environment;Environment
D0004068;B0022995;PL004;Environment;Environment
D0004087;B0019119;PL004;Environment;Environment
D0005214;B0060122;PL004;Environment;Environment
D0005270;B0043258;PL004;Environment;Environment
D0001456;B0012884;PL004;Environment;Environment
D0001903;B0037075;PL004;Environment;Environment
D0004707;B0022944;PL004;Environment;Environment
D0004924;B0031228;PL004;Environment;Environment
D0000829;B0026029;PL004;Environment;Environment
D0000965;B0048009;PL004;Environment;Environment
D0001078;B0061818;PL004;Environment;Environment
D0003520;B0014040;PL004;Environment;Environment
D0004393;B0045616;PL004;Environment;Environment
D0000609;B0004616;PL004;Environment;Environment
D0001236;B0035187;PL004;Environment;Environment
D0002298;B0062103;PL004;Environment;Environment
D0002433;B0037803;PL004;Environment;Environment
D0002502;B0056938;PL004;Environment;Environment
D0002561;B0043045;PL004;Environment;Environment
D0003174;B0031264;PL004;Environment;Environment
D0003263;B0056481;PL004;Environment;Environment
D0005371;B0047847;PL004;Environment;Environment
D0005574;B0041227;PL004;Environment;Environment
D0005790;B0065011;PL004;Environment;Environment
D0005835;B0062516;PL004;Environment;Environment
D0005928;B0037708;PL004;Environment;Environment
D0000182;B0011103;PL004;Environment;Environment
D0000297;B0058538;PL004;Environment;Environment
D0000825;B0069399;PL004;Environment;Environment
D0001014;B0061057;PL004;Environment;Environment
D0002170;B0031882;PL004;Environment;Environment
D0002382;B0026632;PL004;Environment;Environment
D0002711;B0025701;PL004;Environment;Environment
D0003274;B0033321;PL004;Environment;Environment
D0003448;B0066529;PL004;Environment;Environment
D0003867;B0074606;PL004;Environment;Environment
D0004877;B0039971;PL004;Environment;Environment
D0005168;B0030096;PL004;Environment;Environment
D0005470;B0055705;PL004;Environment;Environment
D0005725;B0055858;PL004;Environment;Environment
D0000119;B0066831;PL004;Environment;Environment
D0002010;B0032571;PL004;Environment;Environment
D0002087;B0064893;PL004;Environment;Environment
D0003929;B0016818;PL004;Environment;Environment
D0003985;B0062203;PL004;Environment;Environment
D0000204;B0041000;PL004;Environment;Environment
D0000403;B0038154;PL004;Environment;Environment
D0002661;B0052248;PL004;Environment;Environment
D0002814;B0070931;PL004;Environment;Environment
D0004885;B0022680;PL004;Environment;Environment
D0005680;B0026650;PL004;Environment;Environment
D0000752;B0021844;PL004;Environment;Environment
D0000816;B0024667;PL004;Environment;Environment
D0001598;B0047426;PL004;Environment;Environment
D0003201;B0036066;PL004;Environment;Environment
D0003351;B0048484;PL004;Environment;Environment
D0003379;B0050662;PL004;Environment;Environment
D0003698;B0039012;PL004;Environment;Environment
D0003804;B0048299;PL004;Environment;Environment
D0004074;B0061658;PL004;Environment;Environment
D0005734;B0030253;PL004;Environment;Environment
D0000048;B0001438;PL004;Environment;Environment
D0000603;B0023785;PL004;Environment;Environment
D0001012;B0002897;PL004;Environment;Environment
D0003025;B0052197;PL004;Environment;Environment
D0004186;B0035032;PL004;Environment;Environment
D0000773;B0029256;PL004;Environment;Environment
D0000089;B0060570;PL004;Environment;Environment
D0000129;B0035995;PL004;Environment;Environment
D0000271;B0069085;PL004;Environment;Environment
D0000455;B0030730;PL004;Environment;Environment
D0000611;B0004301;PL004;Environment;Environment
D0000721;B0035967;PL004;Environment;Environment
D0001648;B0056964;PL004;Environment;Environment
D0001794;B0028511;PL004;Environment;Environment
D0003280;B0018367;PL004;Environment;Environment
D0004735;B0012504;PL004;Environment;Environment
D0005666;B0005633;PL004;Environment;Environment
D0000178;B0074971;PL004;Environment;Environment
D0001074;B0072059;PL004;Environment;Environment
D0005014;B0074342;PL004;Environment;Environment
D0002716;B0034787;PL004;Environment;Environment
D0002761;B0063529;PL004;Environment;Environment
D0001282;B0054324;PL004;Environment;Environment
D0002978;B0070337;PL004;Environment;Environment
D0005662;B0063131;PL004;Environment;Environment
D0005921;B0020520;PL004;Environment;Environment
D0001716;B0013425;PL004;Environment;Environment
D0002721;B0063072;PL004;Environment;Environment
D0001049;B0035983;PL004;Environment;Environment
D0003285;B0062250;PL004;Environment;Environment
D0003197;B0008209;PL004;Environment;Environment
D0001776;B0010268;PL004;Environment;Environment
D0001977;B0017692;PL004;Environment;Environment
D0001989;B0016191;PL004;Environment;Environment
D0003670;B0068158;PL004;Environment;Environment
D0000254;B0000235;PL004;Environment;Environment
D0000759;B0059345;PL004;Environment;Environment
D0001051;B0003954;PL004;Environment;Environment
D0004937;B0056003;PL004;Environment;Environment
D0005889;B0014254;PL004;Environment;Environment
D0001483;B0073693;PL004;Environment;Environment
D0000150;B0061139;PL003;Environment;Environment
D0001859;B0029534;PL003;Environment;Environment
D0002927;B0027702;PL003;Environment;Environment
D0004773;B0052624;PL003;Environment;Environment
D0000006;B0018062;PL003;Environment;Environment
D0000990;B0017652;PL003;Environment;Environment
D0002455;B0032632;PL003;Environment;Environment
D0002906;B0057370;PL003;Environment;Environment
D0002931;B0041202;PL003;Environment;Environment
D0003086;B0032049;PL003;Environment;Environment
D0003623;B0005237;PL003;Environment;Environment
D0004101;B0050757;PL003;Environment;Environment
D0004264;B0005006;PL003;Environment;Environment
D0004403;B0033448;PL003;Environment;Environment
D0004729;B0038107;PL003;Environment;Environment
D0005190;B0045639;PL003;Environment;Environment
D0005242;B0071158;PL003;Environment;Environment
D0005755;B0048317;PL003;Environment;Environment
D0005836;B0031577;PL003;Environment;Environment
D0000447;B0059066;PL003;Environment;Environment
D0000503;B0041791;PL003;Environment;Environment
D0000532;B0003964;PL003;Environment;Environment
D0000581;B0049065;PL003;Environment;Environment
D0000734;B0011402;PL003;Environment;Environment
D0000783;B0022766;PL003;Environment;Environment
D0001113;B0068961;PL003;Environment;Environment
D0001128;B0006152;PL003;Environment;Environment
D0001141;B0069057;PL003;Environment;Environment
D0001207;B0040150;PL003;Environment;Environment
D0001594;B0064147;PL003;Environment;Environment
D0002014;B0002526;PL003;Environment;Environment
D0002560;B0021326;PL003;Environment;Environment
D0002634;B0027095;PL003;Environment;Environment
D0002696;B0028871;PL003;Environment;Environment
D0003538;B0074084;PL003;Environment;Environment
D0003712;B0068434;PL003;Environment;Environment
D0003857;B0057877;PL003;Environment;Environment
D0003898;B0063830;PL003;Environment;Environment
D0003982;B0052268;PL003;Environment;Environment
D0004247;B0001756;PL003;Environment;Environment
D0004268;B0045633;PL003;Environment;Environment
D0005006;B0074056;PL003;Environment;Environment
D0005302;B0024687;PL003;Environment;Environment
D0000468;B0012456;PL003;Environment;Environment
D0000955;B0028213;PL003;Environment;Environment
D0001413;B0011745;PL003;Environment;Environment
D0001635;B0035825;PL003;Environment;Environment
D0001939;B0061550;PL003;Environment;Environment
D0002001;B0011191;PL003;Environment;Environment
D0002271;B0015628;PL003;Environment;Environment
D0003425;B0047999;PL003;Environment;Environment
D0003750;B0063590;PL003;Environment;Environment
D0003892;B0068377;PL003;Environment;Environment
D0004980;B0023325;PL003;Environment;Environment
D0005279;B0005542;PL003;Environment;Environment
D0005411;B0046243;PL003;Environment;Environment
D0005500;B0029418;PL003;Environment;Environment
D0005832;B0063377;PL003;Environment;Environment
D0000172;B0029791;PL003;Environment;Environment
D0000619;B0052135;PL003;Environment;Environment
D0000671;B0053763;PL003;Environment;Environment
D0001140;B0072911;PL003;Environment;Environment
D0001144;B0022714;PL003;Environment;Environment
D0001178;B0025451;PL003;Environment;Environment
D0001467;B0025559;PL003;Environment;Environment
D0001623;B0065425;PL003;Environment;Environment
D0001752;B0031363;PL003;Environment;Environment
D0001855;B0047778;PL003;Environment;Environment
D0001952;B0011636;PL003;Environment;Environment
D0002184;B0031183;PL003;Environment;Environment
D0002239;B0035907;PL003;Environment;Environment
D0002424;B0039246;PL003;Environment;Environment
D0002463;B0061176;PL003;Environment;Environment
D0002566;B0034842;PL003;Environment;Environment
D0002656;B0018276;PL003;Environment;Environment
D0002671;B0072893;PL003;Environment;Environment
D0002692;B0054918;PL003;Environment;Environment
D0002808;B0049415;PL003;Environment;Environment
D0002872;B0028835;PL003;Environment;Environment
D0002918;B0023897;PL003;Environment;Environment
D0002979;B0011536;PL003;Environment;Environment
D0003213;B0042334;PL003;Environment;Environment
D0003273;B0044090;PL003;Environment;Environment
D0003477;B0042672;PL003;Environment;Environment
D0003563;B0069895;PL003;Environment;Environment
D0003935;B0017298;PL003;Environment;Environment
D0004018;B0064377;PL003;Environment;Environment
D0004797;B0011719;PL003;Environment;Environment
D0005162;B0064276;PL003;Environment;Environment
D0005580;B0033282;PL003;Environment;Environment
D0005656;B0056262;PL003;Environment;Environment
D0005674;B0025945;PL003;Environment;Environment
D0005980;B0004431;PL003;Environment;Environment
D0002166;B0001830;PL003;Environment;Environment
D0003185;B0056355;PL003;Environment;Environment
D0003519;B0036817;PL003;Environment;Environment
D0004532;B0049878;PL003;Environment;Environment
D0005193;B0014512;PL003;Environment;Environment
D0005984;B0016931;PL003;Environment;Environment
D0000730;B0007935;PL003;Environment;Environment
D0003242;B0037849;PL003;Environment;Environment
D0005443;B0059047;PL003;Environment;Environment
D0000676;B0000500;PL003;Environment;Environment
D0004527;B0053226;PL003;Environment;Environment
D0005261;B0024209;PL003;Environment;Environment
D0000806;B0033491;PL003;Environment;Environment
D0000064;B0029808;PL003;Environment;Environment
D0005840;B0031807;PL003;Environment;Environment
D0000071;B0065819;PL003;Environment;Environment
D0004495;B0027740;PL003;Environment;Environment
D0001418;B0044404;PL003;Environment;Environment
D0003588;B0040773;PL003;Environment;Environment
D0002867;B0054660;PL003;Environment;Environment
D0002334;B0011799;PL003;Environment;Environment
D0000317;B0067363;PL003;Environment;Environment
D0005551;B0073366;PL003;Environment;Environment
D0005713;B0020838;PL003;Environment;Environment
D0003287;B0032475;PL003;Environment;Environment
D0002647;B0003347;PL003;Environment;Environment
D0003057;B0066560;PL003;Environment;Environment
D0003984;B0039484;PL003;Environment;Environment
D0004496;B0027173;PL003;Environment;Environment
D0000314;B0059963;PL003;Environment;Environment
D0001972;B0064375;PL003;Environment;Environment
D0002221;B0015714;PL003;Environment;Environment
D0003915;B0066673;PL003;Environment;Environment
D0004193;B0012302;PL003;Environment;Environment
D0004466;B0061649;PL003;Environment;Environment
D0004590;B0016020;PL003;Environment;Environment
D0004939;B0015509;PL003;Environment;Environment
D0002136;B0035446;PL003;Environment;Environment
D0004130;B0064508;PL003;Environment;Environment
D0004805;B0033226;PL003;Environment;Environment
D0002292;B0040586;PL003;Environment;Environment
D0001889;B0068033;PL003;Environment;Environment
D0003070;B0008193;PL003;Environment;Environment
D0000769;B0029739;PL003;Environment;Environment
D0004421;B0026789;PL003;Environment;Environment
D0000449;B0065912;PL003;Environment;Environment
D0000992;B0057141;PL003;Environment;Environment
D0001028;B0070151;PL003;Environment;Environment
D0001406;B0003884;PL003;Environment;Environment
D0003834;B0054794;PL003;Environment;Environment
D0004792;B0072075;PL003;Environment;Environment
D0005122;B0047168;PL003;Environment;Environment
D0005512;B0053093;PL003;Environment;Environment
D0005866;B0014525;PL003;Environment;Environment
D0002086;B0063873;PL003;Environment;Environment
D0002387;B0049914;PL003;Environment;Environment
D0005633;B0064770;PL003;Environment;Environment
D0000075;B0031000;PL003;Environment;Environment
D0000117;B0048358;PL003;Environment;Environment
D0001436;B0037438;PL003;Environment;Environment
D0001464;B0051614;PL003;Environment;Environment
D0001738;B0004037;PL003;Environment;Environment
D0002506;B0000666;PL003;Environment;Environment
D0003010;B0066640;PL003;Environment;Environment
D0003671;B0000435;PL003;Environment;Environment
D0003971;B0060505;PL003;Environment;Environment
D0004080;B0048836;PL003;Environment;Environment
D0004776;B0073812;PL003;Environment;Environment
D0005340;B0062877;PL003;Environment;Environment
D0004266;B0043704;PL003;Environment;Environment
D0000552;B0014413;PL003;Environment;Environment
D0000707;B0041403;PL003;Environment;Environment
D0000885;B0072460;PL003;Environment;Environment
D0001791;B0037024;PL003;Environment;Environment
D0002678;B0064830;PL003;Environment;Environment
D0002866;B0037587;PL003;Environment;Environment
D0003570;B0061273;PL003;Environment;Environment
D0003917;B0046802;PL003;Environment;Environment
D0004372;B0059350;PL003;Environment;Environment
D0000130;B0060901;PL003;Environment;Environment
D0000298;B0055653;PL003;Environment;Environment
D0000989;B0049864;PL003;Environment;Environment
D0001101;B0027242;PL003;Environment;Environment
D0001636;B0016841;PL003;Environment;Environment
D0002966;B0039459;PL003;Environment;Environment
D0003180;B0074926;PL003;Environment;Environment
D0003352;B0050068;PL003;Environment;Environment
D0003364;B0017724;PL003;Environment;Environment
D0003590;B0005789;PL003;Environment;Environment
D0003612;B0016585;PL003;Environment;Environment
D0004244;B0032491;PL003;Environment;Environment
D0004265;B0037106;PL003;Environment;Environment
D0004345;B0048587;PL003;Environment;Environment
D0004475;B0057171;PL003;Environment;Environment
D0005444;B0041072;PL003;Environment;Environment
D0005602;B0001324;PL003;Environment;Environment
D0002312;B0051417;PL003;Environment;Environment
D0004689;B0028634;PL003;Environment;Environment
D0005058;B0026656;PL003;Environment;Environment
D0005556;B0028223;PL003;Environment;Environment
D0000663;B0060954;PL003;Environment;Environment
D0001779;B0018794;PL003;Environment;Environment
D0004822;B0072453;PL003;Environment;Environment
D0001202;B0003613;PL003;Environment;Environment
D0003109;B0070087;PL003;Environment;Environment
D0003949;B0041965;PL003;Environment;Environment
D0003974;B0023692;PL003;Environment;Environment
D0005254;B0030878;PL003;Environment;Environment
D0005933;B0013090;PL003;Environment;Environment
D0001513;B0074287;PL003;Environment;Environment
D0002005;B0033214;PL003;Environment;Environment
D0003516;B0027888;PL003;Environment;Environment
D0004858;B0074683;PL003;Environment;Environment
D0005689;B0013140;PL003;Environment;Environment
D0002260;B0016329;PL003;Environment;Environment
D0002579;B0000512;PL003;Environment;Environment
D0002682;B0060099;PL003;Environment;Environment
D0002972;B0055921;PL003;Environment;Environment
D0003710;B0029250;PL003;Environment;Environment
D0004759;B0008505;PL003;Environment;Environment
D0004833;B0009732;PL003;Environment;Environment
D0005268;B0002240;PL003;Environment;Environment
D0003699;B0053455;PL003;Environment;Environment
D0004750;B0065751;PL003;Environment;Environment
D0005518;B0054175;PL003;Environment;Environment
D0005649;B0025645;PL003;Environment;Environment
D0001713;B0029440;PL003;Environment;Environment
D0001805;B0047730;PL003;Environment;Environment
D0003564;B0016671;PL003;Environment;Environment
D0004910;B0014764;PL003;Environment;Environment
D0002608;B0037582;PL003;Environment;Environment
D0003115;B0043575;PL003;Environment;Environment
D0003659;B0029758;PL003;Environment;Environment
D0004048;B0004728;PL003;Environment;Environment
D0000092;B0012203;PL003;Environment;Environment
D0000181;B0052373;PL003;Environment;Environment
D0001569;B0005632;PL003;Environment;Environment
D0005455;B0041140;PL003;Environment;Environment
D0005797;B0062792;PL003;Environment;Environment
D0001454;B0024444;PL003;Environment;Environment
D0002063;B0046611;PL003;Environment;Environment
D0002544;B0039319;PL003;Environment;Environment
D0002636;B0000972;PL003;Environment;Environment
D0003911;B0026299;PL003;Environment;Environment
D0004893;B0011714;PL003;Environment;Environment
D0005219;B0060461;PL003;Environment;Environment
D0000515;B0026183;PL003;Environment;Environment
D0000541;B0010566;PL003;Environment;Environment
D0000594;B0011088;PL003;Environment;Environment
D0001280;B0062039;PL003;Environment;Environment
D0001534;B0049085;PL003;Environment;Environment
D0002585;B0023646;PL003;Environment;Environment
D0003456;B0024589;PL003;Environment;Environment
D0004749;B0061242;PL003;Environment;Environment
D0002060;B0050344;PL003;Environment;Environment
D0001214;B0037982;PL003;Environment;Environment
D0002138;B0063114;PL003;Environment;Environment
D0003718;B0035807;PL003;Environment;Environment
D0004955;B0048711;PL003;Environment;Environment
D0001588;B0031435;PL003;Environment;Environment
D0002156;B0027163;PL003;Environment;Environment
D0002735;B0030382;PL003;Environment;Environment
D0004986;B0005906;PL003;Environment;Environment
D0005186;B0012039;PL003;Environment;Environment
D0005721;B0065755;PL003;Environment;Environment
D0002570;B0000557;PL003;Environment;Environment
D0001938;B0010861;PL003;Environment;Environment
D0002891;B0069192;PL003;Environment;Environment
D0002949;B0070758;PL003;Environment;Environment
D0004572;B0023768;PL003;Environment;Environment
D0005171;B0027536;PL003;Environment;Environment
D0005320;B0039176;PL003;Environment;Environment
