batch_id;plant_id;supplier_id;label;risk_probability
B0004937;PL010;S012;0;0.632710409469292
B0044230;PL010;S012;0;0.68709416967256
B0008697;PL010;S012;0;0.701813224846282
B0042438;PL010;S012;0;0.614706066185384
B0026095;PL010;S012;0;0.645477012907584
B0056161;PL010;S012;0;0.668877307512364
B0010087;PL010;S012;0;0.700645317436118
B0033162;PL010;S012;0;0.678779210804538
B0033876;PL010;S012;0;0.691143867876712
B0027843;PL010;S012;0;0.683161286540725
B0021008;PL010;S012;0;0.606980839879867
B0038952;PL010;S012;0;0.648899450477409
B0074215;PL010;S012;0;0.582955740682709
B0017885;PL010;S012;0;0.651028794900483
B0022093;PL010;S012;0;0.666370375843527
B0043798;PL010;S012;0;0.665577833546366
B0036220;PL010;S012;0;0.651834083372408
B0025120;PL010;S012;0;0.681026339063724
B0020890;PL010;S012;0;0.665840208593816
B0007448;PL010;S012;0;0.678880257684298
B0034079;PL010;S012;0;0.700137129346827
B0040811;PL010;S012;0;0.669000971250935
B0012535;PL010;S012;0;0.689638524392328
B0065047;PL010;S012;0;0.648658075574935
B0036087;PL010;S012;0;0.655621068339274
B0006213;PL010;S012;0;0.670349708082191
B0043482;PL010;S012;0;0.691927371539
B0018847;PL010;S012;0;0.681671391592915
B0059259;PL010;S012;0;0.64619799202141
B0014033;PL010;S012;0;0.666162939468657
B0004380;PL010;S012;0;0.66458182027416
B0003723;PL010;S012;0;0.583873412969846
B0015493;PL010;S012;0;0.652235314256003
B0027324;PL010;S012;0;0.663101544677535
B0005996;PL010;S012;0;0.687849827911694
B0051115;PL010;S012;0;0.673317712908379
B0029049;PL010;S012;0;0.676884293404362
B0042652;PL010;S012;0;0.709553929622959
B0069064;PL010;S012;0;0.719483523590408
B0002756;PL010;S012;0;0.693236486470548
B0059581;PL010;S012;0;0.694018798412888
B0055910;PL010;S012;0;0.710084155277824
B0001762;PL010;S012;0;0.680303132325512
B0005464;PL010;S012;0;0.703038990355282
B0034992;PL010;S012;0;0.681556026396661
B0035609;PL010;S012;0;0.661274794314392
B0065338;PL010;S012;0;0.688163746915986
B0063211;PL010;S012;0;0.679986994460865
B0060211;PL010;S012;0;0.706192920154932
B0055617;PL010;S012;0;0.704173460114094
B0049381;PL010;S012;0;0.7263528707162
B0055401;PL010;S012;0;0.661664995639454
B0053284;PL010;S012;0;0.71510663387942
B0044754;PL010;S012;0;0.659008208571977
B0057084;PL010;S012;0;0.650527379641872
B0056777;PL010;S012;0;0.698421791235473
B0028445;PL010;S012;0;0.682341842042794
B0030586;PL010;S012;0;0.682341842042794
B0047882;PL010;S011;0;0.585491811625557
B0045281;PL010;S011;0;0.752670009282276
B0024539;PL010;S011;0;0.634120996308936
B0058485;PL010;S011;0;0.667450927805212
B0074378;PL010;S011;0;0.704582630448324
B0073398;PL010;S011;0;0.690476232893547
B0049654;PL010;S011;0;0.656685632113713
B0041786;PL010;S011;0;0.662293737116763
B0026969;PL010;S011;0;0.733636169147134
B0067803;PL010;S011;0;0.722452492191941
B0040018;PL010;S011;0;0.71089898940573
B0003317;PL010;S011;0;0.682095036966956
B0026431;PL010;S011;0;0.693455772608398
B0071931;PL010;S011;0;0.650455213083449
B0035840;PL010;S011;0;0.687058714898102
B0047353;PL010;S011;0;0.598629444810425
B0067394;PL010;S011;0;0.612047810346146
B0060980;PL010;S011;0;0.705589446535793
B0032948;PL010;S011;0;0.615855229833427
B0054167;PL010;S011;0;0.677909154836255
B0050932;PL010;S011;0;0.670065972526996
B0033247;PL010;S011;0;0.700814243466789
B0018659;PL010;S011;0;0.648592749609863
B0021614;PL010;S011;0;0.621406983583169
B0036104;PL010;S011;0;0.612883388937703
B0052029;PL010;S011;0;0.685826831461083
B0024782;PL010;S011;0;0.645573754249904
B0046344;PL010;S011;0;0.665934253737535
B0047008;PL010;S011;0;0.6521436778361
B0025935;PL010;S011;0;0.650421418013613
B0042710;PL010;S011;0;0.624339172843778
B0017125;PL010;S011;0;0.674667302844176
B0010690;PL010;S011;0;0.690536985486565
B0054251;PL010;S011;0;0.657027420343043
B0023309;PL010;S011;0;0.68046686166349
B0049449;PL010;S011;0;0.6689988049029
B0014414;PL010;S011;0;0.690025871671319
B0008341;PL010;S011;0;0.560325508691903
B0017603;PL010;S011;0;0.651697862094507
B0053250;PL010;S011;0;0.681977399002401
B0010452;PL010;S011;0;0.693252348693507
B0070805;PL010;S011;0;0.692678902548651
B0007789;PL010;S011;0;0.635201728229145
B0021551;PL010;S011;0;0.682279644657817
B0064808;PL010;S011;0;0.66066647359808
B0051593;PL010;S011;0;0.583127113107222
B0071380;PL010;S011;0;0.666334989754735
B0033253;PL010;S011;0;0.626714922151162
B0026684;PL010;S011;0;0.657708964872233
B0015276;PL010;S011;0;0.665472326689831
B0017389;PL010;S011;0;0.656889722699584
B0068845;PL010;S011;0;0.688786001307347
B0069735;PL010;S011;0;0.653866563696255
B0054193;PL010;S011;0;0.623139880410087
B0046351;PL010;S011;0;0.646051207001918
B0000684;PL010;S011;0;0.638863400462503
B0031460;PL010;S011;0;0.653718338537644
B0048482;PL010;S011;0;0.642723960853308
B0034723;PL010;S011;0;0.627496491844957
B0014822;PL010;S011;0;0.67578376817027
B0050722;PL010;S011;0;0.660558924640372
B0019354;PL010;S011;0;0.652245944548583
B0030734;PL010;S011;0;0.662067104821114
B0052594;PL010;S011;0;0.620811088200188
B0024577;PL010;S011;0;0.676953247126731
B0055515;PL010;S011;0;0.632291172340817
B0067516;PL010;S010;0;0.62401808993517
B0020679;PL010;S010;0;0.687086626837779
B0074038;PL010;S010;0;0.686116714563376
B0015505;PL010;S010;0;0.698076038296904
B0039716;PL010;S010;0;0.686001130458419
B0060049;PL010;S010;0;0.682252690268986
B0069726;PL010;S010;0;0.681831653072013
B0027254;PL010;S010;0;0.63022801900855
B0023572;PL010;S010;0;0.661436216916086
B0059799;PL010;S010;0;0.646287966406427
B0067309;PL010;S010;0;0.661235324742628
B0058041;PL010;S010;0;0.68520966317331
B0072515;PL010;S010;0;0.66474418641708
B0004449;PL010;S010;0;0.666740262865767
B0050564;PL010;S010;0;0.67162817869828
B0035936;PL010;S010;0;0.677729613381548
B0041955;PL010;S010;0;0.661925503253647
B0059407;PL010;S010;0;0.66731332812533
B0037229;PL010;S010;0;0.662039135108383
B0028533;PL010;S010;0;0.685546075407375
B0041777;PL010;S010;0;0.672453617763364
B0008281;PL010;S010;0;0.692232326296068
B0049699;PL010;S010;0;0.65264604332683
B0059798;PL010;S010;0;0.667313693315952
B0025196;PL010;S010;0;0.674455646294451
B0037825;PL010;S010;0;0.668399318628345
B0062196;PL010;S010;0;0.648579394697
B0067101;PL010;S010;0;0.65745688417246
B0056465;PL010;S010;0;0.682745718466192
B0038715;PL010;S010;0;0.624759293787857
B0035821;PL010;S010;0;0.609528571937284
B0013918;PL010;S010;0;0.655797104163496
B0063331;PL010;S010;0;0.711036076124016
B0046632;PL010;S010;0;0.681359709142223
B0072975;PL010;S010;0;0.735548094079877
B0040226;PL010;S010;0;0.6432176450863
B0011201;PL010;S010;0;0.673157741278207
B0023813;PL010;S010;0;0.652100863437666
B0044444;PL010;S010;0;0.64143085689602
B0064328;PL010;S010;0;0.676583377821253
B0072468;PL010;S010;0;0.672543469930298
B0065813;PL010;S010;0;0.656695372739748
B0032906;PL010;S010;0;0.683354730206665
B0038319;PL010;S010;0;0.644360521629065
B0041710;PL010;S010;0;0.680287429129054
B0056315;PL010;S010;0;0.638635283091631
B0021249;PL010;S010;0;0.659121297876638
B0049336;PL010;S010;0;0.639085292619721
B0017682;PL010;S010;0;0.657936178776576
B0018666;PL010;S010;0;0.634091557329126
B0037080;PL010;S010;0;0.659760631069016
B0071048;PL010;S010;0;0.672533990721983
B0025330;PL010;S010;0;0.654806536210314
B0014007;PL010;S010;0;0.694972231360834
B0011854;PL010;S010;0;0.687363247249893
B0063270;PL010;S010;0;0.655862201194377
B0073562;PL010;S010;0;0.679834894273406
B0035845;PL010;S010;0;0.651099481994872
B0005850;PL010;S010;0;0.63261083504403
B0062698;PL010;S010;0;0.650545729814027
B0004285;PL010;S010;0;0.639854414769958
B0038507;PL010;S010;0;0.639854414769958
B0046967;PL010;S010;0;0.631754470676268
B0015187;PL010;S010;0;0.608488680726414
B0002286;PL010;S010;0;0.66713090079987
B0002817;PL010;S010;0;0.638470929201015
B0021139;PL010;S010;0;0.670723721297585
B0039418;PL010;S010;0;0.663158879662783
B0038372;PL010;S010;0;0.670323681265036
B0030391;PL010;S010;0;0.64776865558244
B0058534;PL010;S010;0;0.648903114549635
B0062256;PL010;S010;0;0.643630447977986
B0021407;PL010;S010;0;0.677838008097025
B0020051;PL010;S010;0;0.682308062450116
B0014247;PL010;S010;0;0.660566239131071
B0017911;PL010;S010;0;0.673192082644548
B0005242;PL010;S010;0;0.651679306269968
B0014220;PL010;S010;0;0.621615109299335
B0006109;PL010;S010;0;0.680580964120947
B0059656;PL010;S010;0;0.684378598351806
B0069864;PL010;S010;0;0.671636417168616
B0073318;PL010;S010;0;0.628682200115355
B0007984;PL010;S010;0;0.673474547073272
B0027012;PL010;S010;0;0.647377310242756
B0054197;PL010;S010;0;0.663731507236131
B0066570;PL010;S010;0;0.664868025294339
B0010600;PL010;S010;0;0.647939658918033
B0037505;PL010;S010;0;0.631595569959394
B0017001;PL010;S010;0;0.620007666774772
B0070794;PL010;S010;0;0.660482747773829
B0038562;PL010;S010;0;0.654606605119892
B0069968;PL010;S010;0;0.698992435625452
B0025855;PL010;S010;0;0.669067136333
B0020663;PL010;S010;0;0.66721645531756
B0029435;PL010;S010;0;0.672606724419093
B0070603;PL010;S010;0;0.639457377115459
B0060760;PL010;S010;0;0.639534905471856
B0058868;PL010;S010;0;0.633786428638798
B0045107;PL010;S010;0;0.660765616633955
B0047488;PL010;S010;0;0.674029319867419
B0000823;PL010;S010;0;0.628981748052879
B0017068;PL010;S010;0;0.643369364489309
B0004418;PL010;S010;0;0.646887016260285
B0047587;PL010;S010;0;0.658280901584755
B0040620;PL010;S010;0;0.616557370421291
B0005776;PL010;S010;0;0.622984730224238
B0010939;PL010;S010;0;0.650794426334368
B0046782;PL010;S010;0;0.640285615090545
B0019421;PL010;S010;0;0.629430194912546
B0003913;PL010;S010;0;0.679866758061975
B0019225;PL010;S010;0;0.650226148171577
B0049414;PL010;S010;0;0.617994153390096
B0004707;PL010;S010;0;0.639358447262738
B0062160;PL010;S010;0;0.62575284187068
B0061381;PL010;S010;0;0.687856683578705
B0017581;PL010;S010;0;0.655021263369721
B0009720;PL010;S010;0;0.638849559568167
B0035745;PL010;S010;0;0.640730986183138
B0000854;PL010;S010;0;0.65676876435295
B0067756;PL010;S009;0;0.155666824672101
B0062812;PL010;S009;0;0.627859948875424
B0068779;PL010;S009;0;0.594227904897128
B0074750;PL010;S009;0;0.683718112190893
B0020719;PL010;S009;0;0.66429052807951
B0074650;PL010;S009;0;0.631349196214318
B0039565;PL010;S009;0;0.662712801336849
B0032853;PL010;S009;0;0.645331331838264
B0066988;PL010;S009;0;0.648144019308067
B0003454;PL010;S009;0;0.653466151661444
B0056779;PL010;S009;0;0.678086029659489
B0042573;PL010;S009;0;0.706924567616276
B0030640;PL010;S009;0;0.673770477862229
B0019355;PL010;S009;0;0.690663709945377
B0008221;PL010;S009;0;0.717628060552194
B0069684;PL010;S009;0;0.724347254898523
B0032087;PL010;S009;0;0.652922655545483
B0010884;PL010;S009;0;0.611445935459173
B0003571;PL010;S009;0;0.689683102102194
B0001429;PL010;S009;0;0.675815967733541
B0015626;PL010;S009;0;0.661411691090512
B0014281;PL010;S009;0;0.68645452287584
B0055627;PL010;S009;0;0.702975380911561
B0072496;PL010;S009;0;0.686810843682599
B0066512;PL010;S009;0;0.686234588449645
B0060234;PL010;S009;0;0.672189402574735
B0052554;PL010;S009;0;0.714976341143743
B0013926;PL010;S009;0;0.671523870678766
B0032302;PL010;S009;0;0.702780257734743
B0002787;PL010;S009;0;0.620807250714306
B0035489;PL010;S009;0;0.709338349783878
B0000741;PL010;S009;0;0.685691167975648
B0056728;PL010;S009;0;0.658399329960446
B0029320;PL010;S009;0;0.671808649151703
B0029870;PL010;S009;0;0.678937093617877
B0010684;PL010;S009;0;0.70284600422835
B0037994;PL010;S009;0;0.646594822822884
B0022096;PL010;S009;0;0.681086775577387
B0052160;PL010;S009;0;0.725059377096117
B0043304;PL010;S009;0;0.649979517142501
B0001039;PL010;S009;0;0.681289961084241
B0066836;PL010;S009;0;0.681210392975738
B0065620;PL010;S009;0;0.657499942510096
B0004193;PL010;S009;0;0.673242104864535
B0018103;PL010;S009;0;0.681305889610574
B0058687;PL010;S009;0;0.714227353675588
B0027202;PL010;S009;0;0.676020441731702
B0063935;PL010;S009;0;0.646708508218298
B0000923;PL010;S009;0;0.665905725597865
B0071919;PL010;S009;0;0.694373934067396
B0037567;PL010;S009;0;0.710769511137485
B0041873;PL010;S009;0;0.670659049279304
B0043756;PL010;S009;0;0.657737011803143
B0047169;PL010;S009;0;0.686997012611628
B0004071;PL010;S009;0;0.671082755169176
B0049099;PL010;S009;0;0.644258104266822
B0047212;PL010;S009;0;0.674736293801036
B0033404;PL010;S009;0;0.686893097764366
B0012866;PL010;S009;0;0.701701124965642
B0059526;PL010;S009;0;0.675464387828326
B0058616;PL010;S009;0;0.710360400632959
B0069693;PL010;S009;0;0.643848871824235
B0011168;PL010;S009;0;0.648501190580425
B0032167;PL010;S009;0;0.709299202569053
B0016452;PL010;S009;0;0.626517691399622
B0020882;PL010;S009;0;0.616877144874331
B0043207;PL010;S009;0;0.638048024800683
B0010454;PL010;S009;0;0.659625827256322
B0031680;PL010;S009;0;0.649453673538869
B0011210;PL010;S009;0;0.606370554320041
B0012847;PL010;S009;0;0.708259353886275
B0051584;PL010;S009;0;0.67171106481479
B0055170;PL010;S009;0;0.667134675302188
B0015621;PL010;S009;0;0.698591741137941
B0052903;PL010;S009;0;0.690521686008763
B0070106;PL010;S009;0;0.707570736375387
B0027597;PL010;S009;0;0.699795599361215
B0041182;PL010;S009;0;0.693600468090166
B0042323;PL010;S009;0;0.694539269354943
B0068188;PL010;S009;0;0.65125848324909
B0055158;PL010;S009;0;0.639453000478541
B0006813;PL010;S009;0;0.686461720332185
B0019835;PL010;S009;0;0.637911092736511
B0037116;PL010;S009;0;0.72439781192194
B0046413;PL010;S009;0;0.674895509552197
B0052189;PL010;S009;0;0.65195200387815
B0016181;PL010;S009;0;0.659428904910824
B0002251;PL010;S009;0;0.67968917697867
B0018708;PL010;S009;0;0.736685538796011
B0063232;PL010;S009;0;0.681946516326805
B0000704;PL010;S009;0;0.66230439605787
B0024457;PL010;S009;0;0.663230713095535
B0072084;PL010;S009;0;0.634681128370472
B0064180;PL010;S009;0;0.684759829281874
B0020723;PL010;S009;0;0.682361781660021
B0009513;PL010;S009;0;0.632778693014517
B0066364;PL010;S009;0;0.635480693106552
B0064030;PL010;S009;0;0.678148773423499
B0028520;PL010;S009;0;0.662981837388418
B0008242;PL010;S009;0;0.692037484506097
B0070660;PL010;S009;0;0.692920057443851
B0058239;PL010;S009;0;0.72629914408712
B0042999;PL010;S009;0;0.657947399333674
B0026854;PL010;S009;0;0.676305455079092
B0012892;PL010;S009;0;0.704876675572191
B0060161;PL010;S009;0;0.650868375120163
B0059197;PL010;S009;0;0.657611514817538
B0042252;PL010;S009;0;0.685802821452519
B0064751;PL010;S009;0;0.670078925859999
B0070045;PL010;S009;0;0.68683652897119
B0056683;PL010;S009;0;0.681529610025145
B0008068;PL010;S009;0;0.656522788291284
B0013406;PL010;S009;0;0.678228534517223
B0013105;PL010;S009;0;0.687985232585552
B0060928;PL010;S009;0;0.677757470426604
B0022725;PL010;S009;0;0.641037400548473
B0007771;PL010;S009;0;0.687510751488073
B0057300;PL010;S009;0;0.675834767895909
B0020461;PL010;S009;0;0.669639577468231
B0062076;PL010;S009;0;0.702062961282106
B0071858;PL010;S009;0;0.700006543225105
B0045701;PL010;S009;0;0.641103760031622
B0036125;PL010;S009;0;0.645431386872644
B0038802;PL010;S009;0;0.7074581556221
B0074682;PL010;S009;0;0.664590828106982
B0068341;PL010;S009;0;0.67540818161115
B0035426;PL010;S008;0;0.23126268066251
B0074174;PL010;S008;0;0.475748735847337
B0022994;PL010;S008;0;0.638231517004289
B0013192;PL010;S008;0;0.4675144447988
B0051185;PL010;S008;0;0.671466503372087
B0027255;PL010;S008;0;0.644656409013544
B0013024;PL010;S008;0;0.628429405248762
B0018679;PL010;S008;0;0.622826155432777
B0030051;PL010;S008;0;0.687878527124263
B0038364;PL010;S008;0;0.629465922914939
B0025322;PL010;S008;0;0.622255674398185
B0054122;PL010;S008;0;0.614207539833671
B0020975;PL010;S008;0;0.652849093340574
B0047963;PL010;S008;0;0.623848540872865
B0024913;PL010;S008;0;0.731173332379618
B0052906;PL010;S008;0;0.624280797120768
B0019167;PL010;S008;0;0.67322959211735
B0010395;PL010;S008;0;0.676516727862855
B0072728;PL010;S008;0;0.619299402433906
B0033600;PL010;S008;0;0.625316308772533
B0069163;PL010;S008;0;0.617552924665516
B0072529;PL010;S008;0;0.620362992958039
B0063625;PL010;S008;0;0.669009660461265
B0023702;PL010;S008;0;0.729394211331366
B0072749;PL010;S008;0;0.694770110910671
B0064359;PL010;S008;0;0.623887814877724
B0043236;PL010;S008;0;0.627291484071643
B0003867;PL010;S008;0;0.662486162819338
B0068286;PL010;S008;0;0.61589446683629
B0015664;PL010;S008;0;0.616788717105902
B0031144;PL010;S008;0;0.593760823781027
B0012173;PL010;S008;0;0.59928810625117
B0003205;PL010;S008;0;0.632698518659505
B0046590;PL010;S008;0;0.630523021447129
B0029303;PL010;S008;0;0.636572407980242
B0017339;PL010;S008;0;0.643682719029379
B0014831;PL010;S008;0;0.609405920637897
B0019067;PL010;S008;0;0.609938676727229
B0047142;PL010;S008;0;0.668018798843591
B0038590;PL010;S008;0;0.670184880027731
B0050347;PL010;S008;0;0.684595793032144
B0065548;PL010;S008;0;0.656835827676877
B0055552;PL010;S008;0;0.662003050228483
B0027651;PL010;S008;0;0.599744545688054
B0004827;PL010;S008;0;0.662008051799549
B0071349;PL010;S008;0;0.695688974849957
B0047830;PL010;S008;0;0.661984248383182
B0057501;PL010;S008;0;0.613083331932581
B0032849;PL010;S008;0;0.617205007752282
B0022037;PL010;S008;0;0.66906400974978
B0011454;PL010;S008;0;0.622317776201556
B0052314;PL010;S008;0;0.652054043915004
B0052976;PL010;S008;0;0.629461441300217
B0019752;PL010;S008;0;0.638272177667705
B0046336;PL010;S008;0;0.653462844287645
B0069875;PL010;S008;0;0.642708684434554
B0067026;PL010;S008;0;0.656200997939602
B0057531;PL010;S008;0;0.633437676341303
B0025586;PL010;S008;0;0.653177892292068
B0062609;PL010;S008;0;0.700735811198405
B0027491;PL010;S008;0;0.647840572832972
B0028387;PL010;S008;0;0.627147905101016
B0055587;PL010;S008;0;0.635303474477826
B0025982;PL010;S008;0;0.741477491129268
B0071656;PL010;S008;0;0.648150029185013
B0050395;PL010;S008;0;0.66315805637518
B0025545;PL010;S008;0;0.70520469009841
B0004759;PL010;S008;0;0.659212222376686
B0058878;PL010;S008;0;0.689145251892516
B0009192;PL010;S008;0;0.71545539759433
B0013127;PL010;S008;0;0.590923625660636
B0061909;PL010;S008;0;0.653622239893773
B0072477;PL010;S008;0;0.690614639115139
B0062314;PL010;S008;0;0.625305376498537
B0043327;PL010;S008;0;0.639857798901218
B0014892;PL010;S008;0;0.657536546830846
B0027418;PL010;S008;0;0.622937605458582
B0029242;PL010;S008;0;0.64005872291403
B0053498;PL010;S008;0;0.632087118973898
B0074428;PL010;S008;0;0.616087189040898
B0033861;PL010;S008;0;0.610465316421095
B0063052;PL010;S008;0;0.668485963059962
B0023868;PL010;S008;0;0.693966986076781
B0069099;PL010;S008;0;0.677700385385278
B0066257;PL010;S008;0;0.687278487582179
B0025808;PL010;S008;0;0.649151710317724
B0058815;PL010;S008;0;0.632052177052153
B0056006;PL010;S008;0;0.663102475853643
B0013605;PL010;S008;0;0.698952403259556
B0046246;PL010;S008;0;0.643729516646315
B0071066;PL010;S008;0;0.628609428438825
B0030927;PL010;S008;0;0.651509529691508
B0019968;PL010;S008;0;0.649658260598672
B0008862;PL010;S008;0;0.638332502806413
B0031581;PL010;S008;0;0.631724923326227
B0065562;PL010;S008;0;0.633129907136653
B0056175;PL010;S008;0;0.693811767705533
B0052973;PL010;S008;0;0.57824160273974
B0065789;PL010;S008;0;0.598673935593711
B0061824;PL010;S008;0;0.652220293852555
B0007097;PL010;S008;0;0.664545898191958
B0067758;PL010;S008;0;0.658305432581488
B0020314;PL010;S008;0;0.660827535017188
B0057260;PL010;S008;0;0.657954248984435
B0034675;PL010;S008;0;0.675338437738625
B0017210;PL010;S008;0;0.641499809481211
B0057946;PL010;S008;0;0.665229816163568
B0050277;PL010;S008;0;0.640747709752367
B0024901;PL010;S008;0;0.653272301110805
B0035121;PL010;S008;0;0.635834986752359
B0073113;PL010;S008;0;0.638334949277461
B0031345;PL010;S008;0;0.635198909700659
B0023429;PL010;S008;0;0.659826395540085
B0046803;PL010;S008;0;0.667429813304443
B0017516;PL010;S008;0;0.693530957812252
B0002324;PL010;S008;0;0.655136892618374
B0023239;PL010;S008;0;0.653342906256812
B0055149;PL010;S008;0;0.647781146245601
B0072711;PL010;S008;0;0.640893141874392
B0010147;PL010;S008;0;0.680386269597117
B0023781;PL010;S008;0;0.664269496591561
B0065711;PL010;S008;0;0.64553895860289
B0049059;PL010;S008;0;0.613946618520797
B0062941;PL010;S008;0;0.631386748844453
B0072690;PL010;S008;0;0.612397282269666
B0022018;PL010;S008;0;0.649505547949576
B0074842;PL010;S008;0;0.670305247099279
B0020423;PL010;S008;0;0.662653325426106
B0019521;PL010;S008;0;0.637399150894579
B0039816;PL010;S008;0;0.64979012242899
B0073872;PL010;S008;0;0.636257733125111
B0063479;PL010;S008;0;0.65761202629567
B0034816;PL010;S008;0;0.634804904070735
B0035079;PL010;S007;0;0.620001517063596
B0071087;PL010;S007;0;0.666037739832007
B0045854;PL010;S007;0;0.697332607475938
B0044368;PL010;S007;0;0.573933215056773
B0061903;PL010;S007;0;0.691521545956439
B0007744;PL010;S007;0;0.640171540715133
B0016075;PL010;S007;0;0.616298810577096
B0002857;PL010;S007;0;0.632211522494809
B0067722;PL010;S007;0;0.633748759075541
B0045060;PL010;S007;0;0.586543490096934
B0048461;PL010;S007;0;0.646306972611336
B0042278;PL010;S007;0;0.321794868997718
B0004912;PL010;S007;0;0.519798998775125
B0040744;PL010;S007;0;0.603971002816467
B0053286;PL010;S007;0;0.682809067030669
B0073298;PL010;S007;0;0.673163578278733
B0011253;PL010;S007;0;0.654631301351052
B0041131;PL010;S007;0;0.653222556962315
B0000451;PL010;S007;0;0.657807835077763
B0054002;PL010;S007;0;0.650959303704036
B0031981;PL010;S007;0;0.684499035614121
B0061120;PL010;S007;0;0.676509433249174
B0053866;PL010;S007;0;0.676502056421124
B0042907;PL010;S007;0;0.619611148817396
B0056652;PL010;S007;0;0.55007779934247
B0074764;PL010;S007;0;0.676582891260008
B0072012;PL010;S007;0;0.647350784320857
B0027174;PL010;S007;0;0.696982282316422
B0038575;PL010;S007;0;0.651753103170487
B0048399;PL010;S007;0;0.709648189822438
B0063206;PL010;S007;0;0.595575544082322
B0002987;PL010;S007;0;0.595307144991691
B0018525;PL010;S007;0;0.622781469270023
B0046348;PL010;S007;0;0.660340328752146
B0018065;PL010;S007;0;0.653350627259148
B0035822;PL010;S007;0;0.697034093192485
B0066035;PL010;S007;0;0.676456049898696
B0067696;PL010;S007;0;0.660923595239412
B0070694;PL010;S007;0;0.643704638166371
B0063037;PL010;S007;0;0.640770146010192
B0002661;PL010;S007;0;0.61266888717131
B0054095;PL010;S007;0;0.721462712654626
B0002558;PL010;S007;0;0.645919907241632
B0040254;PL010;S007;0;0.650551908394561
B0069183;PL010;S007;0;0.697153890604972
B0068585;PL010;S007;0;0.627449768503677
B0019854;PL010;S007;0;0.62842571556251
B0015314;PL010;S007;0;0.672766932728149
B0025470;PL010;S007;0;0.637261662062522
B0057717;PL010;S007;0;0.668561712127111
B0055769;PL010;S007;0;0.675611535524867
B0037354;PL010;S007;0;0.671458369522457
B0015094;PL010;S007;0;0.675509402449671
B0072097;PL010;S007;0;0.686708223645592
B0013206;PL010;S007;0;0.681946990512202
B0035156;PL010;S007;0;0.649469576106645
B0037394;PL010;S007;0;0.65194231963812
B0041924;PL010;S007;0;0.713102499257072
B0058428;PL010;S007;0;0.710887518283485
B0073507;PL010;S007;0;0.709787201263111
B0069880;PL010;S007;0;0.654628912238486
B0043446;PL010;S007;0;0.645730159992407
B0017005;PL010;S007;0;0.685353513846324
B0054982;PL010;S007;0;0.670703108306393
B0027252;PL010;S007;0;0.634278036084161
B0068111;PL010;S007;0;0.676804980893774
B0042664;PL010;S007;0;0.645088952483732
B0069669;PL010;S007;0;0.659792521093612
B0025876;PL010;S007;0;0.644876144445814
B0062916;PL010;S007;0;0.666108485642777
B0037514;PL010;S007;0;0.679399826315426
B0074714;PL010;S007;0;0.616614610861948
B0049171;PL010;S007;0;0.708601252246501
B0059464;PL010;S007;0;0.741709551881233
B0064957;PL010;S007;0;0.68072236994028
B0028883;PL010;S007;0;0.661631800450387
B0023806;PL010;S007;0;0.622305014075163
B0059914;PL010;S007;0;0.67138308358274
B0030297;PL010;S007;0;0.678020934644383
B0005786;PL010;S007;0;0.724150797916766
B0018281;PL010;S007;0;0.622194370193456
B0059405;PL010;S007;0;0.684770394276074
B0029223;PL010;S007;0;0.660638437808175
B0013291;PL010;S007;0;0.660790137783811
B0040137;PL010;S007;0;0.654206665467414
B0026919;PL010;S007;0;0.662951283560136
B0050147;PL010;S007;0;0.604132980394072
B0054025;PL010;S007;0;0.653351359927494
B0006559;PL010;S007;0;0.637540265818509
B0032888;PL010;S007;0;0.671546363226068
B0070690;PL010;S007;0;0.656725688667287
B0008201;PL010;S007;0;0.658553415012108
B0025086;PL010;S007;0;0.684421641217178
B0061380;PL010;S007;0;0.703899005043648
B0020251;PL010;S007;0;0.7028889739963
B0062662;PL010;S007;0;0.630741409987676
B0071774;PL010;S007;0;0.592326544061241
B0010051;PL010;S007;0;0.602679548105735
B0068659;PL010;S007;0;0.643999450109505
B0067132;PL010;S007;0;0.691511383314369
B0012999;PL010;S007;0;0.705001661422132
B0045353;PL010;S007;0;0.67929248206379
B0006027;PL010;S007;0;0.638008763740238
B0021441;PL010;S007;0;0.675878945980546
B0019257;PL010;S007;0;0.690775617704138
B0020591;PL010;S007;0;0.656326767891469
B0016652;PL010;S007;0;0.653652378065167
B0046836;PL010;S007;0;0.722172523140423
B0056884;PL010;S007;0;0.649193007799363
B0004247;PL010;S007;0;0.700974821176146
B0001805;PL010;S007;0;0.632248378814176
B0066558;PL010;S007;0;0.621531452756372
B0011435;PL010;S007;0;0.65635200612177
B0025791;PL010;S007;0;0.687516381681373
B0047066;PL010;S007;0;0.627823838517642
B0005833;PL010;S007;0;0.658706018576569
B0073903;PL010;S007;0;0.611231925736709
B0048820;PL010;S007;0;0.685664617594944
B0026351;PL010;S007;0;0.647618089630793
B0021064;PL010;S007;0;0.665067844899318
B0055040;PL010;S007;0;0.652339928989256
B0011589;PL010;S007;0;0.643552541172954
B0004406;PL010;S007;0;0.610550206084642
B0061192;PL010;S007;0;0.64547901387701
B0073241;PL010;S007;0;0.662395202078443
B0049850;PL010;S007;0;0.606647011109286
B0060514;PL010;S007;0;0.651467391215348
B0058284;PL010;S007;0;0.703105864416518
B0042355;PL010;S007;0;0.681841412440751
B0074871;PL010;S007;0;0.598417939087359
B0041709;PL010;S007;0;0.579823437632438
B0010040;PL010;S007;0;0.647027935454503
B0043068;PL010;S007;0;0.6518235612359
B0021337;PL010;S007;0;0.673496809618569
B0043276;PL010;S007;0;0.607306735711562
B0025901;PL010;S007;0;0.642149663326451
B0023194;PL010;S007;0;0.659084012967334
B0072311;PL010;S007;0;0.674223492943363
B0035555;PL010;S007;0;0.607895183621475
B0049433;PL010;S007;0;0.649347179154099
B0052401;PL010;S007;0;0.621531452756372
B0065965;PL010;S007;0;0.63599453937698
B0011557;PL010;S007;0;0.61563979453261
B0019545;PL010;S007;0;0.637012804240511
B0033532;PL010;S007;0;0.604981964078942
B0037700;PL010;S006;0;0.174836213186694
B0054546;PL010;S006;0;0.213728731493314
B0040882;PL010;S006;0;0.625672651223156
B0070567;PL010;S006;0;0.625096136082982
B0039899;PL010;S006;0;0.624797268996721
B0066469;PL010;S006;0;0.698148439289659
B0056458;PL010;S006;0;0.672477240433752
B0029218;PL010;S006;0;0.672490212674111
B0031295;PL010;S006;0;0.666373410856153
B0050827;PL010;S006;0;0.653626113758142
B0033737;PL010;S006;0;0.647912546881616
B0020240;PL010;S006;0;0.639875249507971
B0030748;PL010;S006;0;0.633796898833524
B0019227;PL010;S006;0;0.663799474979487
B0014781;PL010;S006;0;0.656155899259843
B0005877;PL010;S006;0;0.69985720213544
B0053999;PL010;S006;0;0.65092191373989
B0063852;PL010;S006;0;0.624591397614648
B0062807;PL010;S006;0;0.67063657440241
B0033203;PL010;S006;0;0.680044528196876
B0013632;PL010;S006;0;0.669829800105512
B0027959;PL010;S006;0;0.675019254630336
B0066014;PL010;S006;0;0.692989182872989
B0064250;PL010;S006;0;0.657503697340026
B0002595;PL010;S006;0;0.656263679498614
B0014942;PL010;S006;0;0.689481227455752
B0070220;PL010;S006;0;0.653912891356978
B0033928;PL010;S006;0;0.660371545726178
B0022383;PL010;S006;0;0.63602835836862
B0029731;PL010;S006;0;0.673546998398352
B0069517;PL010;S006;0;0.681792870233551
B0025011;PL010;S006;0;0.625560764439861
B0049651;PL010;S006;0;0.711604952973759
B0058609;PL010;S006;0;0.697939581133002
B0032896;PL010;S006;0;0.673640168736878
B0005371;PL010;S006;0;0.676763917768341
B0001725;PL010;S006;0;0.641401917751903
B0069670;PL010;S006;0;0.658283783548512
B0064074;PL010;S006;0;0.694338240221505
B0050421;PL010;S006;0;0.631981108993376
B0074759;PL010;S006;0;0.688557787303576
B0026105;PL010;S006;0;0.673387244574148
B0046738;PL010;S006;0;0.684261107092399
B0005513;PL010;S006;0;0.684847153796327
B0044496;PL010;S006;0;0.67896752907564
B0047460;PL010;S006;0;0.662847228518376
B0063908;PL010;S006;0;0.663333165484206
B0024676;PL010;S006;0;0.619459145175958
B0042330;PL010;S006;0;0.654599732189823
B0020544;PL010;S006;0;0.682206837448315
B0070490;PL010;S006;0;0.68102174384197
B0010005;PL010;S006;0;0.607491599263216
B0072220;PL010;S006;0;0.71686053013936
B0022012;PL010;S006;0;0.666647018676862
B0038230;PL010;S006;0;0.669632235535734
B0037064;PL010;S006;0;0.653919047817029
B0032027;PL010;S006;0;0.642701616313043
B0073504;PL010;S006;0;0.632619766917231
B0036297;PL010;S006;0;0.657564160926356
B0052019;PL010;S006;0;0.657276371915699
B0059158;PL010;S006;0;0.663368320192884
B0041438;PL010;S006;0;0.733364431565333
B0022192;PL010;S006;0;0.62392009202975
B0041667;PL010;S006;0;0.615574573589071
B0063918;PL010;S006;0;0.677683123846519
B0046302;PL010;S006;0;0.681863020606504
B0020532;PL010;S006;0;0.661505032598661
B0024318;PL010;S006;0;0.617744174452367
B0063937;PL010;S006;0;0.645492292653246
B0020302;PL010;S006;0;0.666386661949163
B0059748;PL010;S006;0;0.658369136799645
B0038884;PL010;S006;0;0.67167398396375
B0002367;PL010;S006;0;0.6498295519094
B0040063;PL010;S006;0;0.686575935330279
B0047945;PL010;S006;0;0.679158725474153
B0062023;PL010;S006;0;0.706195368218042
B0022936;PL010;S006;0;0.685098437018754
B0017264;PL010;S006;0;0.704155050482644
B0069285;PL010;S006;0;0.666839305604351
B0033668;PL010;S006;0;0.65725034522248
B0064719;PL010;S006;0;0.693336003509041
B0065423;PL010;S006;0;0.641350854138569
B0064131;PL010;S006;0;0.622391038596167
B0071497;PL010;S006;0;0.688895982733301
B0027925;PL010;S006;0;0.672045964592655
B0014105;PL010;S006;0;0.66445951823673
B0028765;PL010;S006;0;0.698690092021876
B0068790;PL010;S006;0;0.68390087256761
B0056131;PL010;S006;0;0.691920054098718
B0051833;PL010;S006;0;0.666278668977208
B0023701;PL010;S006;0;0.684850999235245
B0004439;PL010;S006;0;0.640572915872111
B0013033;PL010;S006;0;0.67134779931541
B0020077;PL010;S006;0;0.655205011867006
B0017954;PL010;S006;0;0.665760559031118
B0074066;PL010;S006;0;0.639390468166793
B0043628;PL010;S006;0;0.625516967494802
B0067199;PL010;S006;0;0.66633881278693
B0065929;PL010;S006;0;0.653892662983332
B0048849;PL010;S006;0;0.659830670486649
B0056152;PL010;S006;0;0.683375298217241
B0064028;PL010;S006;0;0.706282651533156
B0046343;PL010;S006;0;0.681168471348496
B0002447;PL010;S006;0;0.665810199593172
B0014145;PL010;S006;0;0.650660454193846
B0002847;PL010;S006;0;0.639681749689927
B0067676;PL010;S006;0;0.644817822268547
B0001943;PL010;S006;0;0.679456919257084
B0017074;PL010;S006;0;0.661658800719391
B0006881;PL010;S006;0;0.731296249846112
B0024231;PL010;S006;0;0.641043668166614
B0004676;PL010;S006;0;0.667250690266378
B0036260;PL010;S006;0;0.667250690266378
B0034326;PL010;S006;0;0.679552681611759
B0068043;PL010;S006;0;0.700065261496338
B0039923;PL010;S006;0;0.672766277560105
B0029578;PL010;S006;0;0.676060027425676
B0017632;PL010;S006;0;0.666691328017226
B0050600;PL010;S006;0;0.675007677547413
B0019213;PL010;S006;0;0.680539198066062
B0038524;PL010;S006;0;0.653825640932137
B0066216;PL010;S006;0;0.676832891830363
B0008123;PL010;S006;0;0.673834158859887
B0015716;PL010;S006;0;0.683804808226345
B0028438;PL010;S006;0;0.635798976740157
B0060794;PL010;S006;0;0.62282314702811
B0023786;PL010;S006;0;0.650001301758489
B0030275;PL010;S006;0;0.648832217603906
B0056373;PL010;S006;0;0.668726376790766
B0070680;PL010;S006;0;0.64554908560971
B0008415;PL010;S006;0;0.699168617365643
B0041925;PL010;S006;0;0.674116930008508
B0040106;PL010;S006;0;0.663170143940264
B0050660;PL010;S006;0;0.661003648678367
B0014483;PL010;S006;0;0.648116126673114
B0045649;PL010;S006;0;0.668659423243707
B0074751;PL010;S006;0;0.687535853757792
B0059796;PL010;S006;0;0.663444448000677
B0005765;PL010;S006;0;0.652594671848312
B0030020;PL010;S006;0;0.6471765234982
B0065889;PL010;S006;0;0.694990814356489
B0062086;PL010;S006;0;0.683461070210818
B0053740;PL010;S006;0;0.67474137109116
B0073530;PL010;S006;0;0.688907221778808
B0007440;PL010;S006;0;0.683148060589095
B0056805;PL010;S006;0;0.669959293625912
B0057830;PL010;S006;0;0.664414470993894
B0060539;PL010;S006;0;0.643059968528981
B0002838;PL010;S006;0;0.670474022823333
B0000237;PL010;S005;0;0.220681607330187
B0043918;PL010;S005;0;0.297562648137947
B0040324;PL010;S005;0;0.700598714285515
B0030665;PL010;S005;0;0.511221962576287
B0006068;PL010;S005;0;0.661881294593874
B0031503;PL010;S005;0;0.670580413012849
B0018605;PL010;S005;0;0.540590749989483
B0041085;PL010;S005;0;0.62977897235942
B0046091;PL010;S005;0;0.692751020300795
B0043248;PL010;S005;0;0.629950278481143
B0059768;PL010;S005;0;0.631582176805838
B0073881;PL010;S005;0;0.626335918119671
B0010060;PL010;S005;0;0.631077444600519
B0061975;PL010;S005;0;0.674324529445547
B0070625;PL010;S005;0;0.633658079438542
B0035011;PL010;S005;0;0.671427792321871
B0003479;PL010;S005;0;0.643395441756277
B0034933;PL010;S005;0;0.652913076476813
B0054694;PL010;S005;0;0.669605372230946
B0042547;PL010;S005;0;0.678480705755468
B0067662;PL010;S005;0;0.683045416402175
B0022118;PL010;S005;0;0.661793816708071
B0034043;PL010;S005;0;0.66034930991264
B0051816;PL010;S005;0;0.659987507373436
B0006161;PL010;S005;0;0.645498500302127
B0054462;PL010;S005;0;0.675330957145658
B0009094;PL010;S005;0;0.617656663743374
B0071460;PL010;S005;0;0.669273139764397
B0049775;PL010;S005;0;0.667912508752994
B0035712;PL010;S005;0;0.682693629269569
B0043989;PL010;S005;0;0.644748155330926
B0029316;PL010;S005;0;0.672375730667971
B0069366;PL010;S005;0;0.67541028808352
B0041061;PL010;S005;0;0.667831639673574
B0014976;PL010;S005;0;0.698397822576926
B0036711;PL010;S005;0;0.59260474209553
B0010915;PL010;S005;0;0.641114708680869
B0053160;PL010;S005;0;0.673985460517545
B0032720;PL010;S005;0;0.652652893473131
B0036877;PL010;S005;0;0.636706156617618
B0055290;PL010;S005;0;0.426781780175088
B0063187;PL010;S005;0;0.577766769205633
B0016332;PL010;S005;0;0.619854639788739
B0043043;PL010;S005;0;0.649285202935357
B0074213;PL010;S005;0;0.629030254028586
B0047956;PL010;S005;0;0.656077138740918
B0066492;PL010;S005;0;0.67378057633025
B0013783;PL010;S005;0;0.669349556436166
B0054446;PL010;S005;0;0.648387789821964
B0071444;PL010;S005;0;0.654646693945192
B0052340;PL010;S005;0;0.670245505225199
B0015178;PL010;S005;0;0.693117663033962
B0026753;PL010;S005;0;0.678590156518461
B0049275;PL010;S005;0;0.682457106475836
B0058252;PL010;S005;0;0.66735925877681
B0000381;PL010;S005;0;0.633059377039481
B0036754;PL010;S005;0;0.670304534407435
B0044747;PL010;S005;0;0.685135330010187
B0025259;PL010;S005;0;0.684654147264496
B0032002;PL010;S005;0;0.662448264923128
B0009865;PL010;S005;0;0.633432741876534
B0056496;PL010;S005;0;0.689816898304819
B0067234;PL010;S005;0;0.627665222326197
B0054630;PL010;S005;0;0.678601325227827
B0018135;PL010;S005;0;0.636496135347814
B0063250;PL010;S005;0;0.680853872235071
B0006823;PL010;S005;0;0.655445567702033
B0060086;PL010;S005;0;0.703980810778845
B0017206;PL010;S005;0;0.625788539470128
B0039250;PL010;S005;0;0.647071552395944
B0072126;PL010;S005;0;0.655468369132144
B0043177;PL010;S005;0;0.688564813216503
B0061280;PL010;S005;0;0.626084226877126
B0071040;PL010;S005;0;0.678062170807769
B0007295;PL010;S005;0;0.666751932580577
B0046147;PL010;S005;0;0.650948818563958
B0046531;PL010;S005;0;0.674238940989266
B0050549;PL010;S005;0;0.643411659994181
B0018271;PL010;S005;0;0.667483645972445
B0009573;PL010;S005;0;0.66801630713043
B0068564;PL010;S005;0;0.687099218131809
B0046648;PL010;S005;0;0.639886665196374
B0027013;PL010;S005;0;0.621959023174461
B0017248;PL010;S005;0;0.649611940028785
B0019565;PL010;S005;0;0.675461358131521
B0052203;PL010;S005;0;0.673667977557176
B0056796;PL010;S005;0;0.64813263136691
B0011317;PL010;S005;0;0.607388392011452
B0008527;PL010;S005;0;0.679366518868644
B0039187;PL010;S005;0;0.656302055031967
B0032519;PL010;S005;0;0.645918410854424
B0025253;PL010;S005;0;0.637103544700089
B0014701;PL010;S005;0;0.642389123273945
B0027084;PL010;S005;0;0.681424710574329
B0040857;PL010;S005;0;0.667075917184565
B0001585;PL010;S005;0;0.673584406417073
B0060828;PL010;S005;0;0.678720388597966
B0008028;PL010;S005;0;0.66736116651803
B0038346;PL010;S005;0;0.6585888900236
B0060035;PL010;S005;0;0.672641296794171
B0061538;PL010;S005;0;0.662531043971266
B0017827;PL010;S005;0;0.687111780374437
B0068947;PL010;S005;0;0.627818634285091
B0021644;PL010;S005;0;0.645113524637288
B0053614;PL010;S005;0;0.67563725945358
B0047592;PL010;S005;0;0.704506633752384
B0000393;PL010;S005;0;0.641253276091028
B0023213;PL010;S005;0;0.628913949564707
B0050526;PL010;S005;0;0.64082514723668
B0039903;PL010;S005;0;0.618760538308898
B0063505;PL010;S005;0;0.683179291564971
B0061750;PL010;S005;0;0.682215501260963
B0041049;PL010;S005;0;0.64263791041329
B0003094;PL010;S005;0;0.673346481397944
B0025828;PL010;S005;0;0.703745757086992
B0001359;PL010;S005;0;0.643896548160796
B0032095;PL010;S005;0;0.65997265902709
B0017376;PL010;S005;0;0.703449594050451
B0062829;PL010;S005;0;0.716985022767245
B0041086;PL010;S005;0;0.655654925677636
B0002776;PL010;S005;0;0.673494413617695
B0062189;PL010;S005;0;0.718374014800171
B0038980;PL010;S005;0;0.673744317212702
B0063817;PL010;S005;0;0.661827144254762
B0044332;PL010;S005;0;0.696825056118515
B0065442;PL010;S005;0;0.685965017721127
B0011935;PL010;S005;0;0.652698817637284
B0018496;PL010;S005;0;0.667788833221616
B0044691;PL010;S005;0;0.65577600809115
B0056689;PL010;S005;0;0.680678899394999
B0014873;PL010;S005;0;0.644558877189652
B0017347;PL010;S005;0;0.624008002834212
B0012898;PL010;S005;0;0.624008002834212
B0067295;PL010;S005;0;0.659222957652124
B0039531;PL010;S005;0;0.678393320353587
B0053492;PL010;S005;0;0.65843939885024
B0009658;PL010;S005;0;0.646657467625379
B0035330;PL010;S005;0;0.661628318414401
B0060789;PL010;S005;0;0.672777365913125
B0012979;PL010;S005;0;0.656206018829922
B0023779;PL010;S005;0;0.636978036642933
B0012210;PL010;S005;0;0.660261683043342
B0074646;PL010;S005;0;0.679889267915491
B0070208;PL010;S005;0;0.665656203874965
B0036956;PL010;S005;0;0.647098019147298
B0007725;PL010;S005;0;0.672115445581799
B0067572;PL010;S005;0;0.659346150442866
B0024565;PL010;S005;0;0.67318872536103
B0058702;PL010;S005;0;0.541413681903343
B0009086;PL010;S005;0;0.62507854485227
B0061073;PL010;S005;0;0.579271923304593
B0018721;PL010;S005;0;0.634920596189772
B0058977;PL010;S005;0;0.664383408314046
B0073545;PL010;S005;0;0.655097460918299
B0070575;PL010;S005;0;0.705058651708856
B0031931;PL010;S005;0;0.641547365898013
B0004594;PL010;S005;0;0.678457482482779
B0026267;PL010;S003;0;0.240017964093614
B0035843;PL010;S003;0;0.224314905803743
B0001086;PL010;S003;0;0.635184016271863
B0054087;PL010;S003;0;0.577948705792801
B0049510;PL010;S003;0;0.575504054176098
B0048129;PL010;S003;0;0.552492672106784
B0066552;PL010;S003;0;0.641132654342756
B0046339;PL010;S003;0;0.615784150493612
B0022821;PL010;S003;0;0.569224011326679
B0065039;PL010;S003;0;0.63130937307289
B0061593;PL010;S003;0;0.612720311400364
B0015328;PL010;S003;0;0.585009452328441
B0050122;PL010;S003;0;0.638766881891944
B0053432;PL010;S003;0;0.686631009324186
B0040541;PL010;S003;0;0.638964473356644
B0015602;PL010;S003;0;0.591298188423274
B0025878;PL010;S003;0;0.685410689875586
B0074018;PL010;S003;0;0.660344091358877
B0072039;PL010;S003;0;0.687715831054776
B0015640;PL010;S003;0;0.669096945337504
B0042976;PL010;S003;0;0.636860432551159
B0054100;PL010;S003;0;0.668362890635219
B0050619;PL010;S003;0;0.634559257848814
B0042804;PL010;S003;0;0.649184884546504
B0012377;PL010;S003;0;0.634461442114842
B0018650;PL010;S003;0;0.678944181167265
B0064461;PL010;S003;0;0.672687344054043
B0015634;PL010;S003;0;0.625657876415056
B0005977;PL010;S003;0;0.601881621338314
B0065719;PL010;S003;0;0.659470173914299
B0018698;PL010;S003;0;0.650519089355999
B0003363;PL010;S003;0;0.669306329447181
B0021755;PL010;S003;0;0.570528836098573
B0029612;PL010;S003;0;0.654339490164849
B0057724;PL010;S003;0;0.676180191717415
B0022201;PL010;S003;0;0.653246190093173
B0066264;PL010;S003;0;0.605029446785277
B0055320;PL010;S003;0;0.624738880999796
B0067368;PL010;S003;0;0.595899545786627
B0006067;PL010;S003;0;0.659201972246583
B0028171;PL010;S003;0;0.653691088100474
B0053500;PL010;S003;0;0.635503661944871
B0030386;PL010;S003;0;0.635343440580424
B0041036;PL010;S003;0;0.6418884644246
B0020524;PL010;S003;0;0.644526050117894
B0023888;PL010;S003;0;0.679238591409515
B0068029;PL010;S003;0;0.670076523908514
B0016611;PL010;S003;0;0.666538801516648
B0015040;PL010;S003;0;0.657041344370689
B0056901;PL010;S003;0;0.660757025649026
B0048315;PL010;S003;0;0.650311283386495
B0070755;PL010;S003;0;0.67625468925968
B0010279;PL010;S003;0;0.62109695997528
B0006399;PL010;S003;0;0.655231593466846
B0017823;PL010;S003;0;0.600009243842047
B0050858;PL010;S003;0;0.660698044993339
B0034665;PL010;S003;0;0.617926735662644
B0074068;PL010;S003;0;0.622804695211354
B0041647;PL010;S003;0;0.652941822861831
B0020018;PL010;S003;0;0.589086382325068
B0073687;PL010;S003;0;0.618852429130817
B0020583;PL010;S003;0;0.640957188344827
B0059757;PL010;S003;0;0.641667682336956
B0044480;PL010;S003;0;0.676709476198306
B0050635;PL010;S003;0;0.635061465384097
B0062867;PL010;S003;0;0.669871711327794
B0026036;PL010;S003;0;0.687945723600006
B0048602;PL010;S003;0;0.688758489986478
B0049277;PL010;S003;0;0.659348526825878
B0052652;PL010;S003;0;0.630891413629215
B0036992;PL010;S003;0;0.642934060603826
B0004387;PL010;S003;0;0.668735014181233
B0056665;PL010;S003;0;0.676699805956363
B0012198;PL010;S003;0;0.66867692370975
B0065612;PL010;S003;0;0.656851939138155
B0026951;PL010;S003;0;0.678888286854195
B0062109;PL010;S003;0;0.687480483359215
B0070102;PL010;S003;0;0.660141094093573
B0025154;PL010;S003;0;0.610152727598492
B0003635;PL010;S003;0;0.673708721614777
B0069525;PL010;S003;0;0.681880348995302
B0010195;PL010;S003;0;0.64308313046892
B0074241;PL010;S003;0;0.663136283518595
B0003178;PL010;S003;0;0.656258564602925
B0069325;PL010;S003;0;0.636850019511559
B0021762;PL010;S003;0;0.578835846925335
B0007675;PL010;S003;0;0.640307473094914
B0060883;PL010;S003;0;0.642078552053688
B0064781;PL010;S003;0;0.665826902667093
B0050933;PL010;S003;0;0.646179425272393
B0050873;PL010;S003;0;0.651941543442469
B0046291;PL010;S003;0;0.636858312156848
B0045145;PL010;S003;0;0.667864834299911
B0048262;PL010;S003;0;0.642566595124274
B0019321;PL010;S003;0;0.640807134702133
B0047419;PL010;S003;0;0.670410412811151
B0055775;PL010;S003;0;0.624964472101247
B0032567;PL010;S003;0;0.646224740942588
B0002009;PL010;S003;0;0.654535511998797
B0050839;PL010;S003;0;0.659537107470851
B0058135;PL010;S003;0;0.600580116622239
B0072665;PL010;S003;0;0.630485042320391
B0047572;PL010;S003;0;0.669788458716882
B0019908;PL010;S003;0;0.649996714229163
B0050712;PL010;S003;0;0.643416862775796
B0008790;PL010;S003;0;0.65198271418452
B0001509;PL010;S003;0;0.664722399528955
B0020223;PL010;S003;0;0.644715719469342
B0010766;PL010;S003;0;0.670102401424754
B0011508;PL010;S003;0;0.66067112327425
B0027437;PL010;S003;0;0.639660760073451
B0042872;PL010;S003;0;0.70878274426377
B0046296;PL010;S003;0;0.669488912043519
B0047798;PL010;S003;0;0.641776527183985
B0002580;PL010;S003;0;0.629282290422276
B0028838;PL010;S003;0;0.615835040607568
B0062935;PL010;S003;0;0.641058312235624
B0074089;PL010;S003;0;0.639647461209913
B0055713;PL010;S003;0;0.629790373666961
B0052303;PL010;S003;0;0.666990336276402
B0051711;PL010;S003;0;0.643744499221762
B0021428;PL010;S003;0;0.657154563393926
B0069256;PL010;S003;0;0.656527942709555
B0074338;PL010;S003;0;0.635841925322783
B0026521;PL010;S003;0;0.672063828899047
B0025660;PL010;S003;0;0.672564600257371
B0049281;PL010;S003;0;0.670415699962949
B0064564;PL010;S003;0;0.635733861998333
B0045719;PL010;S003;0;0.660005497017873
B0038751;PL010;S003;0;0.65661860536726
B0063262;PL010;S003;0;0.635579072202454
B0044789;PL010;S003;0;0.668851456745025
B0060841;PL010;S003;0;0.62371708000142
B0067857;PL010;S003;0;0.628735086651667
B0034096;PL010;S003;0;0.681977171129103
B0052756;PL010;S003;0;0.655113392426945
B0039206;PL010;S003;0;0.646066125702445
B0070101;PL010;S003;0;0.643591169240214
B0001485;PL010;S003;0;0.683152360199395
B0072895;PL010;S003;0;0.663815644156687
B0070254;PL010;S003;0;0.700623185964726
B0037627;PL010;S003;0;0.637615284231926
B0011229;PL010;S003;0;0.689176673834528
B0031290;PL010;S003;0;0.524712856323971
B0019025;PL010;S003;0;0.674278897535114
B0034162;PL010;S003;0;0.632756365116808
B0013088;PL010;S003;0;0.60380470972174
B0036945;PL010;S003;0;0.68092029955699
B0058390;PL010;S003;0;0.597314800835673
B0057122;PL010;S003;0;0.603690043801312
B0020548;PL010;S003;0;0.667192773786662
B0046663;PL010;S003;0;0.666641967272808
B0013312;PL010;S003;0;0.628383971303358
B0038215;PL010;S003;0;0.619148434500857
B0031152;PL010;S003;0;0.650670639786062
B0041282;PL010;S003;0;0.62646414859566
B0005986;PL010;S003;0;0.694918743553479
B0018127;PL010;S003;0;0.654963912793374
B0029336;PL010;S003;0;0.633748862498552
B0013194;PL010;S003;0;0.617823915611385
B0040922;PL010;S003;0;0.577851719684811
B0050284;PL010;S003;0;0.656201097008074
B0044672;PL010;S003;0;0.591079389724549
B0017177;PL010;S003;0;0.623708393796892
B0014769;PL010;S003;0;0.640937147517058
B0068598;PL010;S003;0;0.669687330348068
B0044290;PL010;S003;0;0.611918651459079
B0023251;PL010;S003;0;0.619020946879983
B0069365;PL010;S003;0;0.655152365031283
B0052193;PL010;S003;0;0.64554670826623
B0042628;PL010;S003;0;0.625730699911115
B0004476;PL010;S003;0;0.622502951966662
B0020767;PL010;S003;0;0.643591169240214
B0041753;PL010;S003;0;0.662900337704889
B0043227;PL010;S004;0;0.386757460297099
B0023255;PL010;S004;0;0.650114972740737
B0002073;PL010;S004;0;0.683595903424397
B0066598;PL010;S004;0;0.669489167936406
B0014658;PL010;S004;0;0.655800903694514
B0035917;PL010;S004;0;0.67356648243199
B0060637;PL010;S004;0;0.647181511139396
B0036949;PL010;S004;0;0.63603617209829
B0062623;PL010;S004;0;0.649561800475684
B0020779;PL010;S004;0;0.634123944771878
B0038517;PL010;S004;0;0.668900290909117
B0009795;PL010;S004;0;0.630266453977158
B0032613;PL010;S004;0;0.633517450532096
B0000122;PL010;S004;0;0.615312150730654
B0045560;PL010;S004;0;0.635058503913147
B0016141;PL010;S004;0;0.625247958282178
B0046220;PL010;S004;0;0.644605856453661
B0047828;PL010;S004;0;0.599414635778376
B0048683;PL010;S004;0;0.652585785784512
B0052892;PL010;S004;0;0.648753728641304
B0004170;PL010;S004;0;0.653094850817275
B0074504;PL010;S004;0;0.682873002539145
B0016302;PL010;S004;0;0.642140614130484
B0012540;PL010;S004;0;0.537373679637658
B0052547;PL010;S004;0;0.637579281894502
B0049798;PL010;S004;0;0.660039403377041
B0072939;PL010;S004;0;0.677899441405417
B0009345;PL010;S004;0;0.665231783819431
B0023941;PL010;S004;0;0.708773479688196
B0072952;PL010;S004;0;0.572021627924714
B0012945;PL010;S004;0;0.677118642832997
B0042475;PL010;S004;0;0.617395549078125
B0010234;PL010;S004;0;0.687311101074138
B0062270;PL010;S004;0;0.645331094369181
B0023154;PL010;S004;0;0.604975952486198
B0074188;PL010;S004;0;0.653828449727222
B0065348;PL010;S004;0;0.59539890048376
B0030917;PL010;S004;0;0.645433982256467
B0000157;PL010;S004;0;0.648286055549172
B0072686;PL010;S004;0;0.644966140372039
B0061194;PL010;S004;0;0.655095270213089
B0015557;PL010;S004;0;0.687549609127288
B0016677;PL010;S004;0;0.644058141633189
B0065904;PL010;S004;0;0.653738154308245
B0035559;PL010;S004;0;0.661797931638273
B0069429;PL010;S004;0;0.609390222537047
B0054989;PL010;S004;0;0.672619372570282
B0061258;PL010;S004;0;0.647169894034244
B0009392;PL010;S004;0;0.594661483230465
B0070531;PL010;S004;0;0.675151678302353
B0017055;PL010;S004;0;0.661784070801418
B0059765;PL010;S004;0;0.545845027314878
B0001601;PL010;S004;0;0.632428175599365
B0058982;PL010;S004;0;0.604217732960584
B0074479;PL010;S004;0;0.590409534436065
B0009241;PL010;S004;0;0.622335043227242
B0039265;PL010;S004;0;0.578112704899667
B0064283;PL010;S004;0;0.612185813599962
B0005761;PL010;S004;0;0.56379076074392
B0039544;PL010;S004;0;0.67620026700647
B0052208;PL010;S004;0;0.665526514846713
B0053016;PL010;S004;0;0.644434575591464
B0013097;PL010;S004;0;0.701287095351582
B0074451;PL010;S004;0;0.654332457442489
B0016374;PL010;S004;0;0.662142413385334
B0036728;PL010;S004;0;0.676775820080777
B0024736;PL010;S004;0;0.654157783981834
B0069901;PL010;S004;0;0.663166689700886
B0048499;PL010;S004;0;0.671615651127518
B0026121;PL010;S004;0;0.618889411673666
B0059988;PL010;S004;0;0.647311822329106
B0066941;PL010;S004;0;0.58911707682572
B0013217;PL010;S004;0;0.642140614130484
B0038373;PL010;S004;0;0.650554027750228
B0040327;PL010;S004;0;0.720433682654458
B0000311;PL010;S004;0;0.644101162579715
B0007454;PL010;S004;0;0.694418150991583
B0052881;PL010;S004;0;0.654803684981009
B0004401;PL010;S004;0;0.652319287148089
B0046055;PL010;S004;0;0.673104730631676
B0005687;PL010;S004;0;0.659361483972352
B0068673;PL010;S004;0;0.668835167473056
B0051514;PL010;S004;0;0.665992852480766
B0044142;PL010;S004;0;0.616898084380534
B0074712;PL010;S004;0;0.643144955772784
B0062056;PL010;S004;0;0.602472897009674
B0067707;PL010;S004;0;0.688113289638535
B0039736;PL010;S004;0;0.585526783233519
B0073118;PL010;S004;0;0.691552580695664
B0033465;PL010;S004;0;0.645308899744361
B0027441;PL010;S004;0;0.629333570985069
B0028133;PL010;S004;0;0.586023186254476
B0019396;PL010;S004;0;0.695147420107683
B0020122;PL010;S004;0;0.627885499730937
B0045777;PL010;S004;0;0.628748388111052
B0050457;PL010;S004;0;0.654893638155966
B0055089;PL010;S004;0;0.688942300326229
B0007835;PL010;S004;0;0.655826665614088
B0066547;PL010;S004;0;0.55501056321337
B0028761;PL010;S004;0;0.646456297900706
B0058482;PL010;S004;0;0.626208969913484
B0060695;PL010;S004;0;0.658462986951537
B0023393;PL010;S004;0;0.685606498490959
B0032158;PL010;S004;0;0.685606498490959
B0057185;PL010;S004;0;0.652176211914468
B0012912;PL010;S004;0;0.661148160640858
B0004169;PL010;S004;0;0.616990252712916
B0017487;PL010;S004;0;0.672004820171152
B0065521;PL010;S004;0;0.655190784667669
B0022439;PL010;S004;0;0.647140984996712
B0024151;PL010;S004;0;0.644075404591793
B0066946;PL010;S004;0;0.684960780369571
B0032792;PL010;S004;0;0.649751725172719
B0035584;PL010;S004;0;0.645241467882973
B0060359;PL010;S004;0;0.694458246798165
B0030988;PL010;S004;0;0.659655968536752
B0022290;PL010;S004;0;0.682378699093061
B0037898;PL010;S004;0;0.680133982244577
B0032058;PL010;S004;0;0.641164834232001
B0001592;PL010;S004;0;0.69408599781705
B0051352;PL010;S004;0;0.680133982244577
B0063806;PL010;S004;0;0.67664623158049
B0064895;PL010;S004;0;0.608142139375985
B0054056;PL010;S004;0;0.647283508882296
B0008705;PL010;S004;0;0.706683511190204
B0027168;PL010;S004;0;0.670637731228698
B0028483;PL010;S004;0;0.648138735841309
B0041577;PL010;S004;0;0.6339205033507
B0000313;PL010;S004;0;0.678056924196418
B0024099;PL010;S004;0;0.62173155896072
B0064133;PL010;S004;0;0.680752565230386
B0049766;PL010;S004;0;0.703307897188914
B0002322;PL010;S004;0;0.682076073916543
B0074816;PL010;S004;0;0.614472932187349
B0050665;PL010;S004;0;0.653659788866236
B0032147;PL010;S004;0;0.684297983820971
B0034196;PL010;S004;0;0.658334406109078
B0012617;PL010;S004;0;0.664829862632131
B0057295;PL010;S004;0;0.675299797202731
B0040678;PL010;S004;0;0.651889505602944
B0046858;PL010;S004;0;0.663077033618845
B0051163;PL010;S004;0;0.645187223285823
B0022595;PL010;S004;0;0.59819971069731
B0062198;PL010;S004;0;0.617986306112571
B0014551;PL010;S004;0;0.601773283795699
B0073656;PL010;S004;0;0.665949116279319
B0010157;PL010;S004;0;0.730302669624061
B0033603;PL010;S004;0;0.644462143429384
B0074247;PL010;S004;0;0.686374152802997
B0071531;PL010;S004;0;0.650064660586395
B0018694;PL010;S004;0;0.651841250282631
B0070698;PL010;S004;0;0.644462143429384
B0037411;PL010;S004;0;0.656491023833109
B0037520;PL010;S004;0;0.629378003735278
B0033826;PL010;S004;0;0.643747109806698
B0006621;PL010;S004;0;0.594912513233694
B0010024;PL010;S004;0;0.619511294841946
B0007222;PL010;S004;0;0.641470589234056
B0038589;PL010;S004;0;0.7470274817402
B0040559;PL010;S004;0;0.731947788456906
B0072827;PL010;S004;0;0.644913488855593
B0053527;PL010;S004;0;0.644888472276979
B0011457;PL010;S004;0;0.644167290298053
B0053320;PL010;S004;0;0.669080544493866
B0050503;PL010;S004;0;0.639809558392983
B0056330;PL010;S004;0;0.656919403865129
B0000791;PL010;S004;0;0.662107397573781
B0055771;PL010;S004;0;0.680810315634722
B0059993;PL010;S004;0;0.633754610218621
B0057367;PL010;S004;0;0.644177546629403
B0057433;PL010;S004;0;0.684915534513569
B0034055;PL010;S004;0;0.647283508882296
B0017075;PL010;S004;0;0.596348874149408
B0013256;PL010;S004;0;0.627528221056247
B0065779;PL010;S004;0;0.668092108909647
B0055153;PL010;S004;0;0.660295558728018
B0022706;PL010;S004;0;0.666216732347743
B0016292;PL010;S004;0;0.65774320552468
B0062564;PL010;S004;0;0.640891688179427
B0021784;PL010;S004;0;0.656524404531832
B0018896;PL010;S004;0;0.642713956947483
B0066617;PL010;S002;0;0.610073117684821
B0036031;PL010;S002;0;0.48717838994379
B0059977;PL010;S002;0;0.619345638873113
B0010918;PL010;S002;0;0.57245612200306
B0041099;PL010;S002;0;0.673333851127498
B0056695;PL010;S002;0;0.650952703194283
B0031357;PL010;S002;0;0.621692231491036
B0004723;PL010;S002;0;0.671603501074211
B0020224;PL010;S002;0;0.637482199648838
B0038925;PL010;S002;0;0.642246270321356
B0030332;PL010;S002;0;0.678571478358031
B0054534;PL010;S002;0;0.674492014191806
B0064531;PL010;S002;0;0.621204228631538
B0062931;PL010;S002;0;0.656336381333805
B0055092;PL010;S002;0;0.704288430112401
B0055083;PL010;S002;0;0.624622291495229
B0050888;PL010;S002;0;0.715835758942677
B0000757;PL010;S002;0;0.653360579556282
B0042128;PL010;S002;0;0.640032045412614
B0063757;PL010;S002;0;0.630304120899217
B0039696;PL010;S002;0;0.638106822656017
B0002242;PL010;S002;0;0.628580269313373
B0016561;PL010;S002;0;0.638170647601928
B0041576;PL010;S002;0;0.623377234428446
B0045006;PL010;S002;0;0.610434241950952
B0025014;PL010;S002;0;0.649374133172453
B0014173;PL010;S002;0;0.691395988493006
B0029378;PL010;S002;0;0.65425374668369
B0037841;PL010;S002;0;0.627452901408112
B0018458;PL010;S002;0;0.635307018040941
B0055417;PL010;S002;0;0.649648525295527
B0027763;PL010;S002;0;0.671108730841569
B0010571;PL010;S002;0;0.653221319276536
B0068846;PL010;S002;0;0.648323939804231
B0071996;PL010;S002;0;0.636346574325283
B0051530;PL010;S002;0;0.649883072430877
B0006673;PL010;S002;0;0.769951048637434
B0053362;PL010;S002;0;0.603740003608667
B0033155;PL010;S002;0;0.662574848643767
B0036177;PL010;S002;0;0.683965352633899
B0031271;PL010;S002;0;0.64395148741076
B0014520;PL010;S002;0;0.726154007533253
B0042256;PL010;S002;0;0.654207927940283
B0047209;PL010;S002;0;0.624353954653672
B0018727;PL010;S002;0;0.547242847052043
B0068415;PL010;S002;0;0.704041597164471
B0013383;PL010;S002;0;0.622325013110133
B0020287;PL010;S002;0;0.651645186689757
B0047323;PL010;S002;0;0.632545983493252
B0038012;PL010;S002;0;0.62507928370569
B0046454;PL010;S002;0;0.647795912393735
B0041905;PL010;S002;0;0.680663201723544
B0056183;PL010;S002;0;0.663456469799198
B0008654;PL010;S002;0;0.679132119983736
B0009688;PL010;S002;0;0.61914602608439
B0045525;PL010;S002;0;0.612679533218096
B0001059;PL010;S002;0;0.630376580437925
B0055148;PL010;S002;0;0.640632622320932
B0068622;PL010;S002;0;0.632119294223756
B0012313;PL010;S002;0;0.61901659844266
B0049665;PL010;S002;0;0.656101470791226
B0013750;PL010;S002;0;0.67224120112052
B0033399;PL010;S002;0;0.642350323854936
B0048744;PL010;S002;0;0.584577428918755
B0015351;PL010;S002;0;0.601885197955043
B0041109;PL010;S002;0;0.641025756003416
B0002618;PL010;S002;0;0.598911038400603
B0038630;PL010;S002;0;0.607352729600485
B0020798;PL010;S002;0;0.58285225467315
B0037744;PL010;S002;0;0.640684215296178
B0034834;PL010;S002;0;0.629672210356782
B0058085;PL010;S002;0;0.556296662867245
B0000863;PL010;S002;0;0.630422470238589
B0026958;PL010;S002;0;0.620931164106478
B0022978;PL010;S002;0;0.675696518529849
B0071958;PL010;S002;0;0.646069861935782
B0054615;PL010;S002;0;0.624790659315956
B0004672;PL010;S002;0;0.646304021420798
B0068930;PL010;S002;0;0.632220288963361
B0061370;PL010;S002;0;0.588836731126976
B0019637;PL010;S002;0;0.625884681389157
B0073123;PL010;S002;0;0.638241017677305
B0023827;PL010;S002;0;0.651477709623896
B0039828;PL010;S002;0;0.631946203238713
B0006832;PL010;S002;0;0.643651941843382
B0045140;PL010;S002;0;0.67184563364204
B0032532;PL010;S002;0;0.668428564617127
B0071390;PL010;S002;0;0.675705142477128
B0035314;PL010;S002;0;0.677707312893186
B0046299;PL010;S002;0;0.63545532588909
B0060250;PL010;S002;0;0.628010964386078
B0008039;PL010;S002;0;0.648313896461298
B0065065;PL010;S002;0;0.64447775140025
B0049440;PL010;S002;0;0.588385215451839
B0040219;PL010;S002;0;0.635813834360187
B0027581;PL010;S002;0;0.625942896019059
B0037764;PL010;S002;0;0.71284033215546
B0041958;PL010;S002;0;0.706179114069579
B0015092;PL010;S002;0;0.684011056032857
B0034982;PL010;S002;0;0.692536320666313
B0074300;PL010;S002;0;0.635138849639334
B0072175;PL010;S002;0;0.633084730296528
B0074220;PL010;S002;0;0.632665063173082
B0026370;PL010;S002;0;0.619890556168366
B0062858;PL010;S002;0;0.671919565081127
B0065852;PL010;S002;0;0.638040261705354
B0027200;PL010;S002;0;0.637480940284068
B0029141;PL010;S002;0;0.645189845280175
B0056636;PL010;S002;0;0.626864064593146
B0048464;PL010;S002;0;0.67659182198366
B0072549;PL010;S002;0;0.627550060388953
B0003908;PL010;S002;0;0.649916369839394
B0037084;PL010;S002;0;0.639468592082598
B0009964;PL010;S002;0;0.646654140568636
B0054574;PL010;S002;0;0.633211089298793
B0033888;PL010;S002;0;0.63038138808202
B0008289;PL010;S002;0;0.630263385867273
B0056142;PL010;S002;0;0.663354580370509
B0023889;PL010;S002;0;0.680870795700958
B0030631;PL010;S002;0;0.646491914982531
B0000900;PL010;S002;0;0.680570749165155
B0029460;PL010;S002;0;0.668160203351558
B0017855;PL010;S002;0;0.660950947253386
B0050624;PL010;S002;0;0.649067447483938
B0067452;PL010;S002;0;0.647170949213955
B0040329;PL010;S002;0;0.679172524070937
B0038223;PL010;S002;0;0.640681384277404
B0046642;PL010;S002;0;0.656562024631748
B0056017;PL010;S002;0;0.729808133938545
B0036162;PL010;S002;0;0.637349958366519
B0039299;PL010;S002;0;0.630203744777263
B0049934;PL010;S002;0;0.618840552533234
B0058126;PL010;S002;0;0.650456669415158
B0067358;PL010;S002;0;0.691671873796707
B0049828;PL010;S002;0;0.648639962039404
B0039294;PL010;S002;0;0.650129044517326
B0064977;PL010;S002;0;0.629191513206018
B0062373;PL010;S002;0;0.633688987006538
B0000041;PL010;S002;0;0.642089799262417
B0009818;PL010;S002;0;0.684828388197631
B0026041;PL010;S002;0;0.625692769284259
B0063459;PL010;S002;0;0.671290742981065
B0055079;PL010;S002;0;0.699939478745469
B0038179;PL010;S002;0;0.623682571989481
B0066183;PL010;S002;0;0.625720318634137
B0014853;PL010;S002;0;0.628912199804299
B0066696;PL010;S002;0;0.646735262327827
B0058260;PL010;S002;0;0.630356928457147
B0048231;PL010;S002;0;0.649326558424571
B0042885;PL010;S002;0;0.63367939101993
B0047360;PL010;S002;0;0.665552335229673
B0061160;PL010;S002;0;0.68313380645232
B0009868;PL010;S002;0;0.64667730262066
B0007972;PL010;S002;0;0.638979920806005
B0020428;PL010;S002;0;0.645578061817017
B0039772;PL010;S002;0;0.643970114507776
B0041335;PL010;S002;0;0.662526954405108
B0050093;PL010;S002;0;0.672466412444962
B0033868;PL010;S002;0;0.653179722096062
B0025679;PL010;S002;0;0.670497714325947
B0023159;PL010;S002;0;0.668802177215055
B0009763;PL010;S002;0;0.681125095507198
B0049160;PL010;S002;0;0.660963108667989
B0046448;PL010;S002;0;0.673974504990586
B0004647;PL010;S002;0;0.66231426022511
B0030655;PL010;S002;0;0.692719717274743
B0011301;PL010;S002;0;0.695202188135544
B0037659;PL010;S002;0;0.699434783277573
B0001413;PL010;S002;0;0.708461925376818
B0025386;PL010;S002;0;0.765127323071167
B0074187;PL010;S002;0;0.690645731416689
B0043473;PL010;S002;0;0.643353355330079
B0016057;PL010;S002;0;0.61743500301496
B0035106;PL010;S002;0;0.635942756962284
B0051809;PL010;S002;0;0.631000763176835
B0038967;PL010;S002;0;0.633631784718743
B0052400;PL010;S002;0;0.644092565196819
B0025112;PL010;S002;0;0.673939481225795
B0007704;PL010;S002;0;0.638490081071333
B0014978;PL010;S002;0;0.676814679266483
B0044418;PL010;S002;0;0.644874022306393
B0059703;PL010;S002;0;0.624725698233324
B0031040;PL010;S002;0;0.632241425010121
B0073463;PL010;S002;0;0.640523564580675
B0001832;PL010;S002;0;0.614163329045399
B0039974;PL010;S002;0;0.661862427553879
B0051914;PL010;S002;0;0.591004582571862
B0013892;PL010;S002;0;0.636956156639071
B0061756;PL010;S002;0;0.659580824471251
B0050627;PL010;S002;0;0.645822313285634
B0040030;PL010;S002;0;0.63526853278416
B0006366;PL010;S002;0;0.622663734062213
B0030708;PL010;S002;0;0.619135376406889
B0020586;PL010;S002;0;0.64138668086948
B0074723;PL010;S002;0;0.638979920806005
B0072223;PL010;S002;0;0.671992653881019
B0033311;PL010;S001;0;0.22343127938564
B0009717;PL010;S001;0;0.602145024950264
B0071683;PL010;S001;0;0.636150796595083
B0071150;PL010;S001;0;0.570610444014811
B0037045;PL010;S001;0;0.6457836904439
B0049384;PL010;S001;0;0.707211485352302
B0052290;PL010;S001;0;0.719968236447662
B0022787;PL010;S001;0;0.60911272242688
B0020754;PL010;S001;0;0.694358770485765
B0023626;PL010;S001;0;0.652651360235222
B0009743;PL010;S001;0;0.673682926740924
B0064444;PL010;S001;0;0.683575655325467
B0043489;PL010;S001;0;0.661922302030369
B0062228;PL010;S001;0;0.578316072246494
B0061813;PL010;S001;0;0.650274054030657
B0039046;PL010;S001;0;0.629162256249828
B0052177;PL010;S001;0;0.682365054514999
B0065585;PL010;S001;0;0.626473504507063
B0009246;PL010;S001;0;0.676429111401665
B0055767;PL010;S001;0;0.617202286566038
B0042098;PL010;S001;0;0.667178170154873
B0067984;PL010;S001;0;0.656948474867192
B0059735;PL010;S001;0;0.636157855486542
B0027047;PL010;S001;0;0.707907607123145
B0007096;PL010;S001;0;0.63956666430808
B0012166;PL010;S001;0;0.663221590447339
B0071826;PL010;S001;0;0.632411464512065
B0064650;PL010;S001;0;0.610069900033481
B0021315;PL010;S001;0;0.645774489822488
B0004634;PL010;S001;0;0.636696111409393
B0037333;PL010;S001;0;0.601251254712627
B0032618;PL010;S001;0;0.648222240827768
B0021328;PL010;S001;0;0.683555241065487
B0041374;PL010;S001;0;0.579920898188149
B0017385;PL010;S001;0;0.642767602581658
B0043675;PL010;S001;0;0.681196687192047
B0064692;PL010;S001;0;0.683399759236908
B0004356;PL010;S001;0;0.654905363511516
B0046184;PL010;S001;0;0.654642048274979
B0048182;PL010;S001;0;0.64101209922165
B0002397;PL010;S001;0;0.685735918091692
B0002837;PL010;S001;0;0.687624897453592
B0073013;PL010;S001;0;0.637714240457366
B0047428;PL010;S001;0;0.660054241197986
B0046530;PL010;S001;0;0.663451055076192
B0044457;PL010;S001;0;0.631622216712821
B0023828;PL010;S001;0;0.61324434017266
B0074784;PL010;S001;0;0.672971084104322
B0045893;PL010;S001;0;0.661971304605992
B0020345;PL010;S001;0;0.622009040166166
B0024447;PL010;S001;0;0.652441692436059
B0041745;PL010;S001;0;0.710496464434734
B0003839;PL010;S001;0;0.675817566136305
B0020412;PL010;S001;0;0.68015036946561
B0006133;PL010;S001;0;0.648754600729235
B0061806;PL010;S001;0;0.60105212761138
B0024635;PL010;S001;0;0.70677657890286
B0066150;PL010;S001;0;0.631440174722762
B0048657;PL010;S001;0;0.657045734273906
B0008633;PL010;S001;0;0.637455215986231
B0064171;PL010;S001;0;0.656561990507071
B0010179;PL010;S001;0;0.635099347045296
B0037609;PL010;S001;0;0.624895848053401
B0007605;PL010;S001;0;0.664342309736132
B0061796;PL010;S001;0;0.684883115473135
B0010686;PL010;S001;0;0.664836094736391
B0037225;PL010;S001;0;0.695424705234659
B0032736;PL010;S001;0;0.645055788596239
B0050412;PL010;S001;0;0.650370319286675
B0003860;PL010;S001;0;0.645935438196945
B0054565;PL010;S001;0;0.649008130498842
B0009690;PL010;S001;0;0.62931587412985
B0057543;PL010;S001;0;0.646974132159972
B0065851;PL010;S001;0;0.632293789077362
B0008422;PL010;S001;0;0.658258469180596
B0064198;PL010;S001;0;0.681740400980907
B0000373;PL010;S001;0;0.57955371299468
B0051478;PL010;S001;0;0.619073236612477
B0065022;PL010;S001;0;0.645193450410771
B0053172;PL010;S001;0;0.623480381505206
B0036855;PL010;S001;0;0.64685432852522
B0048670;PL010;S001;0;0.67343831142711
B0031322;PL010;S001;0;0.609632581729275
B0006283;PL010;S001;0;0.6225930060763
B0066295;PL010;S001;0;0.663190246878512
B0034146;PL010;S001;0;0.677651328796331
B0010936;PL010;S001;0;0.701819404573189
B0039102;PL010;S001;0;0.635431393602849
B0027781;PL010;S001;0;0.703251899410708
B0052780;PL010;S001;0;0.686751411868662
B0055761;PL010;S001;0;0.68831519183285
B0049095;PL010;S001;0;0.60279762442359
B0057095;PL010;S001;0;0.642567928101224
B0054506;PL010;S001;0;0.646583939605834
B0002655;PL010;S001;0;0.626635326636004
B0063455;PL010;S001;0;0.660527026661671
B0053118;PL010;S001;0;0.635153750580577
B0053488;PL010;S001;0;0.661366832365736
B0069804;PL010;S001;0;0.696592385056008
B0017444;PL010;S001;0;0.637644273685533
B0024776;PL010;S001;0;0.646891882830043
B0048136;PL010;S001;0;0.691920811188982
B0047682;PL010;S001;0;0.637714240457366
B0074739;PL010;S001;0;0.676537245924698
B0062287;PL010;S001;0;0.684738748087503
B0064341;PL010;S001;0;0.686247184145236
B0046609;PL010;S001;0;0.625778468153792
B0002617;PL010;S001;0;0.673995609332684
B0046580;PL010;S001;0;0.677115661376202
B0055735;PL010;S001;0;0.65809930670453
B0021234;PL010;S001;0;0.750397085177898
B0015677;PL010;S001;0;0.647935014774778
B0005794;PL010;S001;0;0.658803764088651
B0067185;PL010;S001;0;0.74135163989745
B0009145;PL010;S001;0;0.685712075256037
B0029812;PL010;S001;0;0.666118014295128
B0032583;PL010;S001;0;0.713543925966333
B0054711;PL010;S001;0;0.577154857834986
B0032071;PL010;S001;0;0.669999241870372
B0000939;PL010;S001;0;0.74409561218174
B0064740;PL010;S001;0;0.671731238078503
B0067823;PL010;S001;0;0.698833243757711
B0024621;PL010;S001;0;0.656743338905828
B0051307;PL010;S001;0;0.637031863654755
B0023990;PL010;S001;0;0.638408363318361
B0020011;PL010;S001;0;0.695269425805816
B0021123;PL010;S001;0;0.637219659974816
B0069053;PL010;S001;0;0.686987204284377
B0007651;PL010;S001;0;0.686104252342342
B0047435;PL010;S001;0;0.698041578335542
B0005551;PL010;S001;0;0.674506694770451
B0029673;PL010;S001;0;0.649569724114218
B0027639;PL010;S001;0;0.683398497606765
B0015457;PL010;S001;0;0.664135865005702
B0033883;PL010;S001;0;0.664697594371234
B0013231;PL010;S001;0;0.626330667422098
B0005737;PL010;S001;0;0.705128547093038
B0017688;PL010;S001;0;0.681836798967311
B0046124;PL010;S001;0;0.71180867770215
B0045545;PL010;S001;0;0.665066047217495
B0048894;PL010;S001;0;0.68750665849083
B0002435;PL010;S001;0;0.686556654392016
B0068971;PL010;S001;0;0.663308284842993
B0061706;PL010;S001;0;0.689155719744633
B0031752;PL010;S001;0;0.69447688777897
B0065374;PL010;S001;0;0.649058050763138
B0021210;PL010;S001;0;0.685161718515179
B0000415;PL010;S001;0;0.596977129051847
B0028514;PL010;S001;0;0.713835418739295
B0070410;PL010;S001;0;0.627182566703052
B0000703;PL010;S001;0;0.701862013434678
B0039927;PL010;S001;0;0.661610250109923
B0065850;PL010;S001;0;0.57118595326417
B0072120;PL010;S001;0;0.70234642040934
B0008489;PL010;S001;0;0.643185559297058
B0068370;PL010;S001;0;0.67186913175355
B0066766;PL010;S001;0;0.676568836863463
B0029603;PL010;S001;0;0.644928578098452
B0058316;PL010;S001;0;0.693604570687944
B0057836;PL010;S001;0;0.62685949178399
B0033153;PL010;S001;0;0.686579248218739
B0055947;PL010;S001;0;0.617302469532437
B0004101;PL010;S001;0;0.643335699095305
B0019598;PL010;S001;0;0.655053567814102
B0018548;PL010;S001;0;0.638078860459258
B0051823;PL010;S001;0;0.62461106457547
B0066643;PL010;S001;0;0.693046681260591
B0053771;PL010;S001;0;0.646922028306062
B0065742;PL010;S001;0;0.652527132237491
B0034774;PL010;S001;0;0.635213304105749
B0000009;PL010;S001;0;0.653196789801688
B0061979;PL010;S001;0;0.671625396430527
B0046189;PL010;S001;0;0.647541433932911
B0029160;PL010;S001;0;0.687546690962124
B0056186;PL010;S001;0;0.670697647256866
B0004244;PL010;S001;0;0.621853420707235
B0013869;PL010;S001;0;0.696815102456295
B0037090;PL010;S001;0;0.672764141603722
B0049182;PL010;S001;0;0.680087254073209
B0051760;PL010;S001;0;0.656653093806085
B0008829;PL010;S001;0;0.690226004625721
B0057767;PL010;S001;0;0.646236564760227
B0053341;PL010;S001;0;0.657596868797559
B0036857;PL010;S001;0;0.651325343117296
B0038472;PL010;S001;0;0.707662768634322
B0051416;PL010;S001;0;0.708959538158012
B0062936;PL010;S001;0;0.680638210678259
B0013030;PL010;S001;0;0.65702492222537
B0061492;PL010;S001;0;0.670768134222661
B0073874;PL010;S001;0;0.662730574766113
B0017099;PL010;S001;0;0.692494285447881
B0046677;PL010;S001;0;0.65721180455468
B0060170;PL010;S001;0;0.678059764091563
B0035770;PL010;S001;0;0.666058206342125
B0037675;PL010;S001;0;0.601016636678676
B0058753;PL010;S001;0;0.668046385807824
B0023153;PL010;S001;0;0.681280443094921
B0038044;PL010;S001;0;0.695631784979592
B0049108;PL010;S001;0;0.694148358704785
B0070043;PL010;S001;0;0.673282353120954
B0047395;PL010;S001;0;0.632107145933479
B0035017;PL010;S001;0;0.667075843996051
B0035053;PL010;S001;0;0.664530656873751
B0043336;PL009;S012;0;0.642067867978108
B0046940;PL009;S012;0;0.620865532872813
B0051687;PL009;S012;0;0.630815425510482
B0052396;PL009;S012;0;0.680902133230469
B0050052;PL009;S012;0;0.70948331695087
B0070520;PL009;S012;0;0.679354934963231
B0023667;PL009;S012;0;0.602793469992307
B0072493;PL009;S012;0;0.682769380387802
B0019273;PL009;S012;0;0.664289415010591
B0037018;PL009;S012;0;0.708702312049027
B0060242;PL009;S012;0;0.672237801535651
B0045414;PL009;S012;0;0.598159378736764
B0071067;PL009;S012;0;0.65361473786658
B0003856;PL009;S012;0;0.657769791328592
B0020699;PL009;S012;0;0.666268620494592
B0037407;PL009;S012;0;0.651702995655067
B0021681;PL009;S012;0;0.677396108515185
B0064075;PL009;S012;0;0.666982511729903
B0014691;PL009;S012;0;0.617467944842475
B0071405;PL009;S012;0;0.6269680768138
B0018109;PL009;S012;0;0.593625946037936
B0017878;PL009;S012;0;0.66236472531226
B0024495;PL009;S012;0;0.673760257512536
B0017841;PL009;S012;0;0.661296337385922
B0039550;PL009;S012;0;0.632190840054958
B0058459;PL009;S012;0;0.637967669636666
B0073932;PL009;S012;0;0.679894708154209
B0049038;PL009;S012;0;0.689516872956904
B0054079;PL009;S012;0;0.497889889782672
B0012292;PL009;S012;0;0.617017164141233
B0005047;PL009;S012;0;0.646862390624096
B0016706;PL009;S012;0;0.642510493121025
B0048341;PL009;S012;0;0.719221891571902
B0042856;PL009;S012;0;0.60543103976968
B0051486;PL009;S012;0;0.628190546099978
B0042470;PL009;S012;0;0.646231981414823
B0010197;PL009;S012;0;0.656742313184986
B0063665;PL009;S012;0;0.631855262561822
B0031155;PL009;S012;0;0.676343329721773
B0058242;PL009;S012;0;0.684957614435444
B0057669;PL009;S012;0;0.723074777810965
B0026763;PL009;S012;0;0.630654599861557
B0001694;PL009;S012;0;0.595744625109109
B0029094;PL009;S012;0;0.652710090392766
B0039699;PL009;S012;0;0.774849689995885
B0074346;PL009;S012;0;0.616241075590423
B0072531;PL009;S012;0;0.671983101805496
B0063623;PL009;S012;0;0.63039574509107
B0007954;PL009;S012;0;0.677731333395307
B0073126;PL009;S012;0;0.689080934052651
B0030358;PL009;S012;0;0.57056332673921
B0024382;PL009;S012;0;0.616792289582868
B0060221;PL009;S012;0;0.701202797663383
B0059200;PL009;S012;0;0.661320702302424
B0000154;PL009;S012;0;0.650344988986783
B0066298;PL009;S012;0;0.633605051918834
B0018704;PL009;S012;0;0.651944094157695
B0060851;PL009;S012;0;0.689549485991508
B0035742;PL009;S012;0;0.656468658128898
B0068049;PL009;S011;0;0.579852056245991
B0020476;PL009;S011;0;0.707555843067539
B0044425;PL009;S011;0;0.636793204506662
B0010490;PL009;S011;0;0.652526351169736
B0063882;PL009;S011;0;0.649679194302357
B0074231;PL009;S011;0;0.588439502240008
B0041679;PL009;S011;0;0.747964554792604
B0014063;PL009;S011;0;0.554689278985949
B0042830;PL009;S011;0;0.607275390739654
B0065681;PL009;S011;0;0.665563869653746
B0052800;PL009;S011;0;0.683455164758457
B0074997;PL009;S011;0;0.601723102788522
B0067549;PL009;S011;0;0.680445630461454
B0074329;PL009;S011;0;0.720683805483392
B0011447;PL009;S011;0;0.613640459218025
B0003407;PL009;S011;0;0.632724300720783
B0006528;PL009;S011;0;0.635671846422405
B0052387;PL009;S011;0;0.570888436953655
B0065199;PL009;S011;0;0.679824586023168
B0010113;PL009;S011;0;0.658714152286022
B0014809;PL009;S011;0;0.627857040041965
B0023569;PL009;S011;0;0.626304347594613
B0068636;PL009;S011;0;0.635007896708548
B0026784;PL009;S011;0;0.632698242142141
B0019491;PL009;S011;0;0.64640742954283
B0073998;PL009;S011;0;0.664241772272983
B0033545;PL009;S011;0;0.598001579876537
B0008626;PL009;S011;0;0.729635739796228
B0030361;PL009;S011;0;0.744910176194971
B0047586;PL009;S011;0;0.631994383110388
B0040265;PL009;S011;0;0.702397914723174
B0049958;PL009;S011;0;0.606602638714405
B0054866;PL009;S011;0;0.630956613389602
B0030559;PL009;S011;0;0.457774524872475
B0026112;PL009;S011;0;0.666791779124638
B0009147;PL009;S011;0;0.662336107791001
B0040221;PL009;S011;0;0.590360623839399
B0067783;PL009;S011;0;0.629978695833741
B0007250;PL009;S011;0;0.638942013415073
B0010723;PL009;S011;0;0.653272912270185
B0041536;PL009;S011;0;0.608104391400545
B0065659;PL009;S011;0;0.603052462221399
B0011412;PL009;S011;0;0.616016836818392
B0025041;PL009;S011;0;0.680459964954449
B0062800;PL009;S011;0;0.718422314640403
B0065178;PL009;S011;0;0.622911975799036
B0011495;PL009;S011;0;0.682786850111394
B0038639;PL009;S011;0;0.464618053462671
B0006927;PL009;S011;0;0.701834878752674
B0048021;PL009;S011;0;0.65973930080699
B0047545;PL009;S011;0;0.692871237313457
B0022058;PL009;S011;0;0.686477779961195
B0031763;PL009;S011;0;0.644175935632409
B0013547;PL009;S011;0;0.62598063042447
B0048769;PL009;S011;0;0.662700122610078
B0052940;PL009;S011;0;0.665082416557362
B0045743;PL009;S011;0;0.662164613071672
B0007664;PL009;S011;0;0.613588956655993
B0061996;PL009;S011;0;0.661211528187296
B0059225;PL009;S011;0;0.66995646854772
B0015844;PL009;S011;0;0.624619494768238
B0028252;PL009;S011;0;0.699778719583169
B0042042;PL009;S011;0;0.624807220300837
B0063139;PL009;S011;0;0.744806928144329
B0065970;PL009;S011;0;0.675116452258523
B0067800;PL009;S011;0;0.682480576467387
B0005446;PL009;S011;0;0.66625148388546
B0074019;PL009;S011;0;0.719558789851977
B0029902;PL009;S011;0;0.67637046105604
B0066900;PL009;S011;0;0.706536257049339
B0020561;PL009;S011;0;0.674152402439222
B0067321;PL009;S011;0;0.588138377869487
B0028075;PL009;S011;0;0.66026889623035
B0029738;PL009;S011;0;0.540314831334334
B0069943;PL009;S011;0;0.659345409294428
B0031764;PL009;S011;0;0.625576456402342
B0003091;PL009;S011;0;0.720147702568332
B0031108;PL009;S011;0;0.661768253742909
B0057332;PL009;S011;0;0.754184851060046
B0016912;PL009;S011;0;0.623190530011729
B0012495;PL009;S011;0;0.650643469700744
B0025730;PL009;S011;0;0.63161640227369
B0027701;PL009;S011;0;0.613410060084633
B0073790;PL009;S011;0;0.629792160621164
B0047380;PL009;S011;0;0.635372512451523
B0016407;PL009;S011;0;0.712524855372709
B0050261;PL009;S011;0;0.709669587752312
B0000262;PL009;S011;0;0.672600055160095
B0069963;PL009;S011;0;0.659087833004101
B0059385;PL009;S011;0;0.600990891570118
B0003576;PL009;S011;0;0.668591820270366
B0041111;PL009;S011;0;0.633195558181048
B0029811;PL009;S011;0;0.648667036963181
B0062067;PL009;S010;0;0.292911425858916
B0009977;PL009;S010;0;0.444010912878052
B0016004;PL009;S010;0;0.530573939931463
B0013368;PL009;S010;0;0.704188519500643
B0008379;PL009;S010;0;0.667461365395714
B0045075;PL009;S010;0;0.679334599703802
B0023034;PL009;S010;0;0.659839859584606
B0009355;PL009;S010;0;0.644956304426029
B0060631;PL009;S010;0;0.647086669017629
B0051423;PL009;S010;0;0.728586095081065
B0004107;PL009;S010;0;0.679187347602257
B0039149;PL009;S010;0;0.73137513435704
B0005252;PL009;S010;0;0.700164181067017
B0027406;PL009;S010;0;0.716073728270067
B0006154;PL009;S010;0;0.582610781710861
B0016805;PL009;S010;0;0.657312758056111
B0069494;PL009;S010;0;0.682009519101535
B0062442;PL009;S010;0;0.638618534597905
B0029910;PL009;S010;0;0.698016020813598
B0049691;PL009;S010;0;0.692523246701964
B0037718;PL009;S010;0;0.690265680138338
B0041276;PL009;S010;0;0.692229093331817
B0063688;PL009;S010;0;0.667697001835287
B0001322;PL009;S010;0;0.637822874867337
B0012286;PL009;S010;0;0.553835881079488
B0014167;PL009;S010;0;0.674020707865241
B0026244;PL009;S010;0;0.630790354610821
B0043506;PL009;S010;0;0.604734938346696
B0069080;PL009;S010;0;0.71114669468138
B0068058;PL009;S010;0;0.680335148473566
B0051053;PL009;S010;0;0.690253329230203
B0051749;PL009;S010;0;0.674859967751835
B0035908;PL009;S010;0;0.707069310196044
B0048201;PL009;S010;0;0.704159635126373
B0022230;PL009;S010;0;0.640790736533626
B0025973;PL009;S010;0;0.647685679867864
B0071317;PL009;S010;0;0.715493566153361
B0022284;PL009;S010;0;0.659948564517919
B0036570;PL009;S010;0;0.721439707932709
B0021633;PL009;S010;0;0.674799279276292
B0051139;PL009;S010;0;0.686510833271292
B0032603;PL009;S010;0;0.641428178501748
B0031853;PL009;S010;0;0.711455436630921
B0072793;PL009;S010;0;0.573203308006145
B0061581;PL009;S010;0;0.589338316509792
B0038117;PL009;S010;0;0.688445753866149
B0003137;PL009;S010;0;0.646183712224595
B0020079;PL009;S010;0;0.656151467851043
B0028677;PL009;S010;0;0.656767633595528
B0071337;PL009;S010;0;0.693149108999567
B0055981;PL009;S010;0;0.715190436367677
B0035945;PL009;S010;0;0.691057168616116
B0001780;PL009;S010;0;0.676171717507187
B0040230;PL009;S010;0;0.692578486245113
B0031688;PL009;S010;0;0.384791779775666
B0010228;PL009;S010;0;0.678929834090491
B0027861;PL009;S010;0;0.700944565397446
B0003979;PL009;S010;0;0.60503752404584
B0074225;PL009;S010;0;0.619987877079301
B0038712;PL009;S010;0;0.659404097637681
B0069838;PL009;S010;0;0.664338155529736
B0004757;PL009;S010;0;0.732396168828345
B0041194;PL009;S010;0;0.695972103490748
B0014692;PL009;S010;0;0.689963607336175
B0035312;PL009;S010;0;0.682280166356971
B0059180;PL009;S010;0;0.65643392406156
B0072222;PL009;S010;0;0.65643392406156
B0066827;PL009;S010;0;0.690173035952524
B0042044;PL009;S010;0;0.714354646569744
B0061607;PL009;S010;0;0.716012797726756
B0001947;PL009;S010;0;0.626758219444681
B0057376;PL009;S010;0;0.697972664341265
B0009673;PL009;S010;0;0.715708006453801
B0042574;PL009;S010;0;0.681558402546848
B0020844;PL009;S010;0;0.666211231582986
B0040113;PL009;S010;0;0.695384789085387
B0053105;PL009;S010;0;0.717740423666012
B0023110;PL009;S010;0;0.66461125070857
B0029671;PL009;S010;0;0.654551815728204
B0019675;PL009;S010;0;0.621099880967647
B0060071;PL009;S010;0;0.699064540409772
B0052720;PL009;S010;0;0.653940173348069
B0064874;PL009;S010;0;0.639715226569782
B0044313;PL009;S010;0;0.681995634350172
B0022040;PL009;S010;0;0.681900881005479
B0020895;PL009;S010;0;0.688980526109729
B0018582;PL009;S010;0;0.703557694093873
B0035787;PL009;S010;0;0.697359300326736
B0019489;PL009;S010;0;0.680727244524054
B0062261;PL009;S010;0;0.680727244524054
B0060345;PL009;S010;0;0.665843674744037
B0064709;PL009;S010;0;0.647751223765527
B0053285;PL009;S010;0;0.618718100388907
B0019679;PL009;S010;0;0.635511022821415
B0052859;PL009;S010;0;0.652755111043786
B0056666;PL009;S010;0;0.650359673359497
B0055371;PL009;S010;0;0.665690120195498
B0055224;PL009;S010;0;0.678757968349502
B0059833;PL009;S010;0;0.69254877057712
B0057890;PL009;S010;0;0.687181762366502
B0050040;PL009;S010;0;0.669636448987303
B0010596;PL009;S010;0;0.696598960362954
B0020174;PL009;S010;0;0.684282613155452
B0017587;PL009;S010;0;0.648648991726042
B0058249;PL009;S010;0;0.683093939962992
B0047205;PL009;S010;0;0.591693303608912
B0032168;PL009;S010;0;0.690510752539178
B0050378;PL009;S010;0;0.674304272910582
B0044534;PL009;S010;0;0.67784467030899
B0050567;PL009;S010;0;0.680441747817681
B0016810;PL009;S010;0;0.703557694093873
B0015146;PL009;S008;0;0.608667401239172
B0006053;PL009;S008;0;0.56240427138891
B0008485;PL009;S008;0;0.660708854697414
B0064308;PL009;S008;0;0.65478760808434
B0055908;PL009;S008;0;0.5909737723796
B0058942;PL009;S008;0;0.684370272335973
B0046075;PL009;S008;0;0.623769952307874
B0065747;PL009;S008;0;0.58935280872433
B0068870;PL009;S008;0;0.611293460741698
B0059219;PL009;S008;0;0.6199529657282
B0066181;PL009;S008;0;0.618301684593993
B0033085;PL009;S008;0;0.399697633607074
B0073350;PL009;S008;0;0.622036425327946
B0055666;PL009;S008;0;0.613519135698193
B0005103;PL009;S008;0;0.658153650985975
B0040001;PL009;S008;0;0.62339729368765
B0047266;PL009;S008;0;0.663722737016419
B0004691;PL009;S008;0;0.642537481423977
B0036545;PL009;S008;0;0.650890458225441
B0070889;PL009;S008;0;0.670557093910896
B0048417;PL009;S008;0;0.669530116790022
B0004903;PL009;S008;0;0.613279024389186
B0065501;PL009;S008;0;0.564685627791889
B0056531;PL009;S008;0;0.710336071653518
B0030176;PL009;S008;0;0.608911094980474
B0011388;PL009;S008;0;0.605082545578117
B0002510;PL009;S008;0;0.644141529902201
B0009179;PL009;S008;0;0.662585858608352
B0007939;PL009;S008;0;0.653877002251285
B0072469;PL009;S008;0;0.639906045120957
B0069584;PL009;S008;0;0.610656361453261
B0033974;PL009;S008;0;0.649737903660946
B0069246;PL009;S008;0;0.642409876693698
B0009062;PL009;S008;0;0.656482867764417
B0049295;PL009;S008;0;0.628459491034946
B0033650;PL009;S008;0;0.626165058528519
B0001570;PL009;S008;0;0.648284379791844
B0044508;PL009;S008;0;0.608815572787942
B0035252;PL009;S008;0;0.663624763904744
B0027462;PL009;S008;0;0.637820418709238
B0002598;PL009;S008;0;0.600691349247908
B0069928;PL009;S008;0;0.658153650985975
B0051477;PL009;S008;0;0.643818052362533
B0006710;PL009;S008;0;0.648566150054941
B0056850;PL009;S008;0;0.612709901689577
B0013664;PL009;S008;0;0.638684884195701
B0017307;PL009;S008;0;0.670359115560325
B0052194;PL009;S008;0;0.650538486490279
B0045981;PL009;S008;0;0.602975354192614
B0020635;PL009;S008;0;0.666466029343671
B0065657;PL009;S008;0;0.621059732642397
B0052843;PL009;S008;0;0.713386886825503
B0022850;PL009;S008;0;0.643074851205071
B0068511;PL009;S008;0;0.558507330164056
B0007801;PL009;S008;0;0.605001863399291
B0070833;PL009;S008;0;0.663651062417621
B0030098;PL009;S008;0;0.658794249599547
B0074692;PL009;S008;0;0.683367831485163
B0020263;PL009;S008;0;0.66425584383098
B0046030;PL009;S008;0;0.623797104156908
B0063188;PL009;S008;0;0.605519892759258
B0056664;PL009;S008;0;0.647215631401714
B0002528;PL009;S008;0;0.651433409689719
B0049110;PL009;S008;0;0.665980207940603
B0027448;PL009;S008;0;0.662110761684255
B0073227;PL009;S008;0;0.654614501186224
B0073394;PL009;S008;0;0.644988944916749
B0058253;PL009;S008;0;0.671776775515801
B0049379;PL009;S008;0;0.620022022165579
B0051365;PL009;S008;0;0.670224477249594
B0052040;PL009;S008;0;0.643820531596199
B0004971;PL009;S008;0;0.63802470997938
B0002607;PL009;S008;0;0.635802596780904
B0018714;PL009;S008;0;0.626540453804805
B0045395;PL009;S008;0;0.642326358055983
B0047905;PL009;S008;0;0.639524445288495
B0059869;PL009;S008;0;0.645201599290075
B0044284;PL009;S008;0;0.596600804307743
B0014470;PL009;S008;0;0.62242563575672
B0054320;PL009;S008;0;0.722484613400721
B0063707;PL009;S008;0;0.682178173446552
B0021461;PL009;S008;0;0.68451438191733
B0032423;PL009;S008;0;0.703332699333618
B0019611;PL009;S008;0;0.663560244790119
B0063402;PL009;S008;0;0.541481756962338
B0069110;PL009;S008;0;0.574652203051526
B0005641;PL009;S008;0;0.660757374494674
B0020213;PL009;S008;0;0.62948667995371
B0055911;PL009;S008;0;0.639637976975623
B0003625;PL009;S008;0;0.673465460187503
B0002465;PL009;S008;0;0.664431213876022
B0036142;PL009;S008;0;0.671148310932354
B0057662;PL009;S008;0;0.619271561973679
B0044988;PL009;S008;0;0.669559155797276
B0056851;PL009;S008;0;0.674820708022228
B0034009;PL009;S008;0;0.644163217000943
B0002955;PL009;S008;0;0.596798879966333
B0061871;PL009;S008;0;0.636481589365113
B0059061;PL009;S008;0;0.648860541548848
B0010367;PL009;S008;0;0.644011898715477
B0073360;PL009;S008;0;0.639486800114633
B0018309;PL009;S008;0;0.636473867831193
B0074549;PL009;S008;0;0.653751098639677
B0043343;PL009;S008;0;0.595765739604664
B0060314;PL009;S008;0;0.627417601438398
B0006126;PL009;S008;0;0.630256006714834
B0050106;PL009;S008;0;0.668390864443022
B0036814;PL009;S008;0;0.644469607613033
B0021825;PL009;S008;0;0.642576304123372
B0060762;PL009;S008;0;0.633766504710775
B0056258;PL009;S008;0;0.634168293495377
B0025101;PL009;S008;0;0.576523831637463
B0017625;PL009;S008;0;0.655301385351883
B0059955;PL009;S008;0;0.620238181840819
B0073277;PL009;S008;0;0.649593612226984
B0036132;PL009;S008;0;0.644897211441738
B0016263;PL009;S008;0;0.670892765556422
B0002167;PL009;S008;0;0.660588101815507
B0004675;PL009;S008;0;0.655544618729278
B0038050;PL009;S008;0;0.661369920587332
B0047964;PL009;S008;0;0.673286202437557
B0009817;PL009;S008;0;0.609490644706529
B0011771;PL009;S008;0;0.724682791024365
B0059846;PL009;S008;0;0.642796320059629
B0027932;PL009;S008;0;0.64697902373119
B0043352;PL009;S008;0;0.627656442336865
B0068580;PL009;S008;0;0.624354359393331
B0058718;PL009;S008;0;0.614141672503716
B0044764;PL009;S008;0;0.619198343392008
B0008737;PL009;S008;0;0.62719556324666
B0002126;PL009;S008;0;0.65387255988627
B0071491;PL009;S008;0;0.65927326660683
B0047197;PL009;S008;0;0.681710105100805
B0073532;PL009;S008;0;0.638083561660682
B0048636;PL009;S008;0;0.66013717910538
B0007245;PL009;S008;0;0.676594213693286
B0018446;PL009;S008;0;0.676107764199481
B0020994;PL009;S008;0;0.70290587040538
B0002287;PL009;S008;0;0.664742656697001
B0068619;PL009;S008;0;0.660919503401047
B0009399;PL009;S008;0;0.709413547756449
B0051834;PL009;S008;0;0.659599163690207
B0001270;PL009;S008;0;0.673465460187503
B0038558;PL009;S008;0;0.661908037882314
B0051292;PL009;S008;0;0.758210180047386
B0029159;PL009;S008;0;0.635804923545602
B0029957;PL009;S008;0;0.627811710211857
B0020701;PL009;S008;0;0.600311193944414
B0015722;PL009;S008;0;0.635141720421845
B0071567;PL009;S008;0;0.672665978094774
B0014977;PL009;S008;0;0.634256033443844
B0032351;PL009;S008;0;0.651400241674763
B0040971;PL009;S008;0;0.609254559180145
B0062090;PL009;S008;0;0.647805152689787
B0031177;PL009;S008;0;0.665756611950597
B0011658;PL009;S007;0;0.201778756619924
B0061781;PL009;S007;0;0.692680218587556
B0007888;PL009;S007;0;0.656729761211279
B0005778;PL009;S007;0;0.682483616563604
B0017538;PL009;S007;0;0.727717692790958
B0044576;PL009;S007;0;0.607866667167308
B0010062;PL009;S007;0;0.545638843018417
B0053122;PL009;S007;0;0.622513296091699
B0065224;PL009;S007;0;0.631487103895596
B0057086;PL009;S007;0;0.619447988223604
B0029133;PL009;S007;0;0.591350039335778
B0006707;PL009;S007;0;0.614086135302273
B0026100;PL009;S007;0;0.71168001634497
B0061245;PL009;S007;0;0.63952859020262
B0023352;PL009;S007;0;0.674630426954072
B0020238;PL009;S007;0;0.657183991260965
B0049779;PL009;S007;0;0.661272166548154
B0069367;PL009;S007;0;0.647448155743697
B0026361;PL009;S007;0;0.662120411167573
B0012891;PL009;S007;0;0.682194250040935
B0018961;PL009;S007;0;0.652422426957965
B0019540;PL009;S007;0;0.684577935260596
B0072589;PL009;S007;0;0.662208130168059
B0060077;PL009;S007;0;0.712487019167522
B0003615;PL009;S007;0;0.712487019167522
B0014228;PL009;S007;0;0.607398407929332
B0060208;PL009;S007;0;0.69879034186888
B0015925;PL009;S007;0;0.642801253869503
B0054793;PL009;S007;0;0.682008440867134
B0009476;PL009;S007;0;0.742551389258383
B0016033;PL009;S007;0;0.66244081282314
B0025376;PL009;S007;0;0.658281878835205
B0017340;PL009;S007;0;0.673984335762341
B0056174;PL009;S007;0;0.709166781580058
B0040679;PL009;S007;0;0.648979651935852
B0013047;PL009;S007;0;0.702961432143985
B0007064;PL009;S007;0;0.654322994575757
B0021038;PL009;S007;0;0.494756046120101
B0049515;PL009;S007;0;0.56303463497422
B0028064;PL009;S007;0;0.600683440834941
B0049446;PL009;S007;0;0.522587411124688
B0004557;PL009;S007;0;0.74945062378604
B0053224;PL009;S007;0;0.661638867742971
B0020677;PL009;S007;0;0.637343973727626
B0024912;PL009;S007;0;0.659743104922211
B0025153;PL009;S007;0;0.742483976655499
B0037503;PL009;S007;0;0.647034481405741
B0023909;PL009;S007;0;0.630198037320469
B0066687;PL009;S007;0;0.654908564750338
B0054062;PL009;S007;0;0.655791687927727
B0044031;PL009;S007;0;0.682045222271762
B0055838;PL009;S007;0;0.697024891721272
B0022631;PL009;S007;0;0.678739325122191
B0033916;PL009;S007;0;0.611870250678176
B0000442;PL009;S007;0;0.619384169172075
B0014110;PL009;S007;0;0.675422898554707
B0048016;PL009;S007;0;0.610633228839043
B0060117;PL009;S007;0;0.647459252893209
B0072959;PL009;S007;0;0.587189292548534
B0006867;PL009;S007;0;0.679415510256779
B0044132;PL009;S007;0;0.702486674869198
B0012551;PL009;S007;0;0.642808416997258
B0034810;PL009;S007;0;0.641258993363276
B0005812;PL009;S007;0;0.61837362351766
B0022576;PL009;S007;0;0.636823653859551
B0039593;PL009;S007;0;0.619548413472881
B0025255;PL009;S007;0;0.603010940498593
B0061934;PL009;S007;0;0.675574258976644
B0021535;PL009;S007;0;0.676296134486981
B0031656;PL009;S007;0;0.646125853590962
B0036291;PL009;S007;0;0.64155913850699
B0058004;PL009;S007;0;0.597812443719475
B0062341;PL009;S007;0;0.678532053258696
B0070988;PL009;S007;0;0.671843041592189
B0025158;PL009;S007;0;0.723034179570925
B0044055;PL009;S007;0;0.710000690706545
B0010643;PL009;S007;0;0.578838534275044
B0065165;PL009;S007;0;0.704806024796464
B0065286;PL009;S007;0;0.709779889157063
B0043144;PL009;S007;0;0.488675812621819
B0063856;PL009;S007;0;0.633875026747753
B0002437;PL009;S007;0;0.694229019231413
B0022215;PL009;S007;0;0.664428988326657
B0071507;PL009;S007;0;0.71859141024288
B0033356;PL009;S007;0;0.663986128959301
B0043926;PL009;S007;0;0.489462563711661
B0047625;PL009;S007;0;0.693012183300811
B0025320;PL009;S007;0;0.615084795929946
B0070310;PL009;S007;0;0.725120065858886
B0015778;PL009;S007;0;0.708011687450261
B0046764;PL009;S007;0;0.621242965663543
B0026073;PL009;S007;0;0.616707883646837
B0067434;PL009;S007;0;0.624318820101972
B0065579;PL009;S007;0;0.610241048295148
B0034319;PL009;S007;0;0.694183454479606
B0030206;PL009;S007;0;0.698435229988207
B0072289;PL009;S007;0;0.680113260814688
B0021323;PL009;S007;0;0.692272825381478
B0001668;PL009;S007;0;0.724073258718629
B0023404;PL009;S007;0;0.701171633395179
B0020575;PL009;S007;0;0.627871804152008
B0010399;PL009;S007;0;0.699071636294579
B0026110;PL009;S007;0;0.663403988607151
B0070018;PL009;S007;0;0.651887842339581
B0004054;PL009;S007;0;0.628793726194421
B0047977;PL009;S007;0;0.670587963665124
B0026194;PL009;S007;0;0.639844369052014
B0054280;PL009;S007;0;0.647861554372371
B0067179;PL009;S007;0;0.651386717304758
B0069397;PL009;S007;0;0.744843039946991
B0070479;PL009;S007;0;0.640007559844142
B0073987;PL009;S007;0;0.692866515652542
B0059784;PL009;S007;0;0.734790597735505
B0011159;PL009;S007;0;0.681148022757756
B0011967;PL009;S007;0;0.715587477293551
B0002940;PL009;S007;0;0.713423983685378
B0068818;PL009;S007;0;0.616263612851951
B0071766;PL009;S007;0;0.650818731895875
B0029424;PL009;S007;0;0.652828885288559
B0003925;PL009;S007;0;0.6582636427172
B0006679;PL009;S007;0;0.632741109338317
B0061526;PL009;S007;0;0.607499400496341
B0018797;PL009;S007;0;0.684206258486944
B0023096;PL009;S007;0;0.652642990740569
B0060991;PL009;S007;0;0.726064629683267
B0068324;PL009;S007;0;0.719065165436836
B0051035;PL009;S007;0;0.685844454630441
B0055343;PL009;S007;0;0.700130772256887
B0002647;PL009;S007;0;0.685720346505839
B0023559;PL009;S007;0;0.735097235439727
B0035755;PL009;S007;0;0.703448809002749
B0052727;PL009;S007;0;0.683007141042706
B0003399;PL009;S007;0;0.656061493710349
B0012810;PL009;S007;0;0.755947790147254
B0047818;PL009;S007;0;0.678874396548428
B0056767;PL009;S007;0;0.622070407994002
B0034693;PL009;S007;0;0.651633373459944
B0032075;PL009;S007;0;0.66257215434704
B0051068;PL009;S007;0;0.674379747038296
B0054165;PL009;S007;0;0.663854722279349
B0045702;PL009;S007;0;0.662892878017788
B0000404;PL009;S007;0;0.590006289216185
B0041515;PL009;S007;0;0.65213820030036
B0042568;PL009;S007;0;0.602151351039396
B0063801;PL009;S007;0;0.656392775109816
B0009632;PL009;S007;0;0.628186031817263
B0042969;PL009;S007;0;0.639205915683659
B0038285;PL009;S007;0;0.676688816820332
B0056199;PL009;S007;0;0.661447465659491
B0030139;PL009;S007;0;0.672944345759372
B0019506;PL009;S007;0;0.653588659619772
B0012709;PL009;S007;0;0.690439391142986
B0059438;PL009;S007;0;0.698349463977396
B0053174;PL009;S007;0;0.659731582687359
B0053296;PL009;S007;0;0.648786407296437
B0015576;PL009;S007;0;0.640007559844142
B0023618;PL009;S007;0;0.628352262156927
B0000318;PL009;S007;0;0.701717544718025
B0019345;PL009;S007;0;0.648236225032822
B0004517;PL009;S007;0;0.659085845092235
B0009984;PL009;S007;0;0.623713490371576
B0012938;PL009;S007;0;0.69270489267898
B0006227;PL009;S007;0;0.708166043581649
B0011305;PL009;S007;0;0.714621126715281
B0008959;PL009;S007;0;0.707914977595605
B0000753;PL009;S007;0;0.590348669860687
B0005050;PL009;S007;0;0.659007922799489
B0007320;PL009;S007;0;0.679385850447498
B0061522;PL009;S005;0;0.494381255957502
B0024285;PL009;S005;0;0.652361244228906
B0044306;PL009;S005;0;0.598433486075665
B0033492;PL009;S005;0;0.584236738875676
B0057165;PL009;S005;0;0.66835085333466
B0043054;PL009;S005;0;0.724767400949188
B0053575;PL009;S005;0;0.615228960182403
B0005449;PL009;S005;0;0.704835236522512
B0016402;PL009;S005;0;0.678684808476635
B0047658;PL009;S005;0;0.674951141433974
B0020044;PL009;S005;0;0.719249455509801
B0053026;PL009;S005;0;0.66118857191914
B0051977;PL009;S005;0;0.661649542598446
B0072751;PL009;S005;0;0.668084006243036
B0013442;PL009;S005;0;0.65671978965556
B0008202;PL009;S005;0;0.623540983115297
B0066500;PL009;S005;0;0.675846123359235
B0012981;PL009;S005;0;0.665776578557204
B0053263;PL009;S005;0;0.716547206213127
B0064252;PL009;S005;0;0.681697586512918
B0041631;PL009;S005;0;0.558217198167216
B0064825;PL009;S005;0;0.607268668426487
B0000513;PL009;S005;0;0.745241997233439
B0023227;PL009;S005;0;0.585331634428905
B0004414;PL009;S005;0;0.602343416982537
B0067649;PL009;S005;0;0.629869733084513
B0029321;PL009;S005;0;0.666582844420961
B0046712;PL009;S005;0;0.690221603277687
B0000073;PL009;S005;0;0.675147276687649
B0062275;PL009;S005;0;0.697105238274098
B0057394;PL009;S005;0;0.683494236057713
B0068831;PL009;S005;0;0.692401855538153
B0043723;PL009;S005;0;0.688446940189579
B0045650;PL009;S005;0;0.6959175059359
B0055173;PL009;S005;0;0.663447574033061
B0014787;PL009;S005;0;0.548207390467719
B0053403;PL009;S005;0;0.598483247091854
B0054505;PL009;S005;0;0.659370590410843
B0037181;PL009;S005;0;0.696383142093161
B0050165;PL009;S005;0;0.689509892225102
B0071834;PL009;S005;0;0.674933733614534
B0043980;PL009;S005;0;0.685818662196266
B0066419;PL009;S005;0;0.637994663370043
B0064917;PL009;S005;0;0.623513655789185
B0028868;PL009;S005;0;0.657316505212671
B0035486;PL009;S005;0;0.635766117738957
B0068981;PL009;S005;0;0.632900999998917
B0052896;PL009;S005;0;0.677890271825178
B0044967;PL009;S005;0;0.684236366882972
B0056862;PL009;S005;0;0.565874473856819
B0053152;PL009;S005;0;0.607316054680651
B0071638;PL009;S005;0;0.652707491515964
B0020395;PL009;S005;0;0.673807207896062
B0036688;PL009;S005;0;0.678573531498438
B0019337;PL009;S005;0;0.713055780313062
B0012545;PL009;S005;0;0.670387640149313
B0000158;PL009;S005;0;0.600375660405674
B0061035;PL009;S005;0;0.629764788900967
B0015802;PL009;S005;0;0.658138553794739
B0036285;PL009;S005;0;0.681316907325262
B0072813;PL009;S005;0;0.670382294325646
B0016151;PL009;S005;0;0.626938396985096
B0005825;PL009;S005;0;0.682166557812051
B0008798;PL009;S005;0;0.681697586512918
B0072551;PL009;S005;0;0.579979599586286
B0060820;PL009;S005;0;0.674046766783129
B0016088;PL009;S005;0;0.665508366749104
B0015191;PL009;S005;0;0.548786998275755
B0002117;PL009;S005;0;0.678318293205535
B0028207;PL009;S005;0;0.665674058179377
B0044296;PL009;S005;0;0.654708742061503
B0011933;PL009;S005;0;0.696585242383257
B0058806;PL009;S005;0;0.704824241446695
B0030472;PL009;S005;0;0.607813522133362
B0032549;PL009;S005;0;0.634966656168799
B0066607;PL009;S005;0;0.605756009057949
B0055104;PL009;S005;0;0.642483909096062
B0003930;PL009;S005;0;0.617412758227201
B0064962;PL009;S005;0;0.674789918994141
B0070853;PL009;S005;0;0.614585316148105
B0025508;PL009;S005;0;0.680573859306769
B0010540;PL009;S005;0;0.671556729851917
B0072864;PL009;S005;0;0.733174279104777
B0004176;PL009;S005;0;0.742050357716282
B0050073;PL009;S005;0;0.716875477704146
B0006123;PL009;S005;0;0.666555253920214
B0068427;PL009;S005;0;0.492290054579112
B0071966;PL009;S005;0;0.658200073209392
B0013408;PL009;S005;0;0.69289182426142
B0022605;PL009;S005;0;0.658969924164488
B0014390;PL009;S005;0;0.646462044216247
B0009211;PL009;S005;0;0.70490395562556
B0074845;PL009;S005;0;0.688604586529326
B0056275;PL009;S005;0;0.677071370668842
B0043125;PL009;S005;0;0.668401866115567
B0021871;PL009;S005;0;0.670650576032581
B0016597;PL009;S005;0;0.69074432910767
B0005881;PL009;S005;0;0.69003648538325
B0046456;PL009;S005;0;0.658351756036758
B0072335;PL009;S005;0;0.690754089564446
B0016155;PL009;S005;0;0.716237955392585
B0037209;PL009;S005;0;0.704260775206279
B0019745;PL009;S005;0;0.685940649723752
B0034209;PL009;S005;0;0.758381850717082
B0042984;PL009;S005;0;0.710995982905044
B0025687;PL009;S005;0;0.691697806531801
B0071537;PL009;S005;0;0.652067245707948
B0064278;PL009;S005;0;0.673517637073305
B0003068;PL009;S005;0;0.627387427177228
B0015592;PL009;S005;0;0.635072038412324
B0047045;PL009;S005;0;0.681738338022892
B0017851;PL009;S005;0;0.612718245733431
B0048350;PL009;S005;0;0.655719525377688
B0023155;PL009;S005;0;0.68587382409494
B0045989;PL009;S005;0;0.673703848516716
B0029459;PL009;S005;0;0.687455095506341
B0020850;PL009;S005;0;0.564418272196151
B0065453;PL009;S005;0;0.684725251500037
B0052863;PL009;S005;0;0.629826779333411
B0063084;PL009;S005;0;0.668601239945408
B0057208;PL009;S005;0;0.652882890174452
B0047668;PL009;S005;0;0.725111468189806
B0030883;PL009;S005;0;0.680916033925862
B0061785;PL009;S005;0;0.686989536087947
B0037494;PL009;S005;0;0.692224920289818
B0025096;PL009;S005;0;0.657536371725036
B0053235;PL009;S005;0;0.630842067611473
B0050171;PL009;S005;0;0.680203342344169
B0056254;PL009;S005;0;0.701922901011876
B0019306;PL009;S005;0;0.702170344763371
B0060246;PL009;S005;0;0.680565315845385
B0016497;PL009;S005;0;0.647234052985579
B0016873;PL009;S005;0;0.702938228781118
B0010872;PL009;S005;0;0.698597275776313
B0072581;PL009;S005;0;0.69374223074786
B0067987;PL009;S005;0;0.716285223356344
B0025126;PL009;S005;0;0.694865892779889
B0003267;PL009;S005;0;0.702059459435231
B0004871;PL009;S005;0;0.693459159229026
B0062478;PL009;S005;0;0.656375736205106
B0068360;PL009;S005;0;0.662085799162237
B0069905;PL009;S005;0;0.645357714494626
B0030435;PL009;S005;0;0.645357714494626
B0019334;PL009;S005;0;0.66794502181496
B0061508;PL009;S005;0;0.644677473746991
B0059758;PL009;S005;0;0.637365502722697
B0003789;PL009;S005;0;0.613901095266717
B0057850;PL009;S005;0;0.668951996370226
B0038785;PL009;S005;0;0.573454685451472
B0049353;PL009;S005;0;0.661233927056385
B0013052;PL009;S005;0;0.694618848662231
B0023921;PL009;S005;0;0.737396238427587
B0061739;PL009;S005;0;0.663479815100704
B0018337;PL009;S005;0;0.70373703391959
B0001440;PL009;S005;0;0.692692194982315
B0051556;PL009;S005;0;0.712612646900134
B0034626;PL009;S005;0;0.675040107898028
B0003572;PL009;S005;0;0.690795229076634
B0044032;PL009;S005;0;0.607191784120194
B0028311;PL009;S005;0;0.625334499953454
B0042141;PL009;S005;0;0.693994485515277
B0025446;PL009;S005;0;0.67278802300402
B0070085;PL009;S005;0;0.610530436071596
B0048148;PL009;S005;0;0.610494061029753
B0028881;PL009;S005;0;0.68680397671844
B0063171;PL009;S005;0;0.653572955879117
B0050403;PL009;S005;0;0.667852224903946
B0026533;PL009;S005;0;0.626812709245969
B0060708;PL009;S005;0;0.618097394789757
B0018638;PL009;S005;0;0.70294258692822
B0060552;PL009;S005;0;0.698983392044801
B0033442;PL009;S005;0;0.610661815134266
B0067429;PL009;S005;0;0.64134094024776
B0041031;PL009;S005;0;0.609975811333795
B0007782;PL009;S005;0;0.679115667888856
B0041088;PL009;S009;0;0.653187974902337
B0059727;PL009;S009;0;0.673334248909666
B0043511;PL009;S009;0;0.55319765286291
B0023605;PL009;S009;0;0.590145563831759
B0017185;PL009;S009;0;0.631648367580578
B0048302;PL009;S009;0;0.581951291158947
B0004422;PL009;S009;0;0.601026913558354
B0008362;PL009;S009;0;0.522021244030231
B0001121;PL009;S009;0;0.500370229598281
B0053940;PL009;S009;0;0.625968794205364
B0050903;PL009;S009;0;0.616081628952745
B0003858;PL009;S009;0;0.490758024174757
B0024315;PL009;S009;0;0.639479678189886
B0045939;PL009;S009;0;0.580083187934954
B0050965;PL009;S009;0;0.609616239527854
B0007638;PL009;S009;0;0.629815608459888
B0054627;PL009;S009;0;0.642378987084426
B0046971;PL009;S009;0;0.617296635427553
B0069945;PL009;S009;0;0.638770933791805
B0027371;PL009;S009;0;0.63394694262458
B0032011;PL009;S009;0;0.610572547513542
B0030351;PL009;S009;0;0.616400346699932
B0021796;PL009;S009;0;0.649482318196093
B0014015;PL009;S009;0;0.63571593407927
B0037791;PL009;S009;0;0.671297057085986
B0016218;PL009;S009;0;0.603138123579481
B0062581;PL009;S009;0;0.629056142616311
B0002264;PL009;S009;0;0.62519458795924
B0011216;PL009;S009;0;0.649110928934673
B0034437;PL009;S009;0;0.615862883608023
B0056873;PL009;S009;0;0.625846062893016
B0045037;PL009;S009;0;0.59300504476279
B0050449;PL009;S009;0;0.547001510504324
B0008539;PL009;S009;0;0.618834595133071
B0074791;PL009;S009;0;0.632606999655443
B0024322;PL009;S009;0;0.632398904125684
B0003857;PL009;S009;0;0.631783827761265
B0045908;PL009;S009;0;0.64858796524507
B0029681;PL009;S009;0;0.623317604746251
B0056417;PL009;S009;0;0.673786134109379
B0062202;PL009;S009;0;0.636335217039278
B0033345;PL009;S009;0;0.606417829511077
B0071274;PL009;S009;0;0.605806662848604
B0033809;PL009;S009;0;0.659437790215717
B0034164;PL009;S009;0;0.643010256748355
B0019492;PL009;S009;0;0.627690928492186
B0035789;PL009;S009;0;0.65524930156175
B0066967;PL009;S009;0;0.691995715642025
B0035006;PL009;S009;0;0.634865173095888
B0062218;PL009;S009;0;0.587320141849307
B0014680;PL009;S009;0;0.565326988505628
B0036547;PL009;S009;0;0.647526335493949
B0023475;PL009;S009;0;0.63393525002753
B0007895;PL009;S009;0;0.652899983554758
B0060149;PL009;S009;0;0.624839556396365
B0070543;PL009;S009;0;0.62688340592038
B0007530;PL009;S009;0;0.597311592339644
B0025496;PL009;S009;0;0.631611009330734
B0054683;PL009;S009;0;0.535932201876949
B0025306;PL009;S009;0;0.632951009945885
B0034649;PL009;S009;0;0.629460349581526
B0019687;PL009;S009;0;0.618433156435892
B0056895;PL009;S009;0;0.644259500101512
B0012710;PL009;S009;0;0.61943124766742
B0016718;PL009;S009;0;0.594422143179285
B0049144;PL009;S009;0;0.64294765941713
B0004105;PL009;S009;0;0.559684964979668
B0015898;PL009;S009;0;0.549262764445206
B0048658;PL009;S009;0;0.595913620219047
B0017575;PL009;S009;0;0.307849694501503
B0045771;PL009;S009;0;0.435749167289737
B0024484;PL009;S009;0;0.621971592671245
B0051516;PL009;S009;0;0.602309978462387
B0026611;PL009;S009;0;0.652462286606399
B0027364;PL009;S009;0;0.571801033477113
B0019299;PL009;S009;0;0.615616437377243
B0062400;PL009;S009;0;0.624787752808934
B0065692;PL009;S009;0;0.669153877319805
B0011262;PL009;S009;0;0.62029796400383
B0030653;PL009;S009;0;0.622788094545875
B0029822;PL009;S009;0;0.624699768783775
B0051120;PL009;S009;0;0.618574231719065
B0016196;PL009;S009;0;0.595479742817273
B0004940;PL009;S009;0;0.523424732558513
B0048502;PL009;S009;0;0.570702176167187
B0026137;PL009;S009;0;0.540841684167734
B0052288;PL009;S009;0;0.723760347155849
B0010999;PL009;S009;0;0.49490586046803
B0045159;PL009;S009;0;0.595638496069429
B0015963;PL009;S009;0;0.461226100872656
B0064398;PL009;S009;0;0.569963501712692
B0041854;PL009;S009;0;0.291470708581586
B0022392;PL009;S009;0;0.422140397610318
B0007902;PL009;S009;0;0.533035243693893
B0069467;PL009;S009;0;0.624798450852536
B0066882;PL009;S009;0;0.702855194271205
B0038149;PL009;S009;0;0.647575798267744
B0031188;PL009;S009;0;0.623454936949738
B0059516;PL009;S009;0;0.623023474122025
B0040506;PL009;S009;0;0.627900031743817
B0052472;PL009;S009;0;0.603772553691159
B0004462;PL009;S009;0;0.607686466280388
B0021044;PL009;S009;0;0.632960118990118
B0036954;PL009;S009;0;0.616974527377789
B0037480;PL009;S009;0;0.612799996577592
B0010512;PL009;S009;0;0.625007098881555
B0073477;PL009;S009;0;0.594094505152062
B0048234;PL009;S009;0;0.611579755567817
B0025474;PL009;S009;0;0.677160545388715
B0045110;PL009;S009;0;0.616102561636479
B0050461;PL009;S009;0;0.659411433309745
B0066269;PL009;S009;0;0.592025331402993
B0008346;PL009;S009;0;0.634643896257232
B0014756;PL009;S009;0;0.542828056803844
B0017573;PL009;S009;0;0.630061056759435
B0063893;PL009;S009;0;0.627673637509685
B0038883;PL009;S009;0;0.610840195197558
B0048616;PL009;S009;0;0.46418711024058
B0013224;PL009;S009;0;0.594742371636405
B0031650;PL009;S009;0;0.597267161156216
B0050331;PL009;S009;0;0.637904199497683
B0043938;PL009;S009;0;0.634250094602322
B0041237;PL009;S009;0;0.596930591677906
B0068305;PL009;S009;0;0.607440667998594
B0034752;PL009;S009;0;0.634970769478741
B0003878;PL009;S009;0;0.650532249495112
B0016968;PL009;S009;0;0.634403337897653
B0032227;PL009;S009;0;0.618867731691299
B0027609;PL009;S009;0;0.606749271595823
B0021412;PL009;S009;0;0.620818145066885
B0066765;PL009;S009;0;0.611665079526893
B0052304;PL009;S009;0;0.620439939605161
B0000564;PL009;S009;0;0.640668965592475
B0008244;PL009;S009;0;0.61879809015535
B0015284;PL009;S009;0;0.667790236947376
B0007617;PL009;S009;0;0.600982159244208
B0053773;PL009;S009;0;0.649300706262398
B0055315;PL009;S009;0;0.608419824034953
B0028837;PL009;S009;0;0.633699506263552
B0021469;PL009;S009;0;0.658349621530486
B0023663;PL009;S009;0;0.629567039082996
B0016599;PL009;S009;0;0.620817497410215
B0060472;PL009;S009;0;0.620817497410215
B0023324;PL009;S009;0;0.622146738493681
B0006752;PL009;S009;0;0.601038935654449
B0046410;PL009;S009;0;0.586586455214203
B0015093;PL009;S009;0;0.539212588193401
B0047598;PL009;S009;0;0.60238626616001
B0061510;PL009;S009;0;0.618042453097713
B0024274;PL009;S009;0;0.663323820081505
B0059269;PL009;S009;0;0.607959957004493
B0000447;PL009;S009;0;0.610582012693947
B0008936;PL009;S009;0;0.611934720503946
B0027394;PL009;S009;0;0.635887952324433
B0058137;PL009;S009;0;0.591460750960668
B0022955;PL009;S009;0;0.625384916197565
B0021897;PL009;S009;0;0.623324801030595
B0044374;PL009;S009;0;0.667957626974368
B0033863;PL009;S009;0;0.586438228683851
B0004785;PL009;S009;0;0.61190379728503
B0051244;PL009;S009;0;0.774268888857706
B0056420;PL009;S009;0;0.775068973165628
B0065509;PL009;S009;0;0.644546840217085
B0057105;PL009;S009;0;0.763517154608865
B0015512;PL009;S009;0;0.636408295166328
B0005688;PL009;S009;0;0.606679378981706
B0049685;PL009;S009;0;0.669315267406307
B0033594;PL009;S009;0;0.634764084384164
B0004818;PL009;S009;0;0.601506765611464
B0006633;PL009;S009;0;0.550549572988974
B0057478;PL009;S009;0;0.69813503260546
B0031536;PL009;S009;0;0.611341777556061
B0052296;PL009;S009;0;0.621593663669223
B0050975;PL009;S009;0;0.630532995567269
B0002284;PL009;S009;0;0.614491043161293
B0018664;PL009;S006;0;0.236376587252708
B0027839;PL009;S006;0;0.649085066705147
B0030841;PL009;S006;0;0.611842167586299
B0022489;PL009;S006;0;0.619512133109439
B0018073;PL009;S006;0;0.675733419843519
B0016481;PL009;S006;0;0.597366571519355
B0064801;PL009;S006;0;0.613296282280418
B0037419;PL009;S006;0;0.641488713917452
B0004910;PL009;S006;0;0.657586770246083
B0025527;PL009;S006;0;0.671631492209506
B0044779;PL009;S006;0;0.652379382171369
B0058606;PL009;S006;0;0.608655094908347
B0004136;PL009;S006;0;0.632760832455016
B0003066;PL009;S006;0;0.597591915566514
B0043778;PL009;S006;0;0.618852301925305
B0068333;PL009;S006;0;0.583236264853687
B0028347;PL009;S006;0;0.627251800505482
B0066293;PL009;S006;0;0.648545637693736
B0016766;PL009;S006;0;0.595357172996124
B0041220;PL009;S006;0;0.600513880273421
B0055470;PL009;S006;0;0.602603389796646
B0040175;PL009;S006;0;0.673882484953475
B0061953;PL009;S006;0;0.651281914206346
B0036535;PL009;S006;0;0.636370961421305
B0055568;PL009;S006;0;0.64654449504682
B0036441;PL009;S006;0;0.60020556500602
B0069711;PL009;S006;0;0.561589321191095
B0027346;PL009;S006;0;0.622629914867113
B0057734;PL009;S006;0;0.629614230037771
B0074196;PL009;S006;0;0.620411876712583
B0074251;PL009;S006;0;0.644756276617089
B0035568;PL009;S006;0;0.661096027621052
B0064305;PL009;S006;0;0.583388333972064
B0063615;PL009;S006;0;0.630260154297221
B0064612;PL009;S006;0;0.576843579164678
B0031189;PL009;S006;0;0.631924684633885
B0021917;PL009;S006;0;0.64931020026945
B0035899;PL009;S006;0;0.67782047511905
B0004678;PL009;S006;0;0.660353072390422
B0049593;PL009;S006;0;0.634951074283665
B0036182;PL009;S006;0;0.659455365298918
B0006906;PL009;S006;0;0.62376182639744
B0072973;PL009;S006;0;0.640387076531531
B0023642;PL009;S006;0;0.659818719115594
B0035592;PL009;S006;0;0.612181399810772
B0006784;PL009;S006;0;0.6205013220433
B0009320;PL009;S006;0;0.621057360507175
B0042803;PL009;S006;0;0.635523074254497
B0006521;PL009;S006;0;0.58101529710221
B0066394;PL009;S006;0;0.633169086476929
B0071484;PL009;S006;0;0.62838731805431
B0028611;PL009;S006;0;0.709203575583447
B0013271;PL009;S006;0;0.655911877996225
B0057861;PL009;S006;0;0.640590245434748
B0065955;PL009;S006;0;0.643450122299495
B0065951;PL009;S006;0;0.67016451482145
B0019071;PL009;S006;0;0.633594459219834
B0007790;PL009;S006;0;0.625638280902943
B0060387;PL009;S006;0;0.602184633385043
B0058759;PL009;S006;0;0.559153588529204
B0063049;PL009;S006;0;0.629734487860669
B0009015;PL009;S006;0;0.654785678122238
B0030167;PL009;S006;0;0.642327498985661
B0030046;PL009;S006;0;0.598801714274587
B0000868;PL009;S006;0;0.643245693265009
B0023500;PL009;S006;0;0.657403044133708
B0045454;PL009;S006;0;0.623545244177026
B0011407;PL009;S006;0;0.65870641901264
B0029503;PL009;S006;0;0.673882484953475
B0067067;PL009;S006;0;0.633675981818315
B0025979;PL009;S006;0;0.651174068909209
B0014774;PL009;S006;0;0.703771567406574
B0000189;PL009;S006;0;0.648417237747248
B0062909;PL009;S006;0;0.63325225621798
B0023514;PL009;S006;0;0.624350357482565
B0001458;PL009;S006;0;0.571350336055754
B0073411;PL009;S006;0;0.656804095066784
B0022783;PL009;S006;0;0.598434641322
B0027091;PL009;S006;0;0.64654449504682
B0019418;PL009;S006;0;0.649761049614539
B0062473;PL009;S006;0;0.657293946030402
B0074559;PL009;S006;0;0.638971432709014
B0012263;PL009;S006;0;0.608221979708837
B0008102;PL009;S006;0;0.633667495403604
B0058629;PL009;S006;0;0.654014313041619
B0048153;PL009;S006;0;0.657340555941067
B0040418;PL009;S006;0;0.656384564761442
B0001903;PL009;S006;0;0.667577152773639
B0028446;PL009;S006;0;0.705633523430087
B0022858;PL009;S006;0;0.611251507629934
B0028081;PL009;S006;0;0.405816430162451
B0003435;PL009;S006;0;0.575508290340927
B0008863;PL009;S006;0;0.698729838405831
B0013061;PL009;S006;0;0.631497957829961
B0010522;PL009;S006;0;0.650547070474772
B0006853;PL009;S006;0;0.662877090206738
B0051902;PL009;S006;0;0.589343609803021
B0054203;PL009;S006;0;0.629253195381816
B0065950;PL009;S006;0;0.659966770481064
B0040065;PL009;S006;0;0.663759268059577
B0055970;PL009;S006;0;0.670390765762495
B0016089;PL009;S006;0;0.652390993101707
B0048396;PL009;S006;0;0.654669853288306
B0024692;PL009;S006;0;0.642981484627433
B0008114;PL009;S006;0;0.66102221966574
B0017953;PL009;S006;0;0.666927830707545
B0032060;PL009;S006;0;0.644421591549625
B0004729;PL009;S006;0;0.654975130137527
B0055745;PL009;S006;0;0.642952885105965
B0021168;PL009;S006;0;0.655888068036496
B0024904;PL009;S006;0;0.636515951678633
B0005379;PL009;S006;0;0.688395912454489
B0068638;PL009;S006;0;0.635039241871822
B0047299;PL009;S006;0;0.648103400471826
B0061286;PL009;S006;0;0.67002714438964
B0046333;PL009;S006;0;0.641354098396741
B0071166;PL009;S006;0;0.648437251444859
B0012160;PL009;S006;0;0.650243177426249
B0069954;PL009;S006;0;0.661696011798089
B0008262;PL009;S006;0;0.638563717304678
B0022378;PL009;S006;0;0.629402022767569
B0064984;PL009;S006;0;0.632576978091497
B0008599;PL009;S006;0;0.636995862409807
B0071297;PL009;S006;0;0.657944686380044
B0025839;PL009;S006;0;0.618215361844779
B0053447;PL009;S006;0;0.592620554227137
B0008187;PL009;S006;0;0.622540331264406
B0036631;PL009;S006;0;0.705357797749937
B0047274;PL009;S006;0;0.619829710437493
B0060186;PL009;S006;0;0.592122231816742
B0030296;PL009;S006;0;0.678895303237769
B0040043;PL009;S006;0;0.636294863580366
B0065028;PL009;S006;0;0.635714627291453
B0050976;PL009;S006;0;0.660464631748358
B0028915;PL009;S006;0;0.634801068888114
B0036353;PL009;S006;0;0.620483125566591
B0030471;PL009;S006;0;0.655982366346738
B0062615;PL009;S006;0;0.640771488931144
B0002509;PL009;S006;0;0.617466551164911
B0045123;PL009;S006;0;0.610732440478115
B0057279;PL009;S006;0;0.620258674438204
B0033725;PL009;S006;0;0.636045416357762
B0005550;PL009;S006;0;0.627077482164699
B0016890;PL009;S006;0;0.605777592446139
B0005184;PL009;S006;0;0.630615119149846
B0012168;PL009;S006;0;0.59736971472952
B0037920;PL009;S006;0;0.629377149106984
B0061923;PL009;S006;0;0.689350757666445
B0067872;PL009;S006;0;0.651143515919299
B0007941;PL009;S006;0;0.60612277672771
B0063576;PL009;S006;0;0.620372707977703
B0011550;PL009;S006;0;0.680098962937848
B0053544;PL009;S006;0;0.700719234644692
B0018860;PL009;S006;0;0.673158635711164
B0063880;PL009;S006;0;0.406087072189469
B0055509;PL009;S006;0;0.637647309440395
B0056016;PL009;S006;0;0.599923898124221
B0024060;PL009;S006;0;0.618271100109606
B0018748;PL009;S006;0;0.64570209191273
B0007597;PL009;S006;0;0.6381157678173
B0029945;PL009;S006;0;0.631316717391382
B0021605;PL009;S006;0;0.663455919139989
B0028738;PL009;S006;0;0.657930600687321
B0034147;PL009;S006;0;0.688395912454489
B0000378;PL009;S006;0;0.635679708018928
B0046092;PL009;S006;0;0.643702702141836
B0029626;PL009;S006;0;0.594946571711062
B0044830;PL009;S006;0;0.666762493937504
B0048524;PL009;S006;0;0.657593043964629
B0056205;PL009;S006;0;0.665498310971739
B0065712;PL009;S006;0;0.554496041973256
B0051543;PL009;S006;0;0.635632898242191
B0036377;PL009;S006;0;0.626149960624483
B0044458;PL009;S006;0;0.655245755246406
B0006904;PL009;S006;0;0.639277834692142
B0039188;PL009;S006;0;0.65388803504163
B0054765;PL009;S006;0;0.638259353381082
B0071121;PL009;S006;0;0.636441301209441
B0062889;PL009;S006;0;0.701386991794031
B0049619;PL009;S006;0;0.636607247152844
B0036762;PL009;S006;0;0.600061832984289
B0012791;PL009;S004;0;0.54580141132581
B0066886;PL009;S004;0;0.489769336380358
B0003372;PL009;S004;0;0.521017198779155
B0004177;PL009;S004;0;0.623488175939449
B0002130;PL009;S004;0;0.524096896952275
B0058304;PL009;S004;0;0.706651901358897
B0060674;PL009;S004;0;0.660427097356652
B0032230;PL009;S004;0;0.68207375833233
B0061869;PL009;S004;0;0.658658424365675
B0068205;PL009;S004;0;0.625485933840541
B0036042;PL009;S004;0;0.682400164453167
B0060419;PL009;S004;0;0.730508572308682
B0024740;PL009;S004;0;0.609963739210569
B0065255;PL009;S004;0;0.603470226333689
B0004740;PL009;S004;0;0.694790535715671
B0042731;PL009;S004;0;0.700761560320897
B0060500;PL009;S004;0;0.675005165256014
B0010536;PL009;S004;0;0.662832641481105
B0022940;PL009;S004;0;0.69142281870573
B0039737;PL009;S004;0;0.714720459390595
B0039833;PL009;S004;0;0.627460783506004
B0068922;PL009;S004;0;0.622679088197126
B0008519;PL009;S004;0;0.644405932458291
B0018321;PL009;S004;0;0.651622252286276
B0052693;PL009;S004;0;0.720636353615737
B0003315;PL009;S004;0;0.669162058616639
B0004017;PL009;S004;0;0.700735329140732
B0067671;PL009;S004;0;0.698753924165893
B0063418;PL009;S004;0;0.642852220473652
B0067905;PL009;S004;0;0.713522327009234
B0015913;PL009;S004;0;0.728505060150588
B0016178;PL009;S004;0;0.619799192470543
B0014418;PL009;S004;0;0.600026055793245
B0060804;PL009;S004;0;0.570648051119808
B0039035;PL009;S004;0;0.679611618801586
B0028299;PL009;S004;0;0.521131866109733
B0059996;PL009;S004;0;0.550954608773556
B0064681;PL009;S004;0;0.60068002419963
B0048175;PL009;S004;0;0.59593837213003
B0067928;PL009;S004;0;0.49182770288494
B0054693;PL009;S004;0;0.53423619189719
B0033260;PL009;S004;0;0.550031954870514
B0015225;PL009;S004;0;0.799549058651546
B0011160;PL009;S004;0;0.513168772812271
B0005277;PL009;S004;0;0.589183181406638
B0027136;PL009;S004;0;0.671778931421511
B0044955;PL009;S004;0;0.655403782318181
B0025198;PL009;S004;0;0.669961962583789
B0032354;PL009;S004;0;0.671548932521384
B0059907;PL009;S004;0;0.702570389563929
B0025709;PL009;S004;0;0.735498619581034
B0052125;PL009;S004;0;0.69118165337261
B0004097;PL009;S004;0;0.685796344688987
B0010731;PL009;S004;0;0.854694344632203
B0031712;PL009;S004;0;0.68123423992934
B0024440;PL009;S004;0;0.626211019548594
B0022926;PL009;S004;0;0.658570364887446
B0033496;PL009;S004;0;0.624680726316266
B0036019;PL009;S004;0;0.651746571261077
B0045949;PL009;S004;0;0.659574111267243
B0002300;PL009;S004;0;0.664602968411985
B0016482;PL009;S004;0;0.683744140772389
B0009925;PL009;S004;0;0.675560569835746
B0058788;PL009;S004;0;0.697498493166569
B0071992;PL009;S004;0;0.68932656969269
B0071267;PL009;S004;0;0.62889807438059
B0033896;PL009;S004;0;0.578185810884032
B0060298;PL009;S004;0;0.628487309026247
B0066711;PL009;S004;0;0.655698526414779
B0072143;PL009;S004;0;0.68447564439045
B0013745;PL009;S004;0;0.673244297611912
B0046399;PL009;S004;0;0.691064315970386
B0063618;PL009;S004;0;0.68538111306305
B0051951;PL009;S004;0;0.741310108317844
B0007408;PL009;S004;0;0.720923208601501
B0030616;PL009;S004;0;0.68464265025778
B0030459;PL009;S004;0;0.669487117990387
B0001471;PL009;S004;0;0.691952793843705
B0015125;PL009;S004;0;0.67826446984248
B0058894;PL009;S004;0;0.667421950636418
B0002899;PL009;S004;0;0.671595798132197
B0034203;PL009;S004;0;0.710892042170041
B0059232;PL009;S004;0;0.684830186976355
B0021639;PL009;S004;0;0.693712500111183
B0023676;PL009;S004;0;0.682849762860803
B0001142;PL009;S004;0;0.682849762860803
B0063342;PL009;S004;0;0.690730258885995
B0020555;PL009;S004;0;0.715666422565563
B0010391;PL009;S004;0;0.692173910536349
B0033773;PL009;S004;0;0.701646155790317
B0057645;PL009;S004;0;0.721716143772008
B0067084;PL009;S004;0;0.715420909289573
B0014075;PL009;S004;0;0.718891344106863
B0074272;PL009;S004;0;0.524020700522172
B0007944;PL009;S004;0;0.605323895776805
B0045126;PL009;S004;0;0.583277083346894
B0053064;PL009;S004;0;0.614194638655703
B0031848;PL009;S004;0;0.570006136569184
B0009999;PL009;S004;0;0.698334724999723
B0027401;PL009;S004;0;0.68817336932511
B0064807;PL009;S004;0;0.732218663300017
B0014981;PL009;S004;0;0.711669212717724
B0057651;PL009;S004;0;0.678516839865856
B0050114;PL009;S004;0;0.684074982082594
B0030477;PL009;S004;0;0.696139478796002
B0066128;PL009;S004;0;0.675003425419478
B0037957;PL009;S004;0;0.665519174638209
B0064463;PL009;S004;0;0.692943054316365
B0034268;PL009;S004;0;0.685007576925191
B0022202;PL009;S004;0;0.703190594145278
B0037404;PL009;S004;0;0.687282733034196
B0044489;PL009;S004;0;0.707772103247203
B0037981;PL009;S004;0;0.706814806690594
B0039399;PL009;S004;0;0.711695814285945
B0068950;PL009;S004;0;0.74226312702442
B0028452;PL009;S004;0;0.647175206118649
B0030209;PL009;S004;0;0.624522895744396
B0035308;PL009;S004;0;0.653704171453145
B0073544;PL009;S004;0;0.63208627143032
B0006771;PL009;S004;0;0.621981872924817
B0048523;PL009;S004;0;0.635873977579879
B0052583;PL009;S004;0;0.619552253201286
B0042262;PL009;S004;0;0.677388613884294
B0058685;PL009;S004;0;0.66404818503034
B0049089;PL009;S004;0;0.683590997647457
B0065216;PL009;S004;0;0.660346253057275
B0044838;PL009;S004;0;0.695264975235865
B0006793;PL009;S004;0;0.639355818277113
B0059055;PL009;S004;0;0.656105462716554
B0009065;PL009;S004;0;0.636767890637527
B0059749;PL009;S004;0;0.654313500360889
B0011356;PL009;S004;0;0.381100513065419
B0038610;PL009;S004;0;0.387868916123966
B0050949;PL009;S004;0;0.670805790519996
B0028319;PL009;S004;0;0.669855824354938
B0005832;PL009;S004;0;0.665233112304997
B0011954;PL009;S004;0;0.633071929576972
B0061244;PL009;S004;0;0.666842061657363
B0010260;PL009;S004;0;0.640689954383361
B0043712;PL009;S004;0;0.641872351160133
B0071041;PL009;S004;0;0.641872351160133
B0015624;PL009;S004;0;0.761267490038444
B0009321;PL009;S004;0;0.668604077659518
B0043017;PL009;S004;0;0.695141053970291
B0066786;PL009;S004;0;0.672605173901146
B0000454;PL009;S004;0;0.694684608257432
B0031759;PL009;S004;0;0.702946606425666
B0005487;PL009;S004;0;0.713468247831105
B0061439;PL009;S004;0;0.714424068449202
B0008320;PL009;S004;0;0.714815968351157
B0000103;PL009;S004;0;0.651674928019363
B0018343;PL009;S004;0;0.772049063259588
B0043709;PL009;S004;0;0.643938902102542
B0002588;PL009;S004;0;0.655465122206975
B0070865;PL009;S004;0;0.691247475914695
B0035601;PL009;S004;0;0.668724438070715
B0028010;PL009;S004;0;0.64639344182668
B0049796;PL009;S004;0;0.640916583465394
B0066913;PL009;S004;0;0.727326420369584
B0024768;PL009;S004;0;0.714839255067085
B0032415;PL009;S004;0;0.682730868184393
B0054629;PL009;S004;0;0.715167928704318
B0072321;PL009;S004;0;0.695917167336598
B0000735;PL009;S004;0;0.706814806690594
B0017267;PL009;S004;0;0.661446628422296
B0072723;PL009;S004;0;0.710190906097122
B0055127;PL009;S004;0;0.715093109216329
B0048961;PL009;S004;0;0.686081310322575
B0009386;PL009;S004;0;0.703259870551778
B0011474;PL009;S004;0;0.661844134258047
B0004093;PL009;S004;0;0.697264532633641
B0056021;PL009;S004;0;0.691214639421398
B0014806;PL009;S004;0;0.708542232748411
B0032425;PL009;S004;0;0.661669023138564
B0070038;PL009;S004;0;0.656523285721486
B0057756;PL009;S004;0;0.650520882826001
B0046020;PL009;S004;0;0.684958423366032
B0004376;PL009;S004;0;0.686157865490652
B0011350;PL009;S004;0;0.699591318437655
B0034792;PL009;S004;0;0.660570782323239
B0043389;PL009;S004;0;0.699134893292817
B0044966;PL009;S004;0;0.670960432332905
B0027264;PL009;S004;0;0.680089841120044
B0052869;PL009;S004;0;0.704780391243767
B0050196;PL009;S004;0;0.670905460629882
B0045271;PL009;S004;0;0.680925333488514
B0040640;PL009;S004;0;0.649884361669458
B0004364;PL009;S001;0;0.738699604609387
B0049674;PL009;S001;0;0.638334986438684
B0069294;PL009;S001;0;0.759682618100182
B0058441;PL009;S001;0;0.686610268742825
B0025024;PL009;S001;0;0.680502723022903
B0060277;PL009;S001;0;0.640512370376974
B0040786;PL009;S001;0;0.662308656417409
B0066727;PL009;S001;0;0.652406547358148
B0045761;PL009;S001;0;0.650930055841477
B0040139;PL009;S001;0;0.650930055841477
B0049883;PL009;S001;0;0.687051089841419
B0017884;PL009;S001;0;0.706783518494049
B0012728;PL009;S001;0;0.714653237214848
B0051383;PL009;S001;0;0.62930115252094
B0007388;PL009;S001;0;0.582448243986548
B0071672;PL009;S001;0;0.607960546121242
B0068704;PL009;S001;0;0.666762396705469
B0002783;PL009;S001;0;0.667913101321133
B0043429;PL009;S001;0;0.674142428264995
B0000851;PL009;S001;0;0.675192147883329
B0036767;PL009;S001;0;0.630370555590982
B0012650;PL009;S001;0;0.63849509186101
B0045338;PL009;S001;0;0.614786112579699
B0069209;PL009;S001;0;0.644417748449568
B0039015;PL009;S001;0;0.618618498034517
B0001259;PL009;S001;0;0.633005513366618
B0008157;PL009;S001;0;0.646424918370321
B0074221;PL009;S001;0;0.672918478104539
B0006739;PL009;S001;0;0.619477371178215
B0052986;PL009;S001;0;0.617550096308757
B0015349;PL009;S001;0;0.636916680296233
B0065411;PL009;S001;0;0.669003190763752
B0021445;PL009;S001;0;0.6870655732472
B0021190;PL009;S001;0;0.665734750825464
B0014935;PL009;S001;0;0.676958755986725
B0005018;PL009;S001;0;0.630744636006415
B0058831;PL009;S001;0;0.659043954141309
B0058850;PL009;S001;0;0.690107076792551
B0017236;PL009;S001;0;0.67277950268073
B0053895;PL009;S001;0;0.616814897810273
B0025609;PL009;S001;0;0.620938266825591
B0052702;PL009;S001;0;0.621636789536518
B0068137;PL009;S001;0;0.674163141677063
B0042979;PL009;S001;0;0.682770241678401
B0073527;PL009;S001;0;0.642781369876975
B0073313;PL009;S001;0;0.636522066140806
B0065366;PL009;S001;0;0.645332795916914
B0013507;PL009;S001;0;0.56705542648495
B0064697;PL009;S001;0;0.674935221461972
B0008835;PL009;S001;0;0.799234403804866
B0008680;PL009;S001;0;0.640141234557623
B0068147;PL009;S001;0;0.654817696401788
B0045773;PL009;S001;0;0.657345038236494
B0069704;PL009;S001;0;0.67363443998769
B0025307;PL009;S001;0;0.675192147883329
B0019519;PL009;S001;0;0.623001723626289
B0056959;PL009;S001;0;0.629566976867578
B0048690;PL009;S001;0;0.594913674292449
B0072669;PL009;S001;0;0.609148452584381
B0015013;PL009;S001;0;0.638265534079167
B0054353;PL009;S001;0;0.617806594265628
B0022282;PL009;S001;0;0.629354306625141
B0020070;PL009;S001;0;0.625078910549248
B0071890;PL009;S001;0;0.640016290928478
B0066352;PL009;S001;0;0.674691173551376
B0012549;PL009;S001;0;0.759365831601534
B0029088;PL009;S001;0;0.773207290164473
B0007994;PL009;S001;0;0.643491117156737
B0053088;PL009;S001;0;0.661923662615534
B0019462;PL009;S001;0;0.647887885618499
B0058949;PL009;S001;0;0.533301455334018
B0056329;PL009;S001;0;0.67232589107064
B0059105;PL009;S001;0;0.606444522641885
B0017785;PL009;S001;0;0.638299538896437
B0007904;PL009;S001;0;0.601650524317159
B0019417;PL009;S001;0;0.608988552414442
B0006504;PL009;S001;0;0.687660326038339
B0009776;PL009;S001;0;0.67495099113552
B0073143;PL009;S001;0;0.630572674674951
B0036318;PL009;S001;0;0.625212611284198
B0035163;PL009;S001;0;0.569671183145317
B0069460;PL009;S001;0;0.682039113907963
B0051646;PL009;S001;0;0.672213050083297
B0069813;PL009;S001;0;0.651916695376768
B0068492;PL009;S001;0;0.651916695376768
B0070901;PL009;S001;0;0.664343578221416
B0038563;PL009;S001;0;0.642630251265829
B0056545;PL009;S001;0;0.630751184457014
B0036733;PL009;S001;0;0.666440425215047
B0021213;PL009;S001;0;0.623230154633035
B0035754;PL009;S001;0;0.660179756334296
B0054289;PL009;S001;0;0.652624195075784
B0035505;PL009;S001;0;0.652624195075784
B0011297;PL009;S001;0;0.65884599021481
B0056686;PL009;S001;0;0.69477690078063
B0005994;PL009;S001;0;0.67033930936913
B0024515;PL009;S001;0;0.626448789002368
B0028403;PL009;S001;0;0.662379739793978
B0055483;PL009;S001;0;0.666080503829781
B0057882;PL009;S001;0;0.642195411971806
B0041484;PL009;S001;0;0.638970857972001
B0027814;PL009;S001;0;0.636136121694604
B0046682;PL009;S001;0;0.661927263849261
B0042138;PL009;S001;0;0.697372597919737
B0030877;PL009;S001;0;0.685537230814673
B0044263;PL009;S001;0;0.667286286269856
B0066225;PL009;S001;0;0.597277538056584
B0065559;PL009;S001;0;0.598938472110869
B0051847;PL009;S001;0;0.716320467897264
B0074588;PL009;S001;0;0.704132789292747
B0064190;PL009;S001;0;0.718141489923743
B0062727;PL009;S001;0;0.677162805014985
B0038578;PL009;S001;0;0.677162805014985
B0044123;PL009;S001;0;0.598383539870711
B0023681;PL009;S001;0;0.645099017755007
B0058708;PL009;S001;0;0.661005195063141
B0014377;PL009;S001;0;0.635552448567426
B0054804;PL009;S001;0;0.578166323992956
B0018093;PL009;S001;0;0.679930125078989
B0001216;PL009;S001;0;0.664815084013476
B0059570;PL009;S001;0;0.647559226701645
B0035785;PL009;S001;0;0.644562814358501
B0032927;PL009;S001;0;0.678325160916134
B0070815;PL009;S001;0;0.691024979590158
B0044468;PL009;S001;0;0.699487359942867
B0042456;PL009;S001;0;0.689081403980661
B0030930;PL009;S001;0;0.695663306993236
B0017686;PL009;S001;0;0.680796234373611
B0039395;PL009;S001;0;0.694603104942293
B0067460;PL009;S001;0;0.655778829835588
B0020913;PL009;S001;0;0.569039455243141
B0063380;PL009;S001;0;0.654170789004714
B0025256;PL009;S001;0;0.630726450235175
B0002717;PL009;S001;0;0.649182229096839
B0018763;PL009;S001;0;0.639471524148301
B0024878;PL009;S001;0;0.67106311546296
B0071313;PL009;S001;0;0.622657493261426
B0065884;PL009;S001;0;0.632851505176598
B0040251;PL009;S001;0;0.661664981816365
B0070088;PL009;S001;0;0.633863579688046
B0074567;PL009;S001;0;0.648746790815616
B0036198;PL009;S001;0;0.606928187198014
B0060519;PL009;S001;0;0.682434167489836
B0054638;PL009;S001;0;0.679909057959677
B0040540;PL009;S001;0;0.697871933434
B0014661;PL009;S001;0;0.798427143367115
B0051848;PL009;S001;0;0.686052913963638
B0050390;PL009;S001;0;0.657103000180347
B0014993;PL009;S001;0;0.674312295857368
B0061080;PL009;S001;0;0.639194861004331
B0064177;PL009;S001;0;0.622858462737749
B0037973;PL009;S001;0;0.613951871259491
B0060165;PL009;S001;0;0.61469064352182
B0032385;PL009;S001;0;0.61150151179625
B0021764;PL009;S001;0;0.719952942240723
B0008977;PL009;S001;0;0.667613379137383
B0030562;PL009;S001;0;0.661589049402407
B0023428;PL009;S001;0;0.613464626172035
B0054115;PL009;S001;0;0.634995985113677
B0016059;PL009;S001;0;0.633236808307155
B0040303;PL009;S001;0;0.65419428576522
B0053679;PL009;S001;0;0.672410015275493
B0003323;PL009;S001;0;0.704486941644342
B0072863;PL009;S001;0;0.636074839108719
B0045374;PL009;S001;0;0.646673596432052
B0018756;PL009;S001;0;0.658802067426879
B0038596;PL009;S001;0;0.70313435847639
B0073880;PL009;S001;0;0.681624850358925
B0060411;PL009;S001;0;0.695006279454765
B0055075;PL009;S001;0;0.688972895289096
B0044179;PL009;S001;0;0.65215690381906
B0062575;PL009;S001;0;0.704615803774117
B0063287;PL009;S001;0;0.680312669202986
B0050494;PL009;S001;0;0.655024833562635
B0048721;PL009;S001;0;0.76334669589522
B0029875;PL009;S001;0;0.644869812296998
B0033845;PL009;S001;0;0.668805012854821
B0024567;PL009;S001;0;0.689312123392333
B0006157;PL009;S001;0;0.677128371304996
B0020799;PL009;S001;0;0.676214434919369
B0042429;PL009;S001;0;0.687205157461503
B0045135;PL009;S001;0;0.689522499081889
B0032742;PL009;S001;0;0.629011041925514
B0005900;PL009;S001;0;0.643389885342289
B0039312;PL009;S001;0;0.63274593454662
B0055311;PL009;S001;0;0.643398219097236
B0039684;PL009;S001;0;0.642053913884817
B0062289;PL009;S001;0;0.650346813627234
B0049941;PL009;S001;0;0.598385354080552
B0007604;PL009;S001;0;0.601832682498035
B0063174;PL009;S001;0;0.637760956996495
B0002210;PL009;S001;0;0.665881620866698
B0021661;PL009;S001;0;0.578717190488267
B0017541;PL009;S001;0;0.441446395400389
B0034205;PL009;S001;0;0.669984681856465
B0058544;PL009;S001;0;0.66457330939633
B0069648;PL009;S001;0;0.630986446737718
B0040232;PL009;S001;0;0.65119792157023
B0041081;PL009;S001;0;0.667490270693163
B0055530;PL009;S001;0;0.683025486233678
B0006466;PL009;S001;0;0.681070994401011
B0006569;PL009;S001;0;0.64102697846476
B0005232;PL009;S001;0;0.630726450235175
B0030004;PL009;S001;0;0.66448238241717
B0063235;PL009;S001;0;0.638538877643038
B0035431;PL009;S001;0;0.609000849792778
B0040276;PL009;S001;0;0.647403934864655
B0016271;PL009;S001;0;0.567128381042139
B0045435;PL009;S001;0;0.69192141820177
B0038478;PL009;S001;0;0.6704415676113
B0066858;PL009;S001;0;0.575174049848853
B0058883;PL009;S001;0;0.643904193307534
B0062968;PL009;S001;0;0.649617513289322
B0018422;PL009;S001;0;0.6727807553645
B0058181;PL009;S001;0;0.62127147614007
B0032912;PL009;S001;0;0.671932667871097
B0006479;PL009;S001;0;0.665922828890819
B0020443;PL009;S001;0;0.650224396007213
B0058422;PL009;S001;0;0.695661108993152
B0012147;PL009;S001;0;0.681660868978834
B0044644;PL009;S001;0;0.711325306520861
B0050426;PL009;S001;0;0.553775060233923
B0008880;PL009;S001;0;0.594314612064596
B0022382;PL009;S001;0;0.608361575617309
B0022277;PL009;S001;0;0.603619458742651
B0041823;PL009;S001;0;0.650486190763477
B0003927;PL009;S003;0;0.433174270285636
B0049456;PL009;S003;0;0.516947896344676
B0071798;PL009;S003;0;0.568253987392869
B0073888;PL009;S003;0;0.55239138629853
B0046251;PL009;S003;0;0.551726821167568
B0050440;PL009;S003;0;0.549343982978201
B0018265;PL009;S003;0;0.696976570815091
B0016905;PL009;S003;0;0.645025652194638
B0007834;PL009;S003;0;0.698733551331761
B0058873;PL009;S003;0;0.688039226351368
B0032727;PL009;S003;0;0.641425611458102
B0006244;PL009;S003;0;0.700061123453449
B0014877;PL009;S003;0;0.617915625787417
B0025820;PL009;S003;0;0.671045853166185
B0030689;PL009;S003;0;0.600860960871258
B0046655;PL009;S003;0;0.614012253012957
B0035533;PL009;S003;0;0.610199590057681
B0048478;PL009;S003;0;0.639654220163001
B0024769;PL009;S003;0;0.653005135955516
B0063891;PL009;S003;0;0.66828002449187
B0071669;PL009;S003;0;0.639025529107934
B0074249;PL009;S003;0;0.609152203314198
B0015920;PL009;S003;0;0.606659203133308
B0030797;PL009;S003;0;0.634981796765154
B0047895;PL009;S003;0;0.628072404485702
B0023579;PL009;S003;0;0.639712453811749
B0053041;PL009;S003;0;0.620820159890818
B0048540;PL009;S003;0;0.649356354784866
B0024895;PL009;S003;0;0.637607542164633
B0034152;PL009;S003;0;0.631812618844233
B0060296;PL009;S003;0;0.594379933499879
B0066572;PL009;S003;0;0.644318417693754
B0013288;PL009;S003;0;0.665263538999737
B0051401;PL009;S003;0;0.6100191001273
B0001237;PL009;S003;0;0.620940800512538
B0039344;PL009;S003;0;0.629821808475154
B0019191;PL009;S003;0;0.652155071671192
B0030776;PL009;S003;0;0.632171047663366
B0012213;PL009;S003;0;0.658281348969405
B0038410;PL009;S003;0;0.656376207115728
B0028633;PL009;S003;0;0.600860960871258
B0047757;PL009;S003;0;0.571838974613808
B0059189;PL009;S003;0;0.67160747567827
B0006865;PL009;S003;0;0.649871654114195
B0040298;PL009;S003;0;0.623543255818696
B0063378;PL009;S003;0;0.688789007685618
B0024057;PL009;S003;0;0.649734259736465
B0046597;PL009;S003;0;0.619410786365739
B0038913;PL009;S003;0;0.632802973202156
B0067266;PL009;S003;0;0.751134290914479
B0027549;PL009;S003;0;0.653916279385056
B0033221;PL009;S003;0;0.688845067156252
B0055425;PL009;S003;0;0.635989595116035
B0038463;PL009;S003;0;0.616427594590993
B0030911;PL009;S003;0;0.666819550593219
B0030952;PL009;S003;0;0.63419745906613
B0007788;PL009;S003;0;0.636265690514604
B0070572;PL009;S003;0;0.647595311944527
B0028138;PL009;S003;0;0.668817832547723
B0004399;PL009;S003;0;0.761833981146661
B0015423;PL009;S003;0;0.669137860221627
B0020537;PL009;S003;0;0.613095548220705
B0006073;PL009;S003;0;0.69012238940685
B0002111;PL009;S003;0;0.715083958340616
B0026342;PL009;S003;0;0.66109270608387
B0049503;PL009;S003;0;0.669560627841325
B0054941;PL009;S003;0;0.629440124153601
B0049228;PL009;S003;0;0.716247307191585
B0035684;PL009;S003;0;0.67597248670619
B0050555;PL009;S003;0;0.651609399134184
B0054925;PL009;S003;0;0.629144622948964
B0042759;PL009;S003;0;0.621958562673755
B0045492;PL009;S003;0;0.576533898848535
B0033097;PL009;S003;0;0.624980096284337
B0008855;PL009;S003;0;0.666937875901621
B0072786;PL009;S003;0;0.628805178225256
B0070551;PL009;S003;0;0.667144515627046
B0027973;PL009;S003;0;0.670390983815488
B0016370;PL009;S003;0;0.659799128448037
B0045520;PL009;S003;0;0.728176343323651
B0070030;PL009;S003;0;0.644949809993615
B0005571;PL009;S003;0;0.613871328022523
B0033618;PL009;S003;0;0.577874288025948
B0021831;PL009;S003;0;0.630740129311393
B0013390;PL009;S003;0;0.625999933700972
B0025149;PL009;S003;0;0.641742619573941
B0017702;PL009;S003;0;0.657323734065233
B0048163;PL009;S003;0;0.600995640526059
B0067044;PL009;S003;0;0.658264820486283
B0057179;PL009;S003;0;0.552696622706707
B0044005;PL009;S003;0;0.590573126170209
B0002662;PL009;S003;0;0.660543794446347
B0040755;PL009;S003;0;0.667207664503128
B0034210;PL009;S003;0;0.694856700756681
B0070869;PL009;S003;0;0.605936973880701
B0029537;PL009;S003;0;0.622624162402616
B0008699;PL009;S003;0;0.633042636891864
B0049952;PL009;S003;0;0.644352545433368
B0069089;PL009;S003;0;0.643689173158185
B0073855;PL009;S003;0;0.675594057472026
B0065153;PL009;S003;0;0.635764911758642
B0041653;PL009;S003;0;0.659804092475319
B0000752;PL009;S003;0;0.7294206176174
B0052259;PL009;S003;0;0.681365535796121
B0029948;PL009;S003;0;0.682047673674626
B0044258;PL009;S003;0;0.637244543566609
B0015157;PL009;S003;0;0.690400468410404
B0069930;PL009;S003;0;0.612421000120991
B0026760;PL009;S003;0;0.632286901962497
B0041849;PL009;S003;0;0.597493144101472
B0039222;PL009;S003;0;0.634815044433433
B0060152;PL009;S003;0;0.65255929218799
B0031851;PL009;S003;0;0.627880321498741
B0027278;PL009;S003;0;0.743252282284069
B0056266;PL009;S003;0;0.38785821188175
B0057481;PL009;S003;0;0.413193220616146
B0052170;PL009;S003;0;0.642324856562208
B0000092;PL009;S003;0;0.700468648855827
B0059978;PL009;S003;0;0.622610820951939
B0062217;PL009;S003;0;0.635565428372864
B0038261;PL009;S003;0;0.663950849018716
B0028952;PL009;S003;0;0.678191170205988
B0070204;PL009;S003;0;0.678191170205988
B0061471;PL009;S003;0;0.66111098785014
B0066957;PL009;S003;0;0.697751554166946
B0058872;PL009;S003;0;0.650550832541102
B0021045;PL009;S003;0;0.613605417489338
B0069923;PL009;S003;0;0.666419119078372
B0062388;PL009;S003;0;0.670804173775232
B0043208;PL009;S003;0;0.652123826827023
B0050597;PL009;S003;0;0.619840825531059
B0009569;PL009;S003;0;0.688814921116117
B0044565;PL009;S003;0;0.616835838540016
B0071609;PL009;S003;0;0.613503219239547
B0028421;PL009;S003;0;0.723752873195666
B0059380;PL009;S003;0;0.62005304486974
B0029215;PL009;S003;0;0.648412359574846
B0053703;PL009;S003;0;0.654636190335098
B0052735;PL009;S003;0;0.623049686514252
B0033761;PL009;S003;0;0.629068422806123
B0055834;PL009;S003;0;0.624961432053978
B0004280;PL009;S003;0;0.677844054170102
B0032496;PL009;S003;0;0.658335089254723
B0072536;PL009;S003;0;0.613266180210102
B0064458;PL009;S003;0;0.645902878660005
B0001916;PL009;S003;0;0.642832616170405
B0014052;PL009;S003;0;0.649370772470844
B0043390;PL009;S003;0;0.634807720614508
B0057586;PL009;S003;0;0.627950057562849
B0070407;PL009;S003;0;0.649360866253868
B0031770;PL009;S003;0;0.651623361604257
B0008906;PL009;S003;0;0.647574911374323
B0058587;PL009;S003;0;0.665386242389337
B0057538;PL009;S003;0;0.630142711176642
B0006564;PL009;S003;0;0.630523965775535
B0061314;PL009;S003;0;0.629246679365771
B0044059;PL009;S003;0;0.667886554686837
B0026240;PL009;S003;0;0.623762682108859
B0027190;PL009;S003;0;0.690663254000556
B0008111;PL009;S003;0;0.64502177295491
B0026043;PL009;S003;0;0.631577298303039
B0037311;PL009;S003;0;0.628093392922873
B0050580;PL009;S003;0;0.639516471969194
B0041948;PL009;S003;0;0.658024705057392
B0061722;PL009;S003;0;0.580237839186441
B0020319;PL009;S003;0;0.618485091796706
B0020859;PL009;S003;0;0.58364508870746
B0051935;PL009;S003;0;0.595244119955596
B0003727;PL009;S003;0;0.602139577195635
B0058983;PL009;S003;0;0.610860890557184
B0023067;PL009;S003;0;0.619391280659862
B0030615;PL009;S003;0;0.609734705851881
B0071935;PL009;S003;0;0.669236427911014
B0038789;PL009;S003;0;0.65436527904958
B0073096;PL009;S003;0;0.669615146793964
B0034349;PL009;S003;0;0.661495083010967
B0036113;PL009;S003;0;0.662560088829761
B0067264;PL009;S003;0;0.602389011330194
B0026673;PL009;S003;0;0.616481105090203
B0040903;PL009;S003;0;0.619289275593559
B0044396;PL009;S003;0;0.661422744993026
B0069796;PL009;S003;0;0.657523946095275
B0059680;PL009;S003;0;0.631639866309389
B0035258;PL009;S003;0;0.636530637825371
B0041196;PL009;S003;0;0.654996673812464
B0056969;PL009;S003;0;0.631903208152835
B0058202;PL009;S003;0;0.652172037969101
B0071023;PL009;S003;0;0.673405307606132
B0046197;PL009;S003;0;0.650572796338879
B0008854;PL009;S003;0;0.604830872791358
B0028143;PL009;S003;0;0.62233277996806
B0066268;PL009;S003;0;0.714093672403937
B0048741;PL009;S003;0;0.704043665096396
B0008444;PL009;S003;0;0.642883217516834
B0067228;PL009;S003;0;0.644442476959018
B0034360;PL009;S003;0;0.649365586666329
B0058510;PL009;S003;0;0.665032939912566
B0058854;PL009;S003;0;0.675853824495101
B0043688;PL009;S003;0;0.608502852085512
B0000784;PL009;S003;0;0.641484198852196
B0070579;PL009;S003;0;0.69587838116906
B0061378;PL009;S003;0;0.552109040571879
B0011652;PL009;S003;0;0.605948297447746
B0002092;PL009;S003;0;0.683841349841811
B0019943;PL009;S003;0;0.603650725275441
B0043032;PL009;S003;0;0.666198186163277
B0044380;PL009;S003;0;0.644129899116859
B0004080;PL009;S003;0;0.696526595094279
B0062059;PL009;S003;0;0.623747564661282
B0037397;PL009;S003;0;0.633404317546976
B0041216;PL009;S003;0;0.62403649778736
B0064953;PL009;S003;0;0.615826041017333
B0050015;PL009;S003;0;0.696860787612406
B0049591;PL009;S003;0;0.642054219369435
B0039815;PL009;S003;0;0.643212084047562
B0066649;PL009;S003;0;0.669499179075101
B0005888;PL009;S003;0;0.667205944740645
B0019294;PL009;S003;0;0.59119587453819
B0047261;PL009;S003;0;0.562919523821368
B0036206;PL009;S003;0;0.677976589423295
B0074624;PL009;S003;0;0.580879081413681
B0054849;PL009;S003;0;0.611692864006622
B0009381;PL009;S003;0;0.655581288827876
B0043839;PL009;S003;0;0.634359812366314
B0012785;PL009;S003;0;0.604830872791358
B0016388;PL009;S003;0;0.665032939912566
B0002462;PL009;S003;0;0.672663922207431
B0004191;PL009;S003;0;0.687578976584745
B0003451;PL009;S003;0;0.646395766016399
B0064769;PL009;S003;0;0.666291963654069
B0018031;PL009;S003;0;0.637766987406357
B0040742;PL009;S002;0;0.592874043465267
B0018407;PL009;S002;0;0.621203116970355
B0061188;PL009;S002;0;0.638805844448627
B0006962;PL009;S002;0;0.63923018783549
B0006620;PL009;S002;0;0.648849072427972
B0054236;PL009;S002;0;0.622407418131596
B0072582;PL009;S002;0;0.642575368509999
B0007912;PL009;S002;0;0.720002278697003
B0016060;PL009;S002;0;0.68742397848902
B0054239;PL009;S002;0;0.677503212848537
B0041405;PL009;S002;0;0.653414921161668
B0011440;PL009;S002;0;0.619848179382224
B0047786;PL009;S002;0;0.620619950235564
B0036339;PL009;S002;0;0.646722295183756
B0071443;PL009;S002;0;0.662161096141008
B0057303;PL009;S002;0;0.636078081809646
B0040863;PL009;S002;0;0.654875158560604
B0063884;PL009;S002;0;0.645487289652131
B0063111;PL009;S002;0;0.633993769662253
B0050718;PL009;S002;0;0.654592175790488
B0004455;PL009;S002;0;0.600471703623941
B0001578;PL009;S002;0;0.612524899851024
B0034511;PL009;S002;0;0.599241075181745
B0053725;PL009;S002;0;0.656662205981298
B0007072;PL009;S002;0;0.619707837200206
B0063079;PL009;S002;0;0.629881057427951
B0010639;PL009;S002;0;0.619076049078998
B0001297;PL009;S002;0;0.624625717416164
B0026314;PL009;S002;0;0.675527494790656
B0002559;PL009;S002;0;0.668003118034954
B0021593;PL009;S002;0;0.622434994902746
B0062520;PL009;S002;0;0.645761152344389
B0014193;PL009;S002;0;0.637515456931924
B0043992;PL009;S002;0;0.636597028240031
B0017359;PL009;S002;0;0.633839509358154
B0037164;PL009;S002;0;0.631112865619929
B0050652;PL009;S002;0;0.639137181265679
B0032358;PL009;S002;0;0.653494390200912
B0023483;PL009;S002;0;0.684149508898783
B0051899;PL009;S002;0;0.573157289606903
B0030646;PL009;S002;0;0.682153893414487
B0040124;PL009;S002;0;0.655238036934317
B0024085;PL009;S002;0;0.598204410267593
B0040379;PL009;S002;0;0.562335862190181
B0045330;PL009;S002;0;0.650564160230984
B0015472;PL009;S002;0;0.601209289570873
B0070007;PL009;S002;0;0.670317824194438
B0054232;PL009;S002;0;0.623432917289408
B0049737;PL009;S002;0;0.655832448276632
B0005937;PL009;S002;0;0.642908668821781
B0005356;PL009;S002;0;0.645928751007808
B0046199;PL009;S002;0;0.64339639655226
B0062065;PL009;S002;0;0.593137675041414
B0070506;PL009;S002;0;0.629900680222093
B0047201;PL009;S002;0;0.642839289220118
B0005788;PL009;S002;0;0.636454940302048
B0013821;PL009;S002;0;0.665349012918349
B0035624;PL009;S002;0;0.655585987157289
B0015143;PL009;S002;0;0.660081569422201
B0071536;PL009;S002;0;0.63338654906882
B0036968;PL009;S002;0;0.628177681007708
B0060121;PL009;S002;0;0.669814075211548
B0035632;PL009;S002;0;0.627046717151411
B0014336;PL009;S002;0;0.60856936145457
B0006930;PL009;S002;0;0.60856936145457
B0055929;PL009;S002;0;0.65017560009879
B0040389;PL009;S002;0;0.644152915264621
B0047263;PL009;S002;0;0.626041908876601
B0053306;PL009;S002;0;0.598081742281686
B0026513;PL009;S002;0;0.626422147247075
B0068194;PL009;S002;0;0.629986580650353
B0039358;PL009;S002;0;0.635871705024253
B0054230;PL009;S002;0;0.602874207253411
B0072854;PL009;S002;0;0.649338128600892
B0065613;PL009;S002;0;0.636525353932585
B0008250;PL009;S002;0;0.638279245930996
B0070995;PL009;S002;0;0.691654866779113
B0060536;PL009;S002;0;0.622875251882536
B0073422;PL009;S002;0;0.626059677703011
B0035027;PL009;S002;0;0.620392150988264
B0010929;PL009;S002;0;0.622462553402068
B0054665;PL009;S002;0;0.601227268119576
B0066476;PL009;S002;0;0.64612141989307
B0042946;PL009;S002;0;0.631739616379471
B0060492;PL009;S002;0;0.660130251613293
B0032679;PL009;S002;0;0.592578296364242
B0046622;PL009;S002;0;0.649992170444531
B0014933;PL009;S002;0;0.616985076497796
B0022138;PL009;S002;0;0.708883041889302
B0029973;PL009;S002;0;0.660813342506241
B0065143;PL009;S002;0;0.623366297349753
B0048304;PL009;S002;0;0.640078068123098
B0064154;PL009;S002;0;0.625051226201938
B0074890;PL009;S002;0;0.654209423323413
B0023976;PL009;S002;0;0.633701501961703
B0009194;PL009;S002;0;0.641840068314737
B0036444;PL009;S002;0;0.647679138265781
B0070681;PL009;S002;0;0.631345330434053
B0066735;PL009;S002;0;0.657740832647812
B0006649;PL009;S002;0;0.646254825565469
B0031741;PL009;S002;0;0.632048177509361
B0011639;PL009;S002;0;0.594329090820113
B0055576;PL009;S002;0;0.648123449801797
B0012877;PL009;S002;0;0.634491075922592
B0059982;PL009;S002;0;0.668088543232443
B0024196;PL009;S002;0;0.648959590693807
B0068881;PL009;S002;0;0.60188996821443
B0067322;PL009;S002;0;0.681185656316977
B0007040;PL009;S002;0;0.652670214422364
B0064221;PL009;S002;0;0.632507274840711
B0027253;PL009;S002;0;0.628343126082069
B0040213;PL009;S002;0;0.652119501188592
B0067891;PL009;S002;0;0.611780588407855
B0063451;PL009;S002;0;0.717196473182247
B0054010;PL009;S002;0;0.737549109228364
B0063317;PL009;S002;0;0.736337455799019
B0030576;PL009;S002;0;0.68101897725007
B0058909;PL009;S002;0;0.689236361140131
B0034395;PL009;S002;0;0.70936270667464
B0067821;PL009;S002;0;0.456586600917963
B0058301;PL009;S002;0;0.705534365142856
B0003362;PL009;S002;0;0.630685554795388
B0067260;PL009;S002;0;0.676980239139767
B0000691;PL009;S002;0;0.629545860175561
B0039501;PL009;S002;0;0.666932081742856
B0008389;PL009;S002;0;0.655938157425523
B0001339;PL009;S002;0;0.59170509423619
B0025002;PL009;S002;0;0.606590063618109
B0005640;PL009;S002;0;0.636441858978406
B0017380;PL009;S002;0;0.604496762529715
B0032460;PL009;S002;0;0.678820935016352
B0036287;PL009;S002;0;0.669041770103586
B0045632;PL009;S002;0;0.653298642566328
B0073548;PL009;S002;0;0.628654114128377
B0013904;PL009;S002;0;0.630471532250322
B0065363;PL009;S002;0;0.647451795629278
B0006659;PL009;S002;0;0.6518338358161
B0047329;PL009;S002;0;0.6518338358161
B0037976;PL009;S002;0;0.623772517268011
B0022167;PL009;S002;0;0.660074749688644
B0037915;PL009;S002;0;0.647454635194529
B0027044;PL009;S002;0;0.669845881650411
B0068916;PL009;S002;0;0.638486400850585
B0013172;PL009;S002;0;0.631511820882619
B0020361;PL009;S002;0;0.628138219789095
B0050670;PL009;S002;0;0.643512137128522
B0036702;PL009;S002;0;0.629608668471172
B0001271;PL009;S002;0;0.604191140483888
B0069223;PL009;S002;0;0.660814026122927
B0065327;PL009;S002;0;0.613682414088019
B0040032;PL009;S002;0;0.625324197444279
B0049722;PL009;S002;0;0.578288586908544
B0031428;PL009;S002;0;0.654116601756219
B0002063;PL009;S002;0;0.61270679928118
B0034338;PL009;S002;0;0.620599930871209
B0054325;PL009;S002;0;0.64920515264329
B0066582;PL009;S002;0;0.624182824583113
B0010188;PL009;S002;0;0.640480943070052
B0031619;PL009;S002;0;0.615897203475376
B0019719;PL009;S002;0;0.40383650174173
B0016179;PL009;S002;0;0.631240947010664
B0000616;PL009;S002;0;0.63290661527816
B0008966;PL009;S002;0;0.602471104220473
B0034160;PL009;S002;0;0.651056200288551
B0055975;PL009;S002;0;0.599872582326727
B0037163;PL009;S002;0;0.638772900085633
B0000440;PL009;S002;0;0.645225140344139
B0018564;PL009;S002;0;0.638211709977136
B0058720;PL009;S002;0;0.654044999382714
B0053592;PL009;S002;0;0.66139398055941
B0025385;PL009;S002;0;0.65141871343239
B0072253;PL009;S002;0;0.713765038100456
B0011337;PL009;S002;0;0.673314425119323
B0021957;PL009;S002;0;0.641786648242387
B0018735;PL009;S002;0;0.638829424309349
B0064916;PL009;S002;0;0.631868981998276
B0057499;PL009;S002;0;0.655061960549112
B0009980;PL009;S002;0;0.616262391523895
B0070145;PL009;S002;0;0.638026959982222
B0044280;PL009;S002;0;0.657291046198387
B0027303;PL009;S002;0;0.629798100807235
B0015962;PL009;S002;0;0.642880640474049
B0001291;PL009;S002;0;0.655554591770927
B0023583;PL009;S002;0;0.634771816289162
B0018868;PL009;S002;0;0.653950390035723
B0000347;PL009;S002;0;0.644828964762897
B0056741;PL009;S002;0;0.645175565788787
B0029374;PL009;S002;0;0.663322370035638
B0011513;PL009;S002;0;0.650060075911877
B0072240;PL009;S002;0;0.645407345327958
B0011623;PL009;S002;0;0.641007503594929
B0068302;PL009;S002;0;0.643761413320372
B0030492;PL009;S002;0;0.627866876931676
B0015620;PL009;S002;0;0.647903613724982
B0060932;PL009;S002;0;0.630785080244997
B0024742;PL009;S002;0;0.611519384231227
B0037122;PL009;S002;0;0.623458449447076
B0063800;PL009;S002;0;0.659729434304899
B0045456;PL009;S002;0;0.678253007541733
B0064668;PL009;S002;0;0.658426581854264
B0025589;PL009;S002;0;0.658178661939648
B0066901;PL009;S002;0;0.619665992219202
B0049900;PL009;S002;0;0.669660338207881
B0042350;PL009;S002;0;0.629161693189404
B0037212;PL009;S002;0;0.646163894158241
B0066121;PL009;S002;0;0.644757326440891
B0040741;PL009;S002;0;0.64679792153985
B0051111;PL009;S002;0;0.643931119518379
B0051492;PL009;S002;0;0.647454635194529
B0061456;PL009;S002;0;0.638925405145472
B0068769;PL009;S002;0;0.680844900570164
B0072043;PL009;S002;0;0.673089271914439
B0033002;PL009;S002;0;0.638203287226961
B0067489;PL009;S002;0;0.714320588296428
B0015522;PL009;S002;0;0.625788499470288
B0055836;PL009;S002;0;0.633027387428582
B0056708;PL009;S002;0;0.6372350514309
B0042067;PL009;S002;0;0.638026959982222
B0013973;PL009;S002;0;0.646760829552594
B0072889;PL009;S002;0;0.660428950273286
B0065346;PL009;S002;0;0.652192389657
B0055741;PL009;S002;0;0.638284275391015
B0033481;PL009;S002;0;0.65530727940589
B0032644;PL009;S002;0;0.640812359085486
B0074708;PL009;S002;0;0.589176202167724
B0025635;PL009;S002;0;0.626682998372957
B0018962;PL009;S002;0;0.627866876931676
B0020543;PL007;S012;0;0.166096771513288
B0049470;PL007;S012;0;0.660200144761933
B0002143;PL007;S012;0;0.63637978414146
B0010605;PL007;S012;0;0.694166817256237
B0002643;PL007;S012;0;0.644064342352881
B0015526;PL007;S012;0;0.706264838189965
B0053967;PL007;S012;0;0.626081515132952
B0065443;PL007;S012;0;0.661906394819936
B0074992;PL007;S012;0;0.743948108685945
B0011838;PL007;S012;0;0.661390354317968
B0043868;PL007;S012;0;0.66010477786723
B0064988;PL007;S012;0;0.65125026598984
B0031226;PL007;S012;0;0.667364606016877
B0010773;PL007;S012;0;0.659791682893714
B0020554;PL007;S012;0;0.562213588199015
B0074227;PL007;S012;0;0.616505092281824
B0033407;PL007;S012;0;0.649462078922493
B0037134;PL007;S012;0;0.725629332091938
B0006260;PL007;S012;0;0.685224748830588
B0016603;PL007;S012;0;0.651956886493566
B0040224;PL007;S012;0;0.685553337372518
B0071837;PL007;S012;0;0.656289977875779
B0042605;PL007;S012;0;0.66051385245121
B0014527;PL007;S012;0;0.595625038540893
B0053745;PL007;S012;0;0.655663620932258
B0024370;PL007;S012;0;0.660320426902212
B0022833;PL007;S012;0;0.545260548733682
B0038870;PL007;S012;0;0.657225281622316
B0040415;PL007;S012;0;0.692298604434755
B0038303;PL007;S012;0;0.684837747964065
B0000687;PL007;S012;0;0.509426782775896
B0052298;PL007;S012;0;0.707906880867609
B0061641;PL007;S012;0;0.572548004698744
B0057655;PL007;S012;0;0.715694976916611
B0028540;PL007;S012;0;0.561304023796804
B0036636;PL007;S012;0;0.757326746930519
B0010238;PL007;S012;0;0.665323168951224
B0026480;PL007;S012;0;0.676008582773316
B0008663;PL007;S012;0;0.664530145764313
B0061562;PL007;S012;0;0.605171560377053
B0069003;PL007;S012;0;0.674030400980203
B0045400;PL007;S012;0;0.659835265089484
B0026133;PL007;S012;0;0.686795798692283
B0069850;PL007;S012;0;0.662172269711184
B0004216;PL007;S012;0;0.655446230110392
B0065849;PL007;S012;0;0.69200820041282
B0049514;PL007;S012;0;0.625338898406674
B0064248;PL007;S012;0;0.639544228210342
B0000074;PL007;S012;0;0.695573356891362
B0041510;PL007;S012;0;0.654019852265226
B0004997;PL007;S012;0;0.665364176189248
B0062444;PL007;S012;0;0.682559294541544
B0050107;PL007;S012;0;0.743169735956535
B0050890;PL007;S012;0;0.698910860948776
B0023541;PL007;S012;0;0.686963519577945
B0034188;PL007;S012;0;0.677358070364424
B0011456;PL007;S012;0;0.744867080382669
B0055643;PL007;S012;0;0.653273706490887
B0019177;PL007;S012;0;0.709887968569717
B0042302;PL007;S012;0;0.687270294488011
B0074671;PL007;S012;0;0.672016751308603
B0010401;PL007;S012;0;0.692304058855684
B0013200;PL007;S012;0;0.753355946600852
B0068294;PL007;S012;0;0.710403304092288
B0057337;PL007;S012;0;0.645068468018683
B0036398;PL007;S012;0;0.585410816044211
B0066179;PL007;S012;0;0.667880708776746
B0034614;PL007;S012;0;0.699536393357387
B0001957;PL007;S012;0;0.664747674024438
B0028040;PL007;S012;0;0.648165314935746
B0000055;PL007;S012;0;0.649472527021363
B0069756;PL007;S012;0;0.673439110286033
B0062038;PL007;S012;0;0.665312470872425
B0056744;PL007;S012;0;0.687570868619814
B0073679;PL007;S012;0;0.684322768267008
B0073578;PL007;S012;0;0.746883096100396
B0071636;PL007;S012;0;0.698777890644114
B0014913;PL007;S012;0;0.693695023597646
B0000246;PL007;S012;0;0.644456534043701
B0039072;PL007;S012;0;0.690080414578359
B0053960;PL007;S012;0;0.67991677162195
B0013182;PL007;S011;0;0.434999564196685
B0029287;PL007;S011;0;0.635341068116191
B0034281;PL007;S011;0;0.560249448058185
B0060209;PL007;S011;0;0.6473761867837
B0046108;PL007;S011;0;0.614044400870117
B0004615;PL007;S011;0;0.636745732716678
B0057114;PL007;S011;0;0.701451210004369
B0021783;PL007;S011;0;0.616109659789774
B0044213;PL007;S011;0;0.607803387060152
B0051432;PL007;S011;0;0.597382970835953
B0024346;PL007;S011;0;0.681628244643533
B0020649;PL007;S011;0;0.832022073445162
B0007518;PL007;S011;0;0.665230906775406
B0030039;PL007;S011;0;0.655301610116488
B0005436;PL007;S011;0;0.653724312347304
B0050209;PL007;S011;0;0.617086940110397
B0026756;PL007;S011;0;0.695306166794449
B0047051;PL007;S011;0;0.578262631050661
B0063214;PL007;S011;0;0.696382451139249
B0025347;PL007;S011;0;0.65861616689739
B0026600;PL007;S011;0;0.623228879455613
B0018098;PL007;S011;0;0.640687064524833
B0026439;PL007;S011;0;0.684923458695787
B0046554;PL007;S011;0;0.6562197780874
B0019783;PL007;S011;0;0.702873536127259
B0027775;PL007;S011;0;0.662509301532476
B0002668;PL007;S011;0;0.652444298163914
B0028165;PL007;S011;0;0.725506769440805
B0011796;PL007;S011;0;0.667663520803998
B0066561;PL007;S011;0;0.709027453352216
B0044275;PL007;S011;0;0.672473736395779
B0042835;PL007;S011;0;0.680339169443432
B0022309;PL007;S011;0;0.685155654173605
B0034262;PL007;S011;0;0.647314919522278
B0070849;PL007;S011;0;0.653513434721226
B0036205;PL007;S011;0;0.601160809203125
B0046978;PL007;S011;0;0.690685568465038
B0047518;PL007;S011;0;0.664956295638633
B0019163;PL007;S011;0;0.665221909489195
B0018577;PL007;S011;0;0.655771500119325
B0036129;PL007;S011;0;0.699664571416187
B0028031;PL007;S011;0;0.473045988546187
B0008607;PL007;S011;0;0.741373034227953
B0031356;PL007;S011;0;0.691148092744545
B0047335;PL007;S011;0;0.724317333614627
B0065261;PL007;S011;0;0.652751328306725
B0048585;PL007;S011;0;0.651440629118214
B0006872;PL007;S011;0;0.641856831832976
B0066680;PL007;S011;0;0.635389782420333
B0001158;PL007;S011;0;0.648247163905795
B0070712;PL007;S011;0;0.660462901586526
B0020528;PL007;S011;0;0.685052605068387
B0042472;PL007;S011;0;0.663572294032616
B0072350;PL007;S011;0;0.651583345727318
B0051174;PL007;S011;0;0.669799925621461
B0071735;PL007;S011;0;0.603880094146115
B0033576;PL007;S011;0;0.635757317101118
B0044479;PL007;S011;0;0.620333272350208
B0035147;PL007;S011;0;0.667359888066442
B0051439;PL007;S011;0;0.624430995763394
B0029188;PL007;S011;0;0.646654133334033
B0030480;PL007;S011;0;0.630284234746916
B0011365;PL007;S011;0;0.689547436093062
B0043157;PL007;S011;0;0.642979711232026
B0036937;PL007;S011;0;0.652013228807458
B0044737;PL007;S011;0;0.660596370826299
B0050691;PL007;S011;0;0.658178705823059
B0047407;PL007;S011;0;0.663186040984956
B0002097;PL007;S011;0;0.69378091376622
B0035674;PL007;S011;0;0.635778071471443
B0049021;PL007;S011;0;0.607936073295071
B0062685;PL007;S011;0;0.635667510660715
B0004612;PL007;S011;0;0.641916527629119
B0019644;PL007;S011;0;0.644336196193053
B0007867;PL007;S011;0;0.642262534544495
B0043175;PL007;S011;0;0.664990410651624
B0040033;PL007;S011;0;0.613887426046377
B0055714;PL007;S011;0;0.644867259762144
B0045054;PL007;S011;0;0.614694126742278
B0018427;PL007;S011;0;0.651117910870074
B0047437;PL007;S011;0;0.6646547167209
B0009188;PL007;S011;0;0.654562302998054
B0070052;PL007;S011;0;0.663099631921759
B0021313;PL007;S011;0;0.604790333895783
B0048012;PL007;S011;0;0.635225370262561
B0024348;PL007;S011;0;0.6890910836629
B0054914;PL007;S011;0;0.663575756844486
B0014730;PL007;S011;0;0.619319484917165
B0037403;PL007;S011;0;0.750626267842447
B0020927;PL007;S011;0;0.616430491161956
B0064103;PL007;S011;0;0.641714467040371
B0001111;PL007;S011;0;0.623050114061556
B0068359;PL007;S011;0;0.66095768427115
B0002257;PL007;S011;0;0.624930657124821
B0006010;PL007;S011;0;0.615466179207366
B0074367;PL007;S011;0;0.660822075552561
B0009982;PL007;S011;0;0.639178231708655
B0009884;PL007;S011;0;0.65628696745871
B0048004;PL007;S011;0;0.678731451115908
B0063013;PL007;S011;0;0.73802119275245
B0057660;PL007;S010;0;0.372560581009089
B0013720;PL007;S010;0;0.313497985471505
B0024225;PL007;S010;0;0.585368674273953
B0073125;PL007;S010;0;0.674447564336943
B0053955;PL007;S010;0;0.620594213988904
B0048077;PL007;S010;0;0.691987810631392
B0073723;PL007;S010;0;0.642496247849556
B0047698;PL007;S010;0;0.688414162838091
B0015045;PL007;S010;0;0.710763607979178
B0053077;PL007;S010;0;0.725352402594762
B0021782;PL007;S010;0;0.685230591565695
B0022224;PL007;S010;0;0.662093133139656
B0027120;PL007;S010;0;0.680811905469124
B0008644;PL007;S010;0;0.67605498177423
B0038599;PL007;S010;0;0.674143595679
B0071254;PL007;S010;0;0.69030067127784
B0041618;PL007;S010;0;0.705745411193676
B0045226;PL007;S010;0;0.655994989636998
B0023895;PL007;S010;0;0.671653753517328
B0038068;PL007;S010;0;0.725624383458894
B0010487;PL007;S010;0;0.653063381932151
B0036563;PL007;S010;0;0.718036856850519
B0025174;PL007;S010;0;0.646580452945254
B0073431;PL007;S010;0;0.783323662018757
B0015646;PL007;S010;0;0.690183354458906
B0022239;PL007;S010;0;0.646396312566508
B0023844;PL007;S010;0;0.654469445438
B0044714;PL007;S010;0;0.632369195039205
B0026669;PL007;S010;0;0.645748095231568
B0009460;PL007;S010;0;0.628821093393705
B0047328;PL007;S010;0;0.650426360636954
B0003476;PL007;S010;0;0.673143151666706
B0057565;PL007;S010;0;0.659015612957396
B0008332;PL007;S010;0;0.640948880534729
B0015199;PL007;S010;0;0.690390282479301
B0001543;PL007;S010;0;0.667697896783447
B0031080;PL007;S010;0;0.647061496880135
B0036645;PL007;S010;0;0.603397749363341
B0052240;PL007;S010;0;0.631687554368946
B0039613;PL007;S010;0;0.644385905838772
B0055229;PL007;S010;0;0.642595910784901
B0021346;PL007;S010;0;0.636632319903854
B0069960;PL007;S010;0;0.674440794427417
B0047136;PL007;S010;0;0.653777528828399
B0015138;PL007;S010;0;0.666422982436203
B0006712;PL007;S010;0;0.651438105753988
B0044773;PL007;S010;0;0.688385780877642
B0003284;PL007;S010;0;0.636391887850926
B0050980;PL007;S010;0;0.662942547075907
B0004078;PL007;S010;0;0.692269380888151
B0006502;PL007;S010;0;0.66890627897731
B0068516;PL007;S010;0;0.673389828190042
B0060200;PL007;S010;0;0.660037090841899
B0020117;PL007;S010;0;0.645496665927223
B0067610;PL007;S010;0;0.670326973912073
B0022420;PL007;S010;0;0.651450808532711
B0044247;PL007;S010;0;0.644612766388582
B0035045;PL007;S010;0;0.672555457306494
B0064162;PL007;S010;0;0.654875290389448
B0008549;PL007;S010;0;0.444103185423738
B0049786;PL007;S010;0;0.664269327451426
B0013502;PL007;S010;0;0.670347516163731
B0021704;PL007;S010;0;0.62045051759871
B0065123;PL007;S010;0;0.680337856712056
B0016908;PL007;S010;0;0.641208061302483
B0025700;PL007;S010;0;0.647678305375995
B0073415;PL007;S010;0;0.656124476478129
B0020843;PL007;S010;0;0.645114027981545
B0040488;PL007;S010;0;0.645238216414437
B0046142;PL007;S010;0;0.638617700861335
B0035590;PL007;S010;0;0.680415528110656
B0032501;PL007;S010;0;0.678085199500511
B0048248;PL007;S010;0;0.655853333340145
B0062047;PL007;S010;0;0.753925929857457
B0019994;PL007;S010;0;0.645797795669476
B0028417;PL007;S010;0;0.631004480686176
B0068928;PL007;S010;0;0.634041919455883
B0047074;PL007;S010;0;0.696558072110534
B0024908;PL007;S010;0;0.642378226418574
B0040756;PL007;S010;0;0.641108657399916
B0021357;PL007;S010;0;0.666941595813238
B0018158;PL007;S010;0;0.67614509614956
B0043900;PL007;S010;0;0.688747122356385
B0048290;PL007;S010;0;0.667276448173115
B0073844;PL007;S010;0;0.654622517869679
B0003849;PL007;S010;0;0.739653424797008
B0039036;PL007;S010;0;0.660385440187721
B0032228;PL007;S010;0;0.68721044323096
B0008107;PL007;S010;0;0.703839846656242
B0019891;PL007;S010;0;0.673178560427264
B0020884;PL007;S010;0;0.687457619566305
B0071010;PL007;S010;0;0.645333585551312
B0066990;PL007;S010;0;0.638741377513727
B0045186;PL007;S010;0;0.682569554184688
B0003532;PL007;S010;0;0.685902818702337
B0062499;PL007;S010;0;0.675113464500447
B0000971;PL007;S010;0;0.686836672781141
B0050238;PL007;S010;0;0.66911343086353
B0030954;PL007;S010;0;0.689197189099575
B0038922;PL007;S010;0;0.743275719044024
B0065109;PL007;S010;0;0.616602227289503
B0046608;PL007;S010;0;0.727080143806361
B0049276;PL007;S010;0;0.695839131602177
B0070957;PL007;S010;0;0.674052276937193
B0035491;PL007;S010;0;0.648888759684286
B0015653;PL007;S010;0;0.583162076919831
B0065293;PL007;S010;0;0.669675709021702
B0038757;PL007;S010;0;0.639459423059386
B0048228;PL007;S010;0;0.656034141068826
B0039135;PL007;S010;0;0.656791637882145
B0027692;PL007;S010;0;0.675884607974411
B0073845;PL007;S010;0;0.646191512759945
B0019202;PL007;S010;0;0.648219185652479
B0004257;PL007;S010;0;0.728043175232851
B0049877;PL007;S010;0;0.720390868161916
B0038344;PL007;S010;0;0.64728417437797
B0031265;PL007;S010;0;0.689425356705438
B0053444;PL007;S010;0;0.666467026177131
B0009187;PL007;S010;0;0.682485455309253
B0049017;PL007;S010;0;0.613176926389815
B0010979;PL007;S010;0;0.606926913029557
B0040083;PL007;S010;0;0.684879269639559
B0040962;PL007;S010;0;0.667673273971288
B0064765;PL007;S010;0;0.641606276608575
B0037130;PL007;S010;0;0.677186246304587
B0060331;PL007;S010;0;0.671079711242073
B0004798;PL007;S010;0;0.638606216277897
B0010247;PL007;S010;0;0.682983121095243
B0054383;PL007;S010;0;0.668393172153414
B0071727;PL007;S010;0;0.715203559650875
B0051649;PL007;S010;0;0.552293174901048
B0051695;PL007;S010;0;0.709932739063281
B0035300;PL007;S010;0;0.674883729627144
B0049206;PL007;S010;0;0.677340859828433
B0070253;PL007;S010;0;0.672462168585397
B0062324;PL007;S010;0;0.68023578801368
B0050414;PL007;S007;0;0.58453153636113
B0053710;PL007;S007;0;0.655290489815183
B0057874;PL007;S007;0;0.617074331599409
B0016825;PL007;S007;0;0.677340182718216
B0007546;PL007;S007;0;0.684731611888097
B0011312;PL007;S007;0;0.656976712608138
B0039965;PL007;S007;0;0.585008323935907
B0053739;PL007;S007;0;0.664951026986777
B0008394;PL007;S007;0;0.649827922708077
B0052712;PL007;S007;0;0.727481945174551
B0045238;PL007;S007;0;0.744957548110353
B0053551;PL007;S007;0;0.649037847611052
B0051482;PL007;S007;0;0.661972066219038
B0038890;PL007;S007;0;0.65213703655034
B0051706;PL007;S007;0;0.668820577485073
B0036109;PL007;S007;0;0.715600280131803
B0058704;PL007;S007;0;0.653399494698421
B0037252;PL007;S007;0;0.660433628648365
B0057462;PL007;S007;0;0.660128395823955
B0024541;PL007;S007;0;0.730505380274249
B0005653;PL007;S007;0;0.690456945438082
B0053001;PL007;S007;0;0.685826801888113
B0063645;PL007;S007;0;0.717566886592467
B0036034;PL007;S007;0;0.664815197265795
B0011000;PL007;S007;0;0.707079786403388
B0073420;PL007;S007;0;0.68312728832589
B0040703;PL007;S007;0;0.668760600016383
B0052100;PL007;S007;0;0.690152624255614
B0021248;PL007;S007;0;0.661724903736757
B0073618;PL007;S007;0;0.709395479104056
B0065137;PL007;S007;0;0.575771512222871
B0067739;PL007;S007;0;0.640822521484333
B0005874;PL007;S007;0;0.671122841020043
B0048832;PL007;S007;0;0.67213471784985
B0065523;PL007;S007;0;0.6515683431865
B0013273;PL007;S007;0;0.674326404632657
B0005031;PL007;S007;0;0.630897640081536
B0024638;PL007;S007;0;0.674434250781078
B0016686;PL007;S007;0;0.660498488920664
B0019732;PL007;S007;0;0.69025594473729
B0070012;PL007;S007;0;0.648190736516504
B0064160;PL007;S007;0;0.669694042053756
B0013953;PL007;S007;0;0.730987517530427
B0030011;PL007;S007;0;0.681433992150482
B0008930;PL007;S007;0;0.667253264160037
B0056537;PL007;S007;0;0.688729156998541
B0057100;PL007;S007;0;0.713614912698113
B0062040;PL007;S007;0;0.686955075751717
B0066166;PL007;S007;0;0.681525892331544
B0048485;PL007;S007;0;0.650817391928053
B0070609;PL007;S007;0;0.68091608030813
B0042586;PL007;S007;0;0.684620203402152
B0043449;PL007;S007;0;0.671704741162997
B0025374;PL007;S007;0;0.694605976686153
B0031784;PL007;S007;0;0.743278467274412
B0054219;PL007;S007;0;0.724601584598224
B0032582;PL007;S007;0;0.699422349897235
B0003981;PL007;S007;0;0.666014191322012
B0063841;PL007;S007;0;0.728448271736348
B0038316;PL007;S007;0;0.683003129533249
B0065485;PL007;S007;0;0.710834455144741
B0020678;PL007;S007;0;0.663163227229889
B0037051;PL007;S007;0;0.660937649273677
B0072928;PL007;S007;0;0.727750493934165
B0022635;PL007;S007;0;0.725974923961305
B0013845;PL007;S007;0;0.694860671076732
B0033756;PL007;S007;0;0.672889456617061
B0007844;PL007;S007;0;0.684137022826489
B0045756;PL007;S007;0;0.651042896570394
B0069457;PL007;S007;0;0.708081174588682
B0005362;PL007;S007;0;0.666423795250423
B0065001;PL007;S007;0;0.662063690926733
B0069477;PL007;S007;0;0.673690069624902
B0035528;PL007;S007;0;0.660821763285659
B0072871;PL007;S007;0;0.672380703751123
B0015131;PL007;S007;0;0.758329429391395
B0022032;PL007;S007;0;0.673427213193364
B0003475;PL007;S007;0;0.696397042165543
B0027232;PL007;S007;0;0.643259686086634
B0003854;PL007;S007;0;0.674960893938545
B0052064;PL007;S007;0;0.735033605266636
B0043536;PL007;S007;0;0.67572660718464
B0036596;PL007;S007;0;0.740809702390238
B0068474;PL007;S007;0;0.690463382747386
B0067625;PL007;S007;0;0.6532550636355
B0004845;PL007;S007;0;0.719284589734796
B0039414;PL007;S007;0;0.679040025935711
B0016437;PL007;S007;0;0.511859499614131
B0043367;PL007;S007;0;0.657474904700077
B0059750;PL007;S007;0;0.633907626802388
B0003097;PL007;S007;0;0.633907626802388
B0042019;PL007;S007;0;0.687798813358363
B0015054;PL007;S007;0;0.725106683513882
B0008300;PL007;S007;0;0.676919066107045
B0026749;PL007;S007;0;0.671643776318661
B0054522;PL007;S007;0;0.673248855861601
B0065928;PL007;S007;0;0.712616314656138
B0016270;PL007;S007;0;0.66337875474645
B0059339;PL007;S007;0;0.670132535083793
B0035574;PL007;S007;0;0.673633907021622
B0055499;PL007;S007;0;0.752727837222581
B0061475;PL007;S007;0;0.659453504122191
B0052084;PL007;S007;0;0.655966241309102
B0036479;PL007;S007;0;0.671923058512389
B0005151;PL007;S007;0;0.696391795688393
B0032176;PL007;S007;0;0.663672659278434
B0054701;PL007;S007;0;0.687023173544123
B0012605;PL007;S007;0;0.657277980695717
B0001234;PL007;S007;0;0.670885364209152
B0019340;PL007;S007;0;0.670978856191608
B0046038;PL007;S007;0;0.686388789810298
B0070235;PL007;S007;0;0.730846544162896
B0073001;PL007;S007;0;0.717254889914135
B0015050;PL007;S007;0;0.713459003859498
B0021314;PL007;S007;0;0.665088762508393
B0056490;PL007;S007;0;0.718894834990182
B0054430;PL007;S007;0;0.712910755180285
B0056678;PL007;S007;0;0.71062212193758
B0006944;PL007;S007;0;0.684343285981744
B0017860;PL007;S007;0;0.701555457088546
B0063525;PL007;S007;0;0.685955594430701
B0063241;PL007;S007;0;0.673743863951713
B0032807;PL007;S007;0;0.66814568621782
B0047319;PL007;S007;0;0.679320381399388
B0043826;PL007;S007;0;0.660750543863732
B0064723;PL007;S007;0;0.740380340096522
B0017828;PL007;S007;0;0.683212922857686
B0061509;PL007;S007;0;0.706930911203633
B0021352;PL007;S007;0;0.680170996758831
B0054238;PL007;S007;0;0.739829694797615
B0052877;PL007;S007;0;0.67685417094532
B0046666;PL007;S007;0;0.684369597886995
B0043099;PL007;S007;0;0.668663312045328
B0068552;PL007;S007;0;0.714628351442705
B0046620;PL007;S007;0;0.74882986964205
B0034286;PL007;S007;0;0.699215720026462
B0042770;PL007;S007;0;0.644507473330782
B0039216;PL007;S007;0;0.673857468015527
B0059814;PL007;S007;0;0.677787339400165
B0061197;PL007;S007;0;0.670132535083793
B0004050;PL007;S007;0;0.765463326105807
B0067927;PL007;S007;0;0.749859753743637
B0013975;PL007;S007;0;0.655040637700788
B0040382;PL007;S007;0;0.744345867145516
B0033842;PL007;S007;0;0.657412843122166
B0033623;PL007;S007;0;0.668706030418646
B0022221;PL007;S007;0;0.713825963998794
B0021423;PL007;S007;0;0.677426617192426
B0057087;PL007;S007;0;0.629515601325835
B0073145;PL007;S007;0;0.715133288597509
B0016156;PL007;S007;0;0.703461615268188
B0009244;PL007;S007;0;0.685831438908696
B0057638;PL007;S007;0;0.677835178528298
B0052974;PL007;S007;0;0.684414191821113
B0070423;PL007;S007;0;0.690300324829017
B0054821;PL007;S007;0;0.693312060904959
B0035929;PL007;S007;0;0.66709981526163
B0036741;PL007;S007;0;0.686119310738153
B0013461;PL007;S007;0;0.656542828324551
B0022652;PL007;S007;0;0.688660813915886
B0047061;PL007;S007;0;0.680505527159633
B0042521;PL007;S009;0;0.568986908195633
B0001514;PL007;S009;0;0.452942719793966
B0032995;PL007;S009;0;0.631176730584334
B0035324;PL007;S009;0;0.424945412717964
B0043460;PL007;S009;0;0.662347849126514
B0021515;PL007;S009;0;0.598432916252285
B0067018;PL007;S009;0;0.608584517740828
B0003966;PL007;S009;0;0.552703019047578
B0028573;PL007;S009;0;0.717346064637358
B0056985;PL007;S009;0;0.624390411993512
B0024673;PL007;S009;0;0.617173389699045
B0061965;PL007;S009;0;0.591188120236626
B0003586;PL007;S009;0;0.691050344835444
B0028528;PL007;S009;0;0.664185156665449
B0052157;PL007;S009;0;0.699625275284733
B0071650;PL007;S009;0;0.626919533637024
B0012087;PL007;S009;0;0.640355467191474
B0066959;PL007;S009;0;0.625405744377216
B0021169;PL007;S009;0;0.617488552656709
B0006017;PL007;S009;0;0.607497550633647
B0024047;PL007;S009;0;0.60897354833666
B0014609;PL007;S009;0;0.651233154712671
B0012449;PL007;S009;0;0.658288363735512
B0016927;PL007;S009;0;0.64271335766175
B0054499;PL007;S009;0;0.717656813330103
B0051190;PL007;S009;0;0.626936363380629
B0007724;PL007;S009;0;0.626936363380629
B0058010;PL007;S009;0;0.631186451067859
B0045721;PL007;S009;0;0.639161651566022
B0033958;PL007;S009;0;0.695771271172803
B0073953;PL007;S009;0;0.633487225914852
B0069320;PL007;S009;0;0.660006495156973
B0001037;PL007;S009;0;0.650242005597275
B0011363;PL007;S009;0;0.629104235260513
B0070503;PL007;S009;0;0.646438414045659
B0011870;PL007;S009;0;0.64875448891605
B0052932;PL007;S009;0;0.632735763876132
B0012161;PL007;S009;0;0.634188383160717
B0071956;PL007;S009;0;0.579697251057107
B0001130;PL007;S009;0;0.63313907493023
B0029189;PL007;S009;0;0.64915354762109
B0066320;PL007;S009;0;0.708531171639143
B0030345;PL007;S009;0;0.644366256928046
B0044364;PL007;S009;0;0.628614844247475
B0043974;PL007;S009;0;0.632145476884641
B0035865;PL007;S009;0;0.699486202312589
B0010555;PL007;S009;0;0.699486202312589
B0041857;PL007;S009;0;0.690513556282254
B0032788;PL007;S009;0;0.661417075993519
B0051791;PL007;S009;0;0.630006658450125
B0024083;PL007;S009;0;0.656332430474408
B0018090;PL007;S009;0;0.689384125823789
B0053214;PL007;S009;0;0.659935944360914
B0073700;PL007;S009;0;0.650267345070773
B0045521;PL007;S009;0;0.655231037533014
B0041864;PL007;S009;0;0.676647745770744
B0048867;PL007;S009;0;0.646191070532332
B0016980;PL007;S009;0;0.613397621692485
B0053862;PL007;S009;0;0.615457704846527
B0072649;PL007;S009;0;0.648376470875517
B0006118;PL007;S009;0;0.613828817302109
B0033658;PL007;S009;0;0.62510239000967
B0035355;PL007;S009;0;0.683445380315305
B0032821;PL007;S009;0;0.640131823469375
B0031941;PL007;S009;0;0.682256188476043
B0037766;PL007;S009;0;0.688039000313615
B0072796;PL007;S009;0;0.690624118236821
B0014865;PL007;S009;0;0.64048407028844
B0003437;PL007;S009;0;0.67083529389107
B0018613;PL007;S009;0;0.606174676818486
B0005216;PL007;S009;0;0.702727585178893
B0018382;PL007;S009;0;0.649062620567975
B0024646;PL007;S009;0;0.644919094743156
B0071525;PL007;S009;0;0.631556483338007
B0051560;PL007;S009;0;0.640609793877363
B0000997;PL007;S009;0;0.614093148480932
B0034193;PL007;S009;0;0.604706670613649
B0058458;PL007;S009;0;0.652752457776465
B0046584;PL007;S009;0;0.669893803500524
B0000729;PL007;S009;0;0.674371911111944
B0040675;PL007;S009;0;0.635257821000544
B0013812;PL007;S009;0;0.628742195594978
B0047997;PL007;S009;0;0.55846738474449
B0046073;PL007;S009;0;0.567805802712587
B0021358;PL007;S009;0;0.639923252041058
B0047516;PL007;S009;0;0.586945175993091
B0006508;PL007;S009;0;0.649111304122973
B0050778;PL007;S009;0;0.606380888585101
B0011188;PL007;S009;0;0.632643006716772
B0035948;PL007;S009;0;0.640557353892313
B0052851;PL007;S009;0;0.659606725592062
B0027485;PL007;S009;0;0.666266239158507
B0025831;PL007;S009;0;0.448304358040535
B0041974;PL007;S009;0;0.615482642260064
B0021028;PL007;S009;0;0.514591003093449
B0056974;PL007;S009;0;0.702326103957034
B0016960;PL007;S009;0;0.674160638750227
B0046581;PL007;S009;0;0.664618026043214
B0073979;PL007;S009;0;0.620803516002664
B0017951;PL007;S009;0;0.634058882201279
B0032965;PL007;S009;0;0.596089449913007
B0035613;PL007;S009;0;0.638777457622212
B0027907;PL007;S009;0;0.639945001368052
B0060899;PL007;S009;0;0.614245403616834
B0008087;PL007;S009;0;0.624631028149323
B0045066;PL007;S009;0;0.63018978984762
B0073396;PL007;S009;0;0.60347364138045
B0074279;PL007;S009;0;0.622153152168669
B0071752;PL007;S009;0;0.631146758565787
B0006637;PL007;S009;0;0.632890200832114
B0005325;PL007;S009;0;0.661695922920284
B0031992;PL007;S009;0;0.650779046132502
B0010375;PL007;S009;0;0.661641763683121
B0032845;PL007;S009;0;0.646105314558301
B0014266;PL007;S009;0;0.641302227322337
B0004852;PL007;S009;0;0.649217051201656
B0041977;PL007;S009;0;0.633029044827067
B0011959;PL007;S009;0;0.646767630544538
B0051451;PL007;S009;0;0.650439163059761
B0052643;PL007;S009;0;0.629016974882238
B0036694;PL007;S009;0;0.632036852889883
B0005209;PL007;S009;0;0.628270171418948
B0029074;PL007;S009;0;0.609737679694375
B0006329;PL007;S009;0;0.664146799785614
B0001617;PL007;S009;0;0.639201596853604
B0048427;PL007;S009;0;0.659872603301467
B0015163;PL007;S009;0;0.620211215808699
B0054843;PL007;S009;0;0.626816758655181
B0055960;PL007;S009;0;0.654415370243024
B0073181;PL007;S009;0;0.633170202539391
B0007998;PL007;S009;0;0.661502780736832
B0050467;PL007;S009;0;0.617660307154224
B0006910;PL007;S009;0;0.716229821701612
B0055801;PL007;S009;0;0.650811608706617
B0061419;PL007;S009;0;0.63387557009208
B0062876;PL007;S009;0;0.666695043024652
B0000958;PL007;S009;0;0.647885546897064
B0040176;PL007;S009;0;0.616172004576653
B0010801;PL007;S009;0;0.654652845877892
B0062804;PL007;S009;0;0.623279989676399
B0005546;PL007;S009;0;0.676794938319618
B0057525;PL007;S009;0;0.641006574751587
B0006497;PL007;S009;0;0.621413255024643
B0060589;PL007;S009;0;0.625074825076338
B0016548;PL007;S009;0;0.6585201424106
B0018805;PL007;S009;0;0.625877621017498
B0050042;PL007;S009;0;0.643172369861999
B0064671;PL007;S009;0;0.622734384541752
B0069461;PL007;S009;0;0.61180242636162
B0005523;PL007;S009;0;0.642628248170502
B0043569;PL007;S009;0;0.637350252967221
B0000980;PL007;S009;0;0.643170182636056
B0012014;PL007;S009;0;0.584306389351484
B0065208;PL007;S009;0;0.600235848690531
B0042023;PL007;S009;0;0.561487080093908
B0049576;PL007;S009;0;0.604388183318551
B0006791;PL007;S009;0;0.587917458699479
B0001208;PL007;S009;0;0.611005064562324
B0030600;PL007;S009;0;0.615112121567474
B0033905;PL007;S009;0;0.61374803468079
B0073288;PL007;S009;0;0.644080339437761
B0010726;PL007;S009;0;0.707624310381396
B0066528;PL007;S009;0;0.662466159390068
B0037787;PL007;S009;0;0.659763089226272
B0009856;PL007;S009;0;0.636269588821111
B0026792;PL007;S009;0;0.648156012880449
B0060906;PL007;S009;0;0.655945031791813
B0033003;PL007;S009;0;0.637730069122702
B0065441;PL007;S009;0;0.62994119475409
B0012624;PL007;S009;0;0.61954434762667
B0074849;PL007;S009;0;0.683504139809155
B0023219;PL007;S009;0;0.647697908094328
B0067317;PL007;S009;0;0.592995710699275
B0018723;PL007;S009;0;0.636373467901427
B0046543;PL007;S009;0;0.614178552735257
B0064507;PL007;S009;0;0.670573685100893
B0053109;PL007;S009;0;0.597611913391635
B0023555;PL007;S009;0;0.415799772087407
B0018213;PL007;S009;0;0.652034877533466
B0020072;PL007;S009;0;0.625375468036743
B0007318;PL007;S009;0;0.637047063773539
B0020673;PL007;S009;0;0.652828458759754
B0066212;PL007;S009;0;0.706301636500101
B0005256;PL007;S009;0;0.659695118868783
B0002408;PL007;S008;0;0.581642703545681
B0056571;PL007;S008;0;0.649911869526249
B0031453;PL007;S008;0;0.628191165455458
B0010230;PL007;S008;0;0.669262621621329
B0043615;PL007;S008;0;0.674962435310863
B0001127;PL007;S008;0;0.645628491768949
B0073108;PL007;S008;0;0.636335734067534
B0064945;PL007;S008;0;0.701206902126036
B0014018;PL007;S008;0;0.673910210523295
B0012394;PL007;S008;0;0.418208266220767
B0034876;PL007;S008;0;0.657751204163901
B0032312;PL007;S008;0;0.664155549006379
B0038526;PL007;S008;0;0.693094383380521
B0057557;PL007;S008;0;0.677922134952044
B0060885;PL007;S008;0;0.663474258940652
B0043433;PL007;S008;0;0.638311921988739
B0041253;PL007;S008;0;0.630763255352366
B0009389;PL007;S008;0;0.653701778436995
B0026040;PL007;S008;0;0.683538046063859
B0005326;PL007;S008;0;0.652474598906586
B0051362;PL007;S008;0;0.67862305806462
B0024097;PL007;S008;0;0.658056894055784
B0021359;PL007;S008;0;0.813654410483999
B0043640;PL007;S008;0;0.656526401450913
B0030329;PL007;S008;0;0.663168680047971
B0031185;PL007;S008;0;0.666232794657879
B0000608;PL007;S008;0;0.642053532872089
B0012558;PL007;S008;0;0.644608983882208
B0025081;PL007;S008;0;0.660471086960792
B0027372;PL007;S008;0;0.659035501296575
B0074218;PL007;S008;0;0.675280890541618
B0005784;PL007;S008;0;0.649893355049212
B0032911;PL007;S008;0;0.640854585123429
B0011134;PL007;S008;0;0.646163384462384
B0042103;PL007;S008;0;0.69138980954526
B0052147;PL007;S008;0;0.624580582782855
B0017784;PL007;S008;0;0.676481426584062
B0054476;PL007;S008;0;0.724331249219722
B0062219;PL007;S008;0;0.660252335055335
B0059545;PL007;S008;0;0.657954515138753
B0011145;PL007;S008;0;0.635126757983566
B0006445;PL007;S008;0;0.565716572005574
B0045942;PL007;S008;0;0.674990401458355
B0012312;PL007;S008;0;0.668224775854481
B0071156;PL007;S008;0;0.649919224158174
B0062071;PL007;S008;0;0.638625146251875
B0071310;PL007;S008;0;0.632147024481752
B0015926;PL007;S008;0;0.643376183444683
B0049544;PL007;S008;0;0.628173710632643
B0061481;PL007;S008;0;0.587261110155028
B0020351;PL007;S008;0;0.647067164304149
B0008421;PL007;S008;0;0.663215444475492
B0025549;PL007;S008;0;0.64631237364563
B0069802;PL007;S008;0;0.655012015222032
B0005650;PL007;S008;0;0.647863248290576
B0016918;PL007;S008;0;0.664834356634628
B0038389;PL007;S008;0;0.664834356634628
B0049641;PL007;S008;0;0.674425004929469
B0047186;PL007;S008;0;0.66087312635139
B0026354;PL007;S008;0;0.65383386196861
B0030602;PL007;S008;0;0.681712908620179
B0070366;PL007;S008;0;0.652140141918914
B0040201;PL007;S008;0;0.669681285677381
B0017325;PL007;S008;0;0.646329667771259
B0028248;PL007;S008;0;0.65722268717743
B0001952;PL007;S008;0;0.675799679919376
B0003419;PL007;S008;0;0.656652908866464
B0054744;PL007;S008;0;0.676443859187076
B0008692;PL007;S008;0;0.671063517528305
B0006197;PL007;S008;0;0.579658627886655
B0043866;PL007;S008;0;0.669935132718384
B0006740;PL007;S008;0;0.649707258310138
B0060426;PL007;S008;0;0.668320843318833
B0001033;PL007;S008;0;0.681302468791675
B0027795;PL007;S008;0;0.641901406905755
B0049168;PL007;S008;0;0.640640668229137
B0020434;PL007;S008;0;0.648762595234454
B0065527;PL007;S008;0;0.630764653946432
B0014694;PL007;S008;0;0.63131899918982
B0055214;PL007;S008;0;0.641043290284087
B0048545;PL007;S008;0;0.673541361745558
B0001195;PL007;S008;0;0.673541361745558
B0009177;PL007;S008;0;0.65201577678782
B0065464;PL007;S008;0;0.651380381446606
B0037529;PL007;S008;0;0.648886576721518
B0023330;PL007;S008;0;0.660802895516875
B0037735;PL007;S008;0;0.657092210705485
B0048224;PL007;S008;0;0.631241920900445
B0062955;PL007;S008;0;0.585607886769367
B0049267;PL007;S008;0;0.64331969331078
B0017049;PL007;S008;0;0.673518951982761
B0012266;PL007;S008;0;0.70248287065352
B0048278;PL007;S008;0;0.667326036558305
B0065385;PL007;S008;0;0.559228759480939
B0040031;PL007;S008;0;0.54332084591398
B0023792;PL007;S008;0;0.63091645067831
B0047808;PL007;S008;0;0.641341506713406
B0028334;PL007;S008;0;0.701179083219189
B0048097;PL007;S008;0;0.645799100085958
B0058650;PL007;S008;0;0.63598511292788
B0027392;PL007;S008;0;0.65788938430679
B0067396;PL007;S008;0;0.625347516040406
B0046696;PL007;S008;0;0.705611933254104
B0013079;PL007;S008;0;0.643313820692173
B0023920;PL007;S008;0;0.642935591201952
B0064299;PL007;S008;0;0.645542072813492
B0063314;PL007;S008;0;0.682672957418471
B0006811;PL007;S008;0;0.630660194361599
B0005798;PL007;S008;0;0.568667845608201
B0045734;PL007;S008;0;0.68443271219781
B0030539;PL007;S008;0;0.626757532013248
B0026727;PL007;S008;0;0.651055076336241
B0018071;PL007;S008;0;0.65731852071169
B0015497;PL007;S008;0;0.632066316796168
B0030366;PL007;S008;0;0.691625924939512
B0042471;PL007;S008;0;0.705771699490946
B0039478;PL007;S008;0;0.660090604037744
B0060887;PL007;S008;0;0.660258425467765
B0042205;PL007;S008;0;0.68311112624276
B0068804;PL007;S008;0;0.727946907316474
B0037785;PL007;S008;0;0.798592146693432
B0048487;PL007;S008;0;0.672541455576944
B0022782;PL007;S008;0;0.665555519762391
B0073457;PL007;S008;0;0.674234694781813
B0028074;PL007;S008;0;0.680318952607076
B0016857;PL007;S008;0;0.627692322311613
B0038110;PL007;S008;0;0.704010386053692
B0031588;PL007;S008;0;0.64790057182548
B0002262;PL007;S008;0;0.640969759581286
B0051189;PL007;S008;0;0.721316829510574
B0029335;PL007;S008;0;0.663473286965251
B0064079;PL007;S008;0;0.691290351878538
B0067054;PL007;S008;0;0.663202727478428
B0055783;PL007;S008;0;0.637686679547832
B0035413;PL007;S008;0;0.652732230460752
B0019840;PL007;S008;0;0.6610272428519
B0074023;PL007;S008;0;0.66237468677288
B0048256;PL007;S008;0;0.635214161560364
B0036502;PL007;S008;0;0.5986301382729
B0073194;PL007;S008;0;0.640656107598028
B0037022;PL007;S008;0;0.649435126848451
B0062696;PL007;S008;0;0.691690463559885
B0008666;PL007;S008;0;0.59478165362652
B0022880;PL007;S008;0;0.659061021312374
B0041717;PL007;S008;0;0.649438516803576
B0023918;PL007;S008;0;0.652517971039082
B0026114;PL007;S008;0;0.592798766362721
B0002566;PL007;S008;0;0.662483381635271
B0049354;PL007;S008;0;0.662311455883125
B0064207;PL007;S008;0;0.661970854260093
B0068691;PL007;S008;0;0.696753062564297
B0072301;PL007;S008;0;0.65929372862936
B0039376;PL007;S008;0;0.715748946214878
B0049907;PL007;S008;0;0.711098298374488
B0049772;PL007;S008;0;0.668392084605899
B0032648;PL007;S008;0;0.651596323120573
B0050251;PL007;S008;0;0.635914641294298
B0048733;PL007;S008;0;0.639943143174375
B0028004;PL007;S008;0;0.640069783237387
B0052926;PL007;S008;0;0.630803195378927
B0035733;PL007;S008;0;0.695472940170677
B0002505;PL007;S008;0;0.701146100950553
B0011182;PL007;S008;0;0.691568452069509
B0031480;PL007;S008;0;0.705771699490946
B0003976;PL007;S008;0;0.658525148367357
B0072789;PL007;S008;0;0.656017285594626
B0073702;PL007;S008;0;0.655386477916475
B0068408;PL007;S008;0;0.702701367707062
B0018295;PL007;S008;0;0.659617020783322
B0044566;PL007;S008;0;0.66036570020079
B0028576;PL007;S008;0;0.687325508397411
B0050308;PL007;S008;0;0.660198032246453
B0028859;PL007;S008;0;0.737983059709911
B0044043;PL007;S008;0;0.589568637344382
B0050371;PL007;S008;0;0.670282581616115
B0018583;PL007;S008;0;0.668980439910896
B0035911;PL007;S008;0;0.705779238917143
B0070696;PL007;S008;0;0.66237468677288
B0027147;PL007;S008;0;0.713613829851845
B0013299;PL007;S008;0;0.736488439467143
B0008125;PL007;S008;0;0.652288985530886
B0046555;PL007;S008;0;0.713593947833903
B0000265;PL007;S008;0;0.644792859762994
B0032328;PL007;S008;0;0.640656107598028
B0046812;PL007;S008;0;0.645828251493511
B0056541;PL007;S004;0;0.635337085449265
B0036983;PL007;S004;0;0.479677199668377
B0042655;PL007;S004;0;0.647966687094598
B0002995;PL007;S004;0;0.710862854797468
B0042104;PL007;S004;0;0.641756501641732
B0031635;PL007;S004;0;0.670875164046897
B0006455;PL007;S004;0;0.66468771608654
B0063255;PL007;S004;0;0.635560514625323
B0061271;PL007;S004;0;0.607892525409612
B0025299;PL007;S004;0;0.682645411712187
B0005239;PL007;S004;0;0.618133940414882
B0035591;PL007;S004;0;0.625715163274488
B0058916;PL007;S004;0;0.663463781262945
B0057485;PL007;S004;0;0.670579972540353
B0006400;PL007;S004;0;0.651879945236678
B0049507;PL007;S004;0;0.680225194589039
B0051219;PL007;S004;0;0.670788103589056
B0004999;PL007;S004;0;0.6709098541222
B0051192;PL007;S004;0;0.721826643266386
B0025501;PL007;S004;0;0.685592993830466
B0062635;PL007;S004;0;0.680760761959911
B0058776;PL007;S004;0;0.641125862903173
B0042261;PL007;S004;0;0.655630796081737
B0031890;PL007;S004;0;0.648100205657006
B0057109;PL007;S004;0;0.727927780503111
B0072970;PL007;S004;0;0.687944821806436
B0057665;PL007;S004;0;0.647756402332865
B0032108;PL007;S004;0;0.671382333541628
B0023482;PL007;S004;0;0.674048941585279
B0007217;PL007;S004;0;0.666736983505256
B0035985;PL007;S004;0;0.674389137826388
B0049860;PL007;S004;0;0.697735087204998
B0065933;PL007;S004;0;0.709106694429169
B0069899;PL007;S004;0;0.688170856654096
B0007469;PL007;S004;0;0.674348518144081
B0057831;PL007;S004;0;0.696523281085954
B0044158;PL007;S004;0;0.752565016017236
B0000030;PL007;S004;0;0.686639041357509
B0014420;PL007;S004;0;0.684197363504777
B0018132;PL007;S004;0;0.629057226111575
B0064967;PL007;S004;0;0.69081927071101
B0044539;PL007;S004;0;0.628576561585415
B0009493;PL007;S004;0;0.688378181481049
B0000554;PL007;S004;0;0.649738271679865
B0020510;PL007;S004;0;0.614249977893099
B0039145;PL007;S004;0;0.606906810128167
B0067532;PL007;S004;0;0.672305265911938
B0024907;PL007;S004;0;0.6829234684573
B0013179;PL007;S004;0;0.736242629084745
B0054129;PL007;S004;0;0.636594161433697
B0030991;PL007;S004;0;0.641057406925342
B0072281;PL007;S004;0;0.646269686535558
B0022800;PL007;S004;0;0.72243888927637
B0043004;PL007;S004;0;0.70053467836706
B0017061;PL007;S004;0;0.636336326248182
B0015765;PL007;S004;0;0.634427847700482
B0037870;PL007;S004;0;0.676348059973787
B0068626;PL007;S004;0;0.676776193457793
B0072730;PL007;S004;0;0.650872416411682
B0035857;PL007;S004;0;0.6218381175631
B0038479;PL007;S004;0;0.666726023031263
B0042119;PL007;S004;0;0.672861754564776
B0043350;PL007;S004;0;0.678685951678634
B0067588;PL007;S004;0;0.67560480496258
B0063564;PL007;S004;0;0.660104496574681
B0046322;PL007;S004;0;0.700008298344684
B0028290;PL007;S004;0;0.707294792372247
B0023349;PL007;S004;0;0.676985926020738
B0001047;PL007;S004;0;0.641125862903173
B0004311;PL007;S004;0;0.647044878064089
B0025389;PL007;S004;0;0.679276409622293
B0002394;PL007;S004;0;0.688395058137703
B0014829;PL007;S004;0;0.661325119268514
B0004884;PL007;S004;0;0.662907680188602
B0042396;PL007;S004;0;0.683032534922549
B0022161;PL007;S004;0;0.694119266914081
B0018770;PL007;S004;0;0.660380168035406
B0048962;PL007;S004;0;0.751952352435766
B0004791;PL007;S004;0;0.652713107055298
B0067769;PL007;S004;0;0.639373968938942
B0052875;PL007;S004;0;0.657645354766356
B0023731;PL007;S004;0;0.700616298230797
B0059693;PL007;S004;0;0.679590115068601
B0032696;PL007;S004;0;0.745959241003681
B0008326;PL007;S004;0;0.75857610361321
B0065664;PL007;S004;0;0.656175812558112
B0011437;PL007;S004;0;0.689267069532724
B0006821;PL007;S004;0;0.643221613871794
B0038125;PL007;S004;0;0.682456090196088
B0068854;PL007;S004;0;0.643221613871794
B0008278;PL007;S004;0;0.643221613871794
B0012860;PL007;S004;0;0.682704344261472
B0070642;PL007;S004;0;0.672975748376634
B0018913;PL007;S004;0;0.653671838567962
B0004056;PL007;S004;0;0.65505102412369
B0064235;PL007;S004;0;0.643221613871794
B0010713;PL007;S004;0;0.342715197190011
B0000107;PL007;S004;0;0.504115539149551
B0008968;PL007;S004;0;0.667178219832737
B0047726;PL007;S004;0;0.695473429310235
B0067740;PL007;S004;0;0.633529590686268
B0067401;PL007;S004;0;0.59124978202687
B0069123;PL007;S004;0;0.674690956430292
B0025267;PL007;S004;0;0.659991181086542
B0038782;PL007;S004;0;0.64631336870622
B0019563;PL007;S004;0;0.664764142392309
B0020766;PL007;S004;0;0.690053724873525
B0053925;PL007;S004;0;0.614768659092626
B0058292;PL007;S004;0;0.731880466182402
B0005004;PL007;S004;0;0.599186525317317
B0029013;PL007;S004;0;0.661854006788198
B0012063;PL007;S004;0;0.646903848243413
B0055547;PL007;S004;0;0.657067517406837
B0061084;PL007;S004;0;0.713885652385469
B0014119;PL007;S004;0;0.665353020465136
B0034963;PL007;S004;0;0.625887033279929
B0000192;PL007;S004;0;0.666038036667775
B0012533;PL007;S004;0;0.68972675950936
B0033682;PL007;S004;0;0.659087246299515
B0024477;PL007;S004;0;0.659669072967214
B0037178;PL007;S004;0;0.651986303074809
B0060482;PL007;S004;0;0.728360096232598
B0021002;PL007;S004;0;0.647790741845573
B0030824;PL007;S004;0;0.625887033279929
B0019476;PL007;S004;0;0.693516440113052
B0028021;PL007;S004;0;0.724525611136011
B0054037;PL007;S004;0;0.682171806223964
B0026142;PL007;S004;0;0.708099023881239
B0048801;PL007;S004;0;0.730185952747389
B0017384;PL007;S004;0;0.721176993620398
B0002898;PL007;S004;0;0.699119855459014
B0040155;PL007;S004;0;0.661121196318858
B0044214;PL007;S004;0;0.657213712173822
B0021833;PL007;S004;0;0.669606613982794
B0034456;PL007;S004;0;0.653921565964878
B0010308;PL007;S004;0;0.657298562225217
B0020802;PL007;S004;0;0.674500792442477
B0032667;PL007;S004;0;0.676887887329319
B0018487;PL007;S004;0;0.696038793417547
B0048137;PL007;S004;0;0.640833943049288
B0041612;PL007;S004;0;0.712740381012289
B0021664;PL007;S004;0;0.662521669035687
B0053908;PL007;S004;0;0.666594851385145
B0036755;PL007;S004;0;0.690838972659678
B0041417;PL007;S004;0;0.740162651651928
B0049669;PL007;S004;0;0.676293600179758
B0034040;PL007;S004;0;0.654061286613929
B0001307;PL007;S004;0;0.677162045605135
B0009921;PL007;S004;0;0.766356500790286
B0040284;PL007;S004;0;0.691889427959332
B0060706;PL007;S004;0;0.669012905909519
B0066590;PL007;S004;0;0.708129589241671
B0011111;PL007;S004;0;0.68152161022542
B0047664;PL007;S004;0;0.676521305388811
B0024733;PL007;S004;0;0.691130404904698
B0014576;PL007;S004;0;0.715913941009815
B0006492;PL007;S004;0;0.702408680301962
B0005696;PL007;S004;0;0.669148051763021
B0002708;PL007;S004;0;0.670627925147974
B0027322;PL007;S004;0;0.670627925147974
B0014128;PL007;S004;0;0.69941919876062
B0007042;PL007;S004;0;0.668918197246454
B0009450;PL007;S004;0;0.669520293116539
B0060521;PL007;S004;0;0.700740018805219
B0023707;PL007;S004;0;0.650062432097265
B0011844;PL007;S004;0;0.659063504454725
B0074895;PL007;S004;0;0.673496685026985
B0065683;PL007;S004;0;0.667983887551633
B0021415;PL007;S004;0;0.659395883386811
B0022396;PL007;S004;0;0.695625301238397
B0028209;PL007;S004;0;0.641075245414576
B0041003;PL007;S004;0;0.672017821853904
B0001128;PL007;S004;0;0.675752378552049
B0008183;PL007;S004;0;0.661501375517091
B0057996;PL007;S004;0;0.692806927438095
B0050760;PL007;S004;0;0.669180014777069
B0019233;PL007;S004;0;0.642917417652799
B0061672;PL007;S004;0;0.698400635095347
B0032662;PL007;S004;0;0.687288832365884
B0056806;PL007;S004;0;0.676637276282755
B0029989;PL007;S004;0;0.614517799673647
B0009784;PL007;S004;0;0.640387942084137
B0002780;PL007;S004;0;0.724597167838205
B0056118;PL007;S004;0;0.690445579141953
B0070784;PL007;S004;0;0.700187568668379
B0042593;PL007;S004;0;0.755662246488721
B0067508;PL007;S004;0;0.66824528435464
B0067373;PL007;S004;0;0.700602123607389
B0073268;PL007;S004;0;0.665353020465136
B0030055;PL007;S004;0;0.645751880759054
B0016173;PL007;S004;0;0.659899530718013
B0063039;PL007;S004;0;0.666239241293292
B0007909;PL007;S004;0;0.666487964442676
B0050741;PL007;S004;0;0.665962733762662
B0065902;PL007;S004;0;0.714696509522775
B0048071;PL007;S004;0;0.708197829649119
B0011499;PL007;S004;0;0.691187260180433
B0067352;PL007;S004;0;0.692153131041998
B0057558;PL007;S004;0;0.694740808598926
B0007752;PL007;S004;0;0.683618088483726
B0063010;PL007;S004;0;0.699214193512273
B0050785;PL007;S004;0;0.66122219091144
B0011622;PL007;S004;0;0.642588696988412
B0060307;PL007;S004;0;0.682747810905541
B0034941;PL007;S004;0;0.656969499953489
B0036667;PL007;S003;0;0.300847756016172
B0009314;PL007;S003;0;0.568101393075764
B0041928;PL007;S003;0;0.493308978850863
B0010671;PL007;S003;0;0.578708454409991
B0031693;PL007;S003;0;0.582501978205435
B0018393;PL007;S003;0;0.628113343900551
B0004036;PL007;S003;0;0.687609145520752
B0065549;PL007;S003;0;0.63845738122869
B0074490;PL007;S003;0;0.653810174872142
B0016703;PL007;S003;0;0.647302278700126
B0003740;PL007;S003;0;0.650739110627868
B0016803;PL007;S003;0;0.646277395413886
B0004908;PL007;S003;0;0.648595826930077
B0015234;PL007;S003;0;0.694549383351271
B0027825;PL007;S003;0;0.670688901431818
B0043686;PL007;S003;0;0.626568768784356
B0057187;PL007;S003;0;0.636578262617005
B0074814;PL007;S003;0;0.653241178350139
B0046222;PL007;S003;0;0.64888751729642
B0038293;PL007;S003;0;0.626478567741041
B0041895;PL007;S003;0;0.644266942469619
B0074372;PL007;S003;0;0.743426893456717
B0070716;PL007;S003;0;0.660083146190689
B0031209;PL007;S003;0;0.640948355084519
B0013457;PL007;S003;0;0.654695799797721
B0065601;PL007;S003;0;0.66550493788619
B0064023;PL007;S003;0;0.664135489206356
B0039022;PL007;S003;0;0.642858060518103
B0010086;PL007;S003;0;0.634366100148146
B0034864;PL007;S003;0;0.653410979134127
B0013026;PL007;S003;0;0.637463331311116
B0070444;PL007;S003;0;0.632480738612205
B0072546;PL007;S003;0;0.632480738612205
B0070156;PL007;S003;0;0.637101222974822
B0035814;PL007;S003;0;0.651366588256522
B0039098;PL007;S003;0;0.67767807656242
B0050952;PL007;S003;0;0.67726399848189
B0062990;PL007;S003;0;0.672357892668984
B0068592;PL007;S003;0;0.661700584335214
B0038195;PL007;S003;0;0.655835918024942
B0042842;PL007;S003;0;0.642447442334576
B0017958;PL007;S003;0;0.677940137793903
B0018507;PL007;S003;0;0.637803180491815
B0054382;PL007;S003;0;0.665662005193719
B0003863;PL007;S003;0;0.666855598215691
B0013202;PL007;S003;0;0.677377651373528
B0072269;PL007;S003;0;0.652109272415806
B0071285;PL007;S003;0;0.657997825835004
B0028413;PL007;S003;0;0.639961809379199
B0043634;PL007;S003;0;0.659554729678554
B0048593;PL007;S003;0;0.649620059265211
B0014429;PL007;S003;0;0.646720895397153
B0013266;PL007;S003;0;0.651539496067959
B0007911;PL007;S003;0;0.655239339674653
B0009324;PL007;S003;0;0.682288245907618
B0012857;PL007;S003;0;0.65605011661204
B0073779;PL007;S003;0;0.64129670598656
B0018375;PL007;S003;0;0.634153849444461
B0017889;PL007;S003;0;0.643250687030061
B0014814;PL007;S003;0;0.649322425004156
B0055050;PL007;S003;0;0.647731914831727
B0019198;PL007;S003;0;0.640720644148157
B0043509;PL007;S003;0;0.63988755433313
B0061751;PL007;S003;0;0.747955067240931
B0049662;PL007;S003;0;0.663114766289581
B0010568;PL007;S003;0;0.668389611872752
B0031513;PL007;S003;0;0.70277200196869
B0005062;PL007;S003;0;0.645645755979209
B0072702;PL007;S003;0;0.639646227344494
B0037003;PL007;S003;0;0.679375733030074
B0048017;PL007;S003;0;0.710988953393257
B0014968;PL007;S003;0;0.514681885476065
B0032297;PL007;S003;0;0.585174681704041
B0059498;PL007;S003;0;0.677901205194946
B0026945;PL007;S003;0;0.659653020763245
B0031564;PL007;S003;0;0.650587765044964
B0011614;PL007;S003;0;0.649994476164546
B0060105;PL007;S003;0;0.645473711808894
B0025513;PL007;S003;0;0.633018527610737
B0045472;PL007;S003;0;0.653731315752557
B0051920;PL007;S003;0;0.680921987355489
B0044621;PL007;S003;0;0.673287238627703
B0043270;PL007;S003;0;0.645323416471526
B0051427;PL007;S003;0;0.652465207324217
B0037619;PL007;S003;0;0.634691771887646
B0050102;PL007;S003;0;0.604306210162925
B0062317;PL007;S003;0;0.604306210162925
B0041944;PL007;S003;0;0.54919682523158
B0003566;PL007;S003;0;0.634038278453453
B0036487;PL007;S003;0;0.649723195960787
B0029296;PL007;S003;0;0.677200071705783
B0031008;PL007;S003;0;0.639961424054625
B0073291;PL007;S003;0;0.668565789236582
B0061203;PL007;S003;0;0.657921096519776
B0015015;PL007;S003;0;0.642958705133671
B0024296;PL007;S003;0;0.640477169031353
B0024067;PL007;S003;0;0.663010227529527
B0051291;PL007;S003;0;0.654371308421678
B0038537;PL007;S003;0;0.681216518072244
B0006062;PL007;S003;0;0.606472440159595
B0011931;PL007;S003;0;0.66343319689304
B0055506;PL007;S003;0;0.659769502961066
B0054691;PL007;S003;0;0.683302581243089
B0017336;PL007;S003;0;0.698504973496613
B0010315;PL007;S003;0;0.66683569976154
B0063783;PL007;S003;0;0.605480524768494
B0035232;PL007;S003;0;0.71806514326664
B0035469;PL007;S003;0;0.628333939215161
B0016312;PL007;S003;0;0.725169236925814
B0042587;PL007;S003;0;0.698972690876597
B0001516;PL007;S003;0;0.635202505509846
B0001506;PL007;S003;0;0.645960219573387
B0055955;PL007;S003;0;0.647615365348599
B0036903;PL007;S003;0;0.638245766641571
B0008447;PL007;S003;0;0.64342010485161
B0019516;PL007;S003;0;0.661787845326458
B0037131;PL007;S003;0;0.655786262052278
B0009580;PL007;S003;0;0.62299817798443
B0050387;PL007;S003;0;0.626103837242486
B0067776;PL007;S003;0;0.665838693498938
B0046457;PL007;S003;0;0.632322973296834
B0061827;PL007;S003;0;0.733338431928273
B0008445;PL007;S003;0;0.631385153924713
B0066001;PL007;S003;0;0.632244724572578
B0029851;PL007;S003;0;0.635202505509846
B0066802;PL007;S003;0;0.642314204858533
B0022405;PL007;S003;0;0.638154737415008
B0008730;PL007;S003;0;0.642314204858533
B0066808;PL007;S003;0;0.658973096759945
B0003052;PL007;S003;0;0.703642741371435
B0040899;PL007;S003;0;0.717631584535642
B0026570;PL007;S003;0;0.65263178930601
B0066402;PL007;S003;0;0.661765815377684
B0042299;PL007;S003;0;0.656396714616992
B0042054;PL007;S003;0;0.643107946667751
B0041609;PL007;S003;0;0.682739820768459
B0039791;PL007;S003;0;0.668871749077062
B0031625;PL007;S003;0;0.655699526109649
B0007450;PL007;S003;0;0.657312247708327
B0042601;PL007;S003;0;0.669294043589854
B0034836;PL007;S003;0;0.715727532706613
B0050881;PL007;S003;0;0.667844906123088
B0017574;PL007;S003;0;0.642722868317384
B0007952;PL007;S003;0;0.686112687831537
B0045005;PL007;S003;0;0.664533755328078
B0010730;PL007;S003;0;0.672773098011973
B0027752;PL007;S003;0;0.662300956472388
B0009283;PL007;S003;0;0.665794343158759
B0049216;PL007;S003;0;0.661381319422989
B0044024;PL007;S003;0;0.653443271000076
B0006645;PL007;S003;0;0.654990649909512
B0050579;PL007;S003;0;0.650738341840735
B0038633;PL007;S003;0;0.674258120494162
B0048007;PL007;S003;0;0.648564446276893
B0046723;PL007;S003;0;0.653718322593336
B0069475;PL007;S003;0;0.647127868093868
B0038705;PL007;S003;0;0.670582958911325
B0059930;PL007;S003;0;0.651893147933783
B0016231;PL007;S003;0;0.64209456351134
B0061025;PL007;S003;0;0.678055199279887
B0056300;PL007;S003;0;0.692039134062472
B0055718;PL007;S003;0;0.685277885820214
B0026226;PL007;S003;0;0.670927649299777
B0053518;PL007;S003;0;0.65232508067158
B0047154;PL007;S003;0;0.651240559405854
B0026658;PL007;S003;0;0.641634704214255
B0067475;PL007;S003;0;0.642274847153877
B0043329;PL007;S003;0;0.65115064224911
B0011507;PL007;S003;0;0.708360651219686
B0061519;PL007;S003;0;0.628710365240553
B0062138;PL007;S003;0;0.669620666625982
B0071833;PL007;S003;0;0.663990268460911
B0004654;PL007;S003;0;0.691593998413822
B0000314;PL007;S003;0;0.69224794002989
B0051069;PL007;S003;0;0.65612051335366
B0034108;PL007;S003;0;0.675823421055314
B0003794;PL007;S003;0;0.660627932004471
B0018219;PL007;S003;0;0.643076211037259
B0052831;PL007;S003;0;0.582537587232793
B0047811;PL007;S003;0;0.67554154967208
B0015922;PL007;S003;0;0.638100145991221
B0066618;PL007;S003;0;0.681225187079026
B0067426;PL007;S003;0;0.65292799251859
B0020545;PL007;S003;0;0.654483929398583
B0068069;PL007;S003;0;0.71475744677189
B0065942;PL007;S003;0;0.647818703807572
B0029352;PL007;S003;0;0.678754583850353
B0061966;PL007;S003;0;0.652145448974881
B0072095;PL007;S003;0;0.660120612812123
B0058612;PL007;S003;0;0.653935658783465
B0022266;PL007;S003;0;0.660815598679194
B0047809;PL007;S003;0;0.698464382766607
B0028688;PL007;S003;0;0.675074715218952
B0008239;PL007;S003;0;0.646276623806183
B0027726;PL007;S003;0;0.717446808852355
B0052549;PL007;S003;0;0.691726619508926
B0005683;PL007;S003;0;0.632260441343992
B0042043;PL007;S003;0;0.698675579392143
B0037876;PL007;S003;0;0.646948667262033
B0063970;PL007;S003;0;0.694924814209609
B0019346;PL007;S003;0;0.750075262230951
B0009209;PL007;S003;0;0.634953029539235
B0071275;PL007;S003;0;0.708596129598218
B0052376;PL007;S003;0;0.728396050672474
B0029590;PL007;S003;0;0.644208029325274
B0048944;PL007;S003;0;0.648505512841426
B0004645;PL007;S003;0;0.647127868093868
B0055060;PL007;S003;0;0.665671073425109
B0059081;PL007;S003;0;0.673698109189931
B0046181;PL007;S003;0;0.574455437259168
B0018091;PL007;S006;0;0.641913892871264
B0034358;PL007;S006;0;0.659597134015134
B0050959;PL007;S006;0;0.64536113518431
B0001581;PL007;S006;0;0.693667594675054
B0047290;PL007;S006;0;0.647072866577339
B0071654;PL007;S006;0;0.642693066194066
B0060867;PL007;S006;0;0.556567013256871
B0052717;PL007;S006;0;0.596512846455906
B0020042;PL007;S006;0;0.622419669231909
B0042705;PL007;S006;0;0.655957772087543
B0056837;PL007;S006;0;0.641390114027614
B0010740;PL007;S006;0;0.651324045924761
B0046379;PL007;S006;0;0.533890152865676
B0046119;PL007;S006;0;0.643686655566638
B0060687;PL007;S006;0;0.672984235654277
B0024490;PL007;S006;0;0.702210647635214
B0033752;PL007;S006;0;0.658400083951852
B0066397;PL007;S006;0;0.641134677574406
B0047256;PL007;S006;0;0.621708870658665
B0056479;PL007;S006;0;0.630148754473623
B0072792;PL007;S006;0;0.655872845881885
B0016876;PL007;S006;0;0.666284556206867
B0036504;PL007;S006;0;0.66717529405572
B0033621;PL007;S006;0;0.670553358055494
B0031296;PL007;S006;0;0.668368490373154
B0009540;PL007;S006;0;0.684531330597221
B0058346;PL007;S006;0;0.638818946703904
B0072831;PL007;S006;0;0.635703673998936
B0058674;PL007;S006;0;0.626700579892213
B0006524;PL007;S006;0;0.616875622313286
B0035238;PL007;S006;0;0.645836920742953
B0060279;PL007;S006;0;0.648132579285071
B0008791;PL007;S006;0;0.640647394170966
B0015148;PL007;S006;0;0.666750471986997
B0027612;PL007;S006;0;0.654917709882758
B0031354;PL007;S006;0;0.659672848586832
B0043452;PL007;S006;0;0.680739832094016
B0008967;PL007;S006;0;0.669618358797669
B0074927;PL007;S006;0;0.678155585900791
B0053673;PL007;S006;0;0.639890737341618
B0053276;PL007;S006;0;0.669696146565761
B0050280;PL007;S006;0;0.653811331724309
B0011308;PL007;S006;0;0.482922203983998
B0069765;PL007;S006;0;0.709600064197186
B0013899;PL007;S006;0;0.633827299736329
B0048205;PL007;S006;0;0.647917692183006
B0004529;PL007;S006;0;0.635340525032533
B0017315;PL007;S006;0;0.644465466688198
B0024932;PL007;S006;0;0.644465466688198
B0050353;PL007;S006;0;0.646153189353518
B0046686;PL007;S006;0;0.656228775493072
B0035826;PL007;S006;0;0.607446728415985
B0018702;PL007;S006;0;0.651007279081664
B0004660;PL007;S006;0;0.561112955008047
B0013468;PL007;S006;0;0.652458006585631
B0055043;PL007;S006;0;0.64711267521453
B0048634;PL007;S006;0;0.627944241723505
B0020382;PL007;S006;0;0.642860338433432
B0041642;PL007;S006;0;0.73910668475089
B0022374;PL007;S006;0;0.644266061078885
B0002303;PL007;S006;0;0.661013885244211
B0020653;PL007;S006;0;0.663146227081372
B0043867;PL007;S006;0;0.649135591279388
B0060163;PL007;S006;0;0.646247212998414
B0068460;PL007;S006;0;0.654912474934836
B0001804;PL007;S006;0;0.673548136383647
B0013394;PL007;S006;0;0.668265279379134
B0033624;PL007;S006;0;0.673319755556747
B0021944;PL007;S006;0;0.681319003538529
B0029601;PL007;S006;0;0.639713633765938
B0016601;PL007;S006;0;0.67215250453843
B0046792;PL007;S006;0;0.685307531921888
B0071266;PL007;S006;0;0.610544713491076
B0073848;PL007;S006;0;0.643944475002606
B0051502;PL007;S006;0;0.6530584140984
B0046367;PL007;S006;0;0.650521183032924
B0003730;PL007;S006;0;0.668481939192554
B0042431;PL007;S006;0;0.685254016077824
B0045780;PL007;S006;0;0.633564668240542
B0001878;PL007;S006;0;0.646154489523489
B0026676;PL007;S006;0;0.666286086440091
B0001242;PL007;S006;0;0.646307382538938
B0074409;PL007;S006;0;0.640818335573136
B0038988;PL007;S006;0;0.678194990016019
B0069938;PL007;S006;0;0.680497826583408
B0057349;PL007;S006;0;0.632842390836435
B0017348;PL007;S006;0;0.623562055147562
B0065735;PL007;S006;0;0.630523517515599
B0006258;PL007;S006;0;0.637034461361977
B0020214;PL007;S006;0;0.641181928942264
B0040010;PL007;S006;0;0.64428710804052
B0005267;PL007;S006;0;0.619185716707095
B0030891;PL007;S006;0;0.637224667688764
B0006401;PL007;S006;0;0.640981852015114
B0071767;PL007;S006;0;0.640981852015114
B0055676;PL007;S006;0;0.622148099894294
B0009827;PL007;S006;0;0.660167720630835
B0029533;PL007;S006;0;0.655070937139048
B0028136;PL007;S006;0;0.643071185684317
B0065739;PL007;S006;0;0.655817979762364
B0048900;PL007;S006;0;0.643071185684317
B0051996;PL007;S006;0;0.719701290360641
B0048408;PL007;S006;0;0.636410574530425
B0056316;PL007;S006;0;0.648994499165918
B0046870;PL007;S006;0;0.647669043145171
B0004554;PL007;S006;0;0.651667122529975
B0015407;PL007;S006;0;0.647226277028604
B0006088;PL007;S006;0;0.640641046805984
B0011310;PL007;S006;0;0.562865578370083
B0018569;PL007;S006;0;0.629295319707982
B0054253;PL007;S006;0;0.641572862568426
B0063594;PL007;S006;0;0.629913429845701
B0071998;PL007;S006;0;0.639177242480469
B0032500;PL007;S006;0;0.637586079640381
B0003803;PL007;S006;0;0.6527316278914
B0035916;PL007;S006;0;0.635439867182338
B0070139;PL007;S006;0;0.665955099650972
B0037807;PL007;S006;0;0.704046721434089
B0023716;PL007;S006;0;0.645429359258024
B0023995;PL007;S006;0;0.655059302682104
B0047703;PL007;S006;0;0.667418163980352
B0015233;PL007;S006;0;0.716383496394748
B0031783;PL007;S006;0;0.726487957294487
B0010598;PL007;S006;0;0.664601507263535
B0003361;PL007;S006;0;0.651863367807043
B0054591;PL007;S006;0;0.658807607752688
B0059699;PL007;S006;0;0.64498991356876
B0003611;PL007;S006;0;0.678056817379989
B0041476;PL007;S006;0;0.723104374177721
B0056346;PL007;S006;0;0.628399236319148
B0003376;PL007;S006;0;0.644520307793212
B0007301;PL007;S006;0;0.637858235289198
B0067318;PL007;S006;0;0.65825342009406
B0030229;PL007;S006;0;0.674441990011479
B0036357;PL007;S006;0;0.711620657298796
B0072032;PL007;S006;0;0.648883708394084
B0020775;PL007;S006;0;0.660192760678164
B0066725;PL007;S006;0;0.655118277781941
B0067395;PL007;S006;0;0.655426715607248
B0061442;PL007;S006;0;0.631947699401918
B0030657;PL007;S006;0;0.64822423366192
B0019669;PL007;S006;0;0.652034579587748
B0060120;PL007;S006;0;0.641740792249812
B0034320;PL007;S006;0;0.654505843600114
B0045242;PL007;S006;0;0.64694284510027
B0023800;PL007;S006;0;0.661282859000339
B0032663;PL007;S006;0;0.64075649523681
B0059793;PL007;S006;0;0.632562834132642
B0027753;PL007;S006;0;0.654720219878691
B0022249;PL007;S006;0;0.643573825712277
B0023362;PL007;S006;0;0.653438205350641
B0064493;PL007;S006;0;0.661044260285734
B0064854;PL007;S006;0;0.687152056235648
B0004913;PL007;S006;0;0.675781898027725
B0006766;PL007;S006;0;0.679292138709054
B0006035;PL007;S006;0;0.671491100733017
B0042189;PL007;S006;0;0.728111594732584
B0047539;PL007;S006;0;0.620766856154322
B0068129;PL007;S006;0;0.633224324078308
B0048661;PL007;S006;0;0.659411234544885
B0058244;PL007;S006;0;0.73213746840722
B0034767;PL007;S006;0;0.612315658648162
B0053086;PL007;S006;0;0.612315658648162
B0048139;PL007;S006;0;0.642100424598657
B0067248;PL007;S006;0;0.666850661121157
B0068463;PL007;S006;0;0.632454660227384
B0049467;PL007;S006;0;0.601893569358381
B0064144;PL007;S006;0;0.66257801698039
B0030075;PL007;S006;0;0.649190799023503
B0037391;PL007;S006;0;0.699243147447889
B0009590;PL007;S006;0;0.651798800240542
B0009107;PL007;S006;0;0.689027029948793
B0021115;PL007;S006;0;0.624455675430712
B0068169;PL007;S006;0;0.635383850126795
B0000214;PL007;S006;0;0.658144056526375
B0004673;PL007;S006;0;0.653028466328949
B0036474;PL007;S006;0;0.665796856543266
B0026966;PL007;S006;0;0.653710534587149
B0053839;PL007;S006;0;0.646980596228967
B0033549;PL007;S006;0;0.641374937438195
B0048203;PL007;S006;0;0.658180825602865
B0049978;PL007;S006;0;0.657278850149
B0046013;PL007;S006;0;0.643043597912082
B0072262;PL007;S006;0;0.626629191921794
B0038569;PL007;S006;0;0.640837975582109
B0000996;PL007;S006;0;0.56500808485213
B0007751;PL007;S006;0;0.662371517295518
B0014858;PL007;S006;0;0.628773472563416
B0059396;PL007;S006;0;0.662223866154809
B0013008;PL007;S006;0;0.645278310055819
B0016526;PL007;S006;0;0.631481945572794
B0064852;PL007;S006;0;0.727553299299302
B0032612;PL007;S006;0;0.62683701776884
B0054497;PL007;S006;0;0.638693786525628
B0070914;PL007;S006;0;0.643535700329937
B0011167;PL007;S006;0;0.645069369513338
B0013310;PL007;S006;0;0.639728623131663
B0025656;PL007;S006;0;0.626422139672919
B0023127;PL007;S006;0;0.657855731738374
B0014600;PL007;S006;0;0.731306270418047
B0018950;PL007;S006;0;0.707054316115723
B0044490;PL007;S006;0;0.646215013935533
B0056791;PL007;S006;0;0.654102134776512
B0062725;PL007;S006;0;0.665079787296749
B0045458;PL007;S006;0;0.629835199045222
B0059959;PL007;S006;0;0.649382029500475
B0033821;PL007;S006;0;0.653604541425972
B0055462;PL007;S006;0;0.638018739920301
B0044428;PL007;S006;0;0.631732831652115
B0016392;PL007;S006;0;0.646595991150773
B0026666;PL007;S006;0;0.728310103826054
B0033120;PL007;S006;0;0.643306210620184
B0000376;PL007;S006;0;0.634691197751477
B0044623;PL007;S006;0;0.677267647070035
B0022346;PL007;S005;0;0.297309390095796
B0005298;PL007;S005;0;0.579273724921659
B0024125;PL007;S005;0;0.565682795188283
B0029124;PL007;S005;0;0.539106744259735
B0012730;PL007;S005;0;0.559257812233023
B0044484;PL007;S005;0;0.515363770566013
B0020783;PL007;S005;0;0.638067794394551
B0069788;PL007;S005;0;0.641813272055642
B0022069;PL007;S005;0;0.654697941383646
B0061671;PL007;S005;0;0.680046661563795
B0015539;PL007;S005;0;0.664989289755743
B0014397;PL007;S005;0;0.660442842657504
B0053833;PL007;S005;0;0.640593926133828
B0026821;PL007;S005;0;0.677070424947543
B0065714;PL007;S005;0;0.597879187965708
B0000584;PL007;S005;0;0.651795519543846
B0042383;PL007;S005;0;0.660067767072284
B0016062;PL007;S005;0;0.603928061621025
B0010922;PL007;S005;0;0.670344305050805
B0039492;PL007;S005;0;0.68448634290347
B0063197;PL007;S005;0;0.691487691335906
B0055752;PL007;S005;0;0.688014154608693
B0048555;PL007;S005;0;0.65312983753374
B0052661;PL007;S005;0;0.697153570161154
B0042270;PL007;S005;0;0.675736727955974
B0035978;PL007;S005;0;0.669596029057905
B0022641;PL007;S005;0;0.650532455659802
B0029516;PL007;S005;0;0.655306962110606
B0008307;PL007;S005;0;0.686987762825294
B0059919;PL007;S005;0;0.66356057103477
B0023293;PL007;S005;0;0.699084352211969
B0000984;PL007;S005;0;0.557602874548724
B0070346;PL007;S005;0;0.678739977256121
B0026827;PL007;S005;0;0.612714822068632
B0038302;PL007;S005;0;0.66014646400178
B0024833;PL007;S005;0;0.644742264540187
B0072308;PL007;S005;0;0.680246481313614
B0058507;PL007;S005;0;0.661027634697355
B0016103;PL007;S005;0;0.685117768944524
B0070367;PL007;S005;0;0.568883097396672
B0068967;PL007;S005;0;0.633837539864238
B0048472;PL007;S005;0;0.647959768011741
B0026715;PL007;S005;0;0.633987622902427
B0032540;PL007;S005;0;0.648901394315131
B0060431;PL007;S005;0;0.676557683477527
B0013670;PL007;S005;0;0.682769320982828
B0066732;PL007;S005;0;0.673015626660877
B0044707;PL007;S005;0;0.650123932382329
B0010599;PL007;S005;0;0.640401662426232
B0039300;PL007;S005;0;0.662368945509905
B0002289;PL007;S005;0;0.660794344759339
B0055778;PL007;S005;0;0.672383095924355
B0066193;PL007;S005;0;0.634454337037622
B0011519;PL007;S005;0;0.622520673060202
B0029069;PL007;S005;0;0.652472930182033
B0038312;PL007;S005;0;0.635734989449745
B0042528;PL007;S005;0;0.647803012752112
B0071093;PL007;S005;0;0.645060170931734
B0026545;PL007;S005;0;0.642483920074281
B0057298;PL007;S005;0;0.647547890694704
B0003198;PL007;S005;0;0.693080245516488
B0033113;PL007;S005;0;0.643911666848646
B0044588;PL007;S005;0;0.663115370681718
B0062167;PL007;S005;0;0.655624385336457
B0003393;PL007;S005;0;0.658276154087995
B0029958;PL007;S005;0;0.681692195130004
B0011846;PL007;S005;0;0.671135042152298
B0020283;PL007;S005;0;0.691783718883034
B0071365;PL007;S005;0;0.690812836023438
B0002620;PL007;S005;0;0.697525738933775
B0006206;PL007;S005;0;0.656525321893378
B0030912;PL007;S005;0;0.644913715728941
B0061523;PL007;S005;0;0.674693837180076
B0062772;PL007;S005;0;0.621162836706921
B0027613;PL007;S005;0;0.681848927899972
B0028313;PL007;S005;0;0.653481235527724
B0005942;PL007;S005;0;0.68313325156656
B0070856;PL007;S005;0;0.556376626156433
B0062699;PL007;S005;0;0.672706199247745
B0054435;PL007;S005;0;0.647864535869379
B0067093;PL007;S005;0;0.668262282700237
B0068933;PL007;S005;0;0.685123865224239
B0066896;PL007;S005;0;0.690808783580456
B0008683;PL007;S005;0;0.685467324256322
B0059318;PL007;S005;0;0.675408677429561
B0001411;PL007;S005;0;0.654380671654268
B0016500;PL007;S005;0;0.652541143356903
B0019274;PL007;S005;0;0.6732981094195
B0042447;PL007;S005;0;0.654595967231936
B0036701;PL007;S005;0;0.666913406542469
B0046516;PL007;S005;0;0.613117301083209
B0020939;PL007;S005;0;0.64722633660467
B0012949;PL007;S005;0;0.655056641444867
B0067969;PL007;S005;0;0.662767401705932
B0035959;PL007;S005;0;0.662139360362694
B0059453;PL007;S005;0;0.647571871782356
B0070118;PL007;S005;0;0.716769562696034
B0043159;PL007;S005;0;0.65967364319782
B0068982;PL007;S005;0;0.675497128861312
B0039147;PL007;S005;0;0.719404477849712
B0070589;PL007;S005;0;0.647804646544981
B0006717;PL007;S005;0;0.696301806089889
B0071503;PL007;S005;0;0.609092707443542
B0043415;PL007;S005;0;0.635856879865858
B0051329;PL007;S005;0;0.655972574137832
B0013817;PL007;S005;0;0.671021191042471
B0020194;PL007;S005;0;0.647813201690404
B0061529;PL007;S005;0;0.641680613095826
B0073047;PL007;S005;0;0.624097215901234
B0021857;PL007;S005;0;0.751323710482875
B0054891;PL007;S005;0;0.708756712829882
B0040995;PL007;S005;0;0.641405192914666
B0069023;PL007;S005;0;0.634917925328743
B0009359;PL007;S005;0;0.672491172658812
B0033592;PL007;S005;0;0.667316346746837
B0047310;PL007;S005;0;0.636838384612802
B0047711;PL007;S005;0;0.65353379622149
B0072966;PL007;S005;0;0.627125041288118
B0065434;PL007;S005;0;0.652095075106728
B0052828;PL007;S005;0;0.628580431549856
B0007475;PL007;S005;0;0.62882782047216
B0015326;PL007;S005;0;0.631333177148639
B0065553;PL007;S005;0;0.636307285404351
B0028561;PL007;S005;0;0.658968315376947
B0016161;PL007;S005;0;0.628674268219523
B0053103;PL007;S005;0;0.655287853907766
B0050397;PL007;S005;0;0.644838560989745
B0040042;PL007;S005;0;0.723418377122686
B0038041;PL007;S005;0;0.718837471588408
B0058183;PL007;S005;0;0.697295257282869
B0063692;PL007;S005;0;0.659704873340998
B0049259;PL007;S005;0;0.660820322291409
B0045401;PL007;S005;0;0.675378000752558
B0049743;PL007;S005;0;0.661897783665715
B0067881;PL007;S005;0;0.697431819675865
B0067822;PL007;S005;0;0.66828963562814
B0022024;PL007;S005;0;0.667592514106347
B0027385;PL007;S005;0;0.696003601849706
B0001671;PL007;S005;0;0.680141605218655
B0049791;PL007;S005;0;0.678709051561237
B0004472;PL007;S005;0;0.64994293904078
B0061802;PL007;S005;0;0.683238711160804
B0015615;PL007;S005;0;0.656942042443384
B0018508;PL007;S005;0;0.759017609454794
B0043290;PL007;S005;0;0.684630322486436
B0034083;PL007;S005;0;0.718042653156472
B0038431;PL007;S005;0;0.661822490797555
B0071796;PL007;S005;0;0.66542572181877
B0052030;PL007;S005;0;0.651026423729135
B0003947;PL007;S005;0;0.661897783665715
B0007215;PL007;S005;0;0.64817520334836
B0071383;PL007;S005;0;0.700259039144088
B0019349;PL007;S005;0;0.649391608515154
B0043841;PL007;S005;0;0.71206329140151
B0031418;PL007;S005;0;0.68984686019579
B0069575;PL007;S005;0;0.640030441351649
B0042627;PL007;S005;0;0.698483546625016
B0009068;PL007;S005;0;0.626596881148296
B0016408;PL007;S005;0;0.667781952035424
B0054880;PL007;S005;0;0.723423119695732
B0005238;PL007;S005;0;0.702691206850343
B0021061;PL007;S005;0;0.682685308418677
B0005708;PL007;S005;0;0.652551342325398
B0011306;PL007;S005;0;0.671752734517309
B0058900;PL007;S005;0;0.624175179185253
B0052305;PL007;S005;0;0.673953786547164
B0014559;PL007;S005;0;0.68236822650602
B0024725;PL007;S005;0;0.615593428555632
B0020696;PL007;S005;0;0.652736750338368
B0061036;PL007;S005;0;0.643915473203454
B0035515;PL007;S005;0;0.692325810047584
B0057117;PL007;S005;0;0.640169738307668
B0074495;PL007;S005;0;0.662682929478989
B0023721;PL007;S005;0;0.723514239995298
B0011761;PL007;S005;0;0.717007585131518
B0055072;PL007;S005;0;0.68772991193304
B0026734;PL007;S005;0;0.694137326840358
B0054338;PL007;S005;0;0.674756778824498
B0013709;PL007;S005;0;0.686898298820045
B0050576;PL007;S005;0;0.686898298820045
B0024796;PL007;S005;0;0.642304403150982
B0037377;PL007;S005;0;0.661798664840182
B0004322;PL007;S005;0;0.653800788630039
B0055126;PL007;S005;0;0.588898977537472
B0028522;PL007;S005;0;0.662531191458538
B0017149;PL007;S005;0;0.67593231955458
B0003669;PL007;S005;0;0.676755302279791
B0071926;PL007;S005;0;0.602302406048316
B0063274;PL007;S005;0;0.604927955932649
B0031808;PL007;S005;0;0.655437596469032
B0066612;PL007;S005;0;0.654196851217665
B0019085;PL007;S005;0;0.655552645903924
B0038023;PL007;S005;0;0.655552645903924
B0029441;PL007;S005;0;0.657730361656223
B0041064;PL007;S005;0;0.662531191458538
B0001388;PL007;S005;0;0.717730176553077
B0054118;PL007;S005;0;0.65585149714012
B0039083;PL007;S005;0;0.685198902408114
B0025766;PL007;S005;0;0.475565786794936
B0068403;PL007;S005;0;0.665051525184086
B0024214;PL007;S005;0;0.645868761099776
B0036108;PL007;S005;0;0.627928468226516
B0068183;PL007;S005;0;0.703988957892944
B0028982;PL007;S005;0;0.643622063446867
B0066409;PL007;S005;0;0.631503765863848
B0055481;PL007;S005;0;0.655938152901865
B0007869;PL007;S005;0;0.609284088871213
B0070826;PL007;S005;0;0.683101959954857
B0074201;PL007;S005;0;0.684630322486436
B0002464;PL007;S005;0;0.687974628121535
B0031540;PL007;S005;0;0.661429365642106
B0032862;PL007;S005;0;0.654870648227058
B0000640;PL007;S005;0;0.721524883020667
B0014941;PL007;S005;0;0.692868752613313
B0024885;PL007;S005;0;0.666712048557867
B0056657;PL007;S005;0;0.717323227625131
B0003006;PL007;S005;0;0.674423361061324
B0002941;PL007;S005;0;0.695503617421039
B0036461;PL007;S005;0;0.664579630070525
B0040009;PL007;S005;0;0.672583124485611
B0057409;PL007;S005;0;0.657726100119059
B0068660;PL007;S005;0;0.668505843785776
B0033116;PL007;S005;0;0.657696125458263
B0064620;PL007;S005;0;0.656891682448368
B0039087;PL007;S005;0;0.64593946810309
B0044543;PL007;S005;0;0.655156127637109
B0006186;PL007;S005;0;0.729588608864973
B0030656;PL007;S005;0;0.655461004655034
B0020431;PL007;S005;0;0.639030913338496
B0035451;PL007;S005;0;0.731560571798977
B0064869;PL007;S005;0;0.592765079004494
B0070672;PL007;S005;0;0.637619860896045
B0071304;PL007;S005;0;0.642505356137094
B0026709;PL007;S005;0;0.633748316217131
B0006176;PL007;S002;0;0.595000049875645
B0015237;PL007;S002;0;0.547121232707267
B0043299;PL007;S002;0;0.631767194495431
B0041773;PL007;S002;0;0.628364815366722
B0071052;PL007;S002;0;0.540374833844079
B0013691;PL007;S002;0;0.709153740610299
B0044905;PL007;S002;0;0.640260153697908
B0046722;PL007;S002;0;0.528789972499648
B0005119;PL007;S002;0;0.684959060340345
B0027728;PL007;S002;0;0.675002164859564
B0066424;PL007;S002;0;0.698998503812514
B0017723;PL007;S002;0;0.641050336898202
B0011052;PL007;S002;0;0.616137299067257
B0074500;PL007;S002;0;0.785055855254547
B0044852;PL007;S002;0;0.724502921463364
B0011645;PL007;S002;0;0.624366882900962
B0008490;PL007;S002;0;0.681963298543079
B0066705;PL007;S002;0;0.704679997794974
B0019497;PL007;S002;0;0.720903945365894
B0052289;PL007;S002;0;0.691557366976002
B0064982;PL007;S002;0;0.70546419435171
B0008027;PL007;S002;0;0.702344167203372
B0049970;PL007;S002;0;0.64389691214751
B0074021;PL007;S002;0;0.734219942694286
B0054304;PL007;S002;0;0.657018242821625
B0056833;PL007;S002;0;0.659973755254391
B0063058;PL007;S002;0;0.657413472181123
B0022469;PL007;S002;0;0.69753776118252
B0015826;PL007;S002;0;0.702465335221723
B0033186;PL007;S002;0;0.641411357920745
B0034075;PL007;S002;0;0.646262661697039
B0034798;PL007;S002;0;0.619488667235338
B0001741;PL007;S002;0;0.699212066572972
B0067170;PL007;S002;0;0.683250552630234
B0056482;PL007;S002;0;0.544533116249636
B0053208;PL007;S002;0;0.656282054987129
B0059949;PL007;S002;0;0.687212867700813
B0021663;PL007;S002;0;0.649428619959667
B0043183;PL007;S002;0;0.663615949903759
B0039318;PL007;S002;0;0.721346331866575
B0068799;PL007;S002;0;0.61426138693923
B0008022;PL007;S002;0;0.733299132423603
B0064992;PL007;S002;0;0.744066116782959
B0059414;PL007;S002;0;0.683372916914609
B0013836;PL007;S002;0;0.655425570571432
B0067111;PL007;S002;0;0.650612149327944
B0006469;PL007;S002;0;0.676390746485461
B0046297;PL007;S002;0;0.619227466039606
B0029294;PL007;S002;0;0.631017782552759
B0014027;PL007;S002;0;0.673627955091781
B0029084;PL007;S002;0;0.668606026706471
B0001368;PL007;S002;0;0.68125639725935
B0062712;PL007;S002;0;0.637911188276666
B0073591;PL007;S002;0;0.616733721372068
B0017468;PL007;S002;0;0.697407532478908
B0013681;PL007;S002;0;0.61746681909782
B0061113;PL007;S002;0;0.692131655385692
B0072344;PL007;S002;0;0.673531793640339
B0070917;PL007;S002;0;0.646678502571995
B0053976;PL007;S002;0;0.619227466039606
B0000576;PL007;S002;0;0.645399150678484
B0029889;PL007;S002;0;0.685407388744025
B0000849;PL007;S002;0;0.6734431842201
B0067223;PL007;S002;0;0.688559262722654
B0061449;PL007;S002;0;0.684444003111752
B0072479;PL007;S002;0;0.685530935074675
B0044695;PL007;S002;0;0.655394135872315
B0049150;PL007;S002;0;0.63733239746224
B0055565;PL007;S002;0;0.64389691214751
B0073645;PL007;S002;0;0.697424740554088
B0056287;PL007;S002;0;0.648194572106309
B0010834;PL007;S002;0;0.623372237327826
B0035275;PL007;S002;0;0.630231414307097
B0071280;PL007;S002;0;0.651708047408062
B0072407;PL007;S002;0;0.676744963692375
B0006031;PL007;S002;0;0.656674487918188
B0061862;PL007;S002;0;0.664819183701802
B0029773;PL007;S002;0;0.659145068467473
B0003379;PL007;S002;0;0.64412058774575
B0050008;PL007;S002;0;0.64412058774575
B0001604;PL007;S002;0;0.705610279393077
B0014306;PL007;S002;0;0.650750721310229
B0043845;PL007;S002;0;0.668650286869976
B0057892;PL007;S002;0;0.700105180087038
B0021990;PL007;S002;0;0.712106325527534
B0024104;PL007;S002;0;0.676168811023138
B0064424;PL007;S002;0;0.655190562575144
B0058045;PL007;S002;0;0.621267392240758
B0036712;PL007;S002;0;0.636807777603627
B0067140;PL007;S002;0;0.651552478804315
B0020484;PL007;S002;0;0.683865348472332
B0012901;PL007;S002;0;0.670616723146124
B0074331;PL007;S002;0;0.620670791599501
B0001406;PL007;S002;0;0.655020930662645
B0031037;PL007;S002;0;0.694153294927292
B0015857;PL007;S002;0;0.659378468351478
B0051600;PL007;S002;0;0.655356515429958
B0048575;PL007;S002;0;0.660336275167034
B0020800;PL007;S002;0;0.652566115833824
B0072294;PL007;S002;0;0.64991847408626
B0044096;PL007;S002;0;0.674996702927373
B0011315;PL007;S002;0;0.619357589248814
B0060744;PL007;S002;0;0.650114171931181
B0030291;PL007;S002;0;0.678485054333596
B0002342;PL007;S002;0;0.623985866200826
B0004458;PL007;S002;0;0.6837699358833
B0070312;PL007;S002;0;0.678841662622412
B0019672;PL007;S002;0;0.613616221094111
B0026067;PL007;S002;0;0.638653862549331
B0004069;PL007;S002;0;0.650922309912935
B0074572;PL007;S002;0;0.65350084821488
B0015830;PL007;S002;0;0.722813431982068
B0036414;PL007;S002;0;0.700458030150652
B0035002;PL007;S002;0;0.65887026977803
B0017173;PL007;S002;0;0.615520589345595
B0061063;PL007;S002;0;0.712813106251391
B0037287;PL007;S002;0;0.648552569259557
B0005731;PL007;S002;0;0.628852744625903
B0052802;PL007;S002;0;0.703833188348285
B0057388;PL007;S002;0;0.654021164601617
B0064965;PL007;S002;0;0.692007038021968
B0052430;PL007;S002;0;0.679332273676503
B0046823;PL007;S002;0;0.711430688259261
B0058061;PL007;S002;0;0.718120128471352
B0070223;PL007;S002;0;0.698150787714896
B0012915;PL007;S002;0;0.7314580247196
B0001233;PL007;S002;0;0.714269424666445
B0042425;PL007;S002;0;0.739471214788377
B0035190;PL007;S002;0;0.729748243425452
B0001493;PL007;S002;0;0.675716857620456
B0007446;PL007;S002;0;0.705229271869156
B0005181;PL007;S002;0;0.693423348195197
B0017520;PL007;S002;0;0.66119065774598
B0012812;PL007;S002;0;0.662056463626087
B0057553;PL007;S002;0;0.692732862001042
B0066660;PL007;S002;0;0.656839514275181
B0033788;PL007;S002;0;0.664265867831641
B0042327;PL007;S002;0;0.646456535764605
B0020055;PL007;S002;0;0.637893766471411
B0055671;PL007;S002;0;0.682665270786387
B0023070;PL007;S002;0;0.712291310132509
B0070797;PL007;S002;0;0.643767549947995
B0005899;PL007;S002;0;0.630068132443769
B0005584;PL007;S002;0;0.632862231302499
B0008080;PL007;S002;0;0.71582879516436
B0034131;PL007;S002;0;0.686601008011613
B0006374;PL007;S002;0;0.71582879516436
B0051349;PL007;S002;0;0.648010074047976
B0023442;PL007;S002;0;0.642892644966658
B0041317;PL007;S002;0;0.638443815830173
B0030347;PL007;S002;0;0.65188081237754
B0047941;PL007;S002;0;0.709571947729466
B0043955;PL007;S002;0;0.723308918587919
B0056723;PL007;S002;0;0.623414576693759
B0062709;PL007;S002;0;0.657065312094205
B0006873;PL007;S002;0;0.662488041252288
B0033939;PL007;S002;0;0.63908430697833
B0034422;PL007;S002;0;0.679041792782847
B0064842;PL007;S002;0;0.64900396447676
B0053899;PL007;S002;0;0.651972042343431
B0016280;PL007;S002;0;0.661277969635938
B0030753;PL007;S002;0;0.658415230252849
B0021882;PL007;S002;0;0.667134736675151
B0013385;PL007;S002;0;0.634738227241548
B0068316;PL007;S002;0;0.640004075330108
B0042478;PL007;S002;0;0.68634037145877
B0054098;PL007;S002;0;0.636838512517395
B0012422;PL007;S002;0;0.66240607765078
B0021932;PL007;S002;0;0.631428200115404
B0074684;PL007;S002;0;0.725243821009557
B0029167;PL007;S002;0;0.664381592963456
B0006248;PL007;S002;0;0.691948808546468
B0073736;PL007;S002;0;0.65946836570055
B0027267;PL007;S002;0;0.735470573864437
B0047537;PL007;S002;0;0.698505420308702
B0070945;PL007;S002;0;0.630659967425503
B0013418;PL007;S002;0;0.615971489144866
B0003104;PL007;S002;0;0.690352622931643
B0015418;PL007;S002;0;0.63677200255465
B0058333;PL007;S002;0;0.678618667365998
B0055647;PL007;S002;0;0.690703890714161
B0036967;PL007;S002;0;0.632781048192159
B0019659;PL007;S002;0;0.653599714875548
B0052272;PL007;S002;0;0.670997525989148
B0030132;PL007;S002;0;0.666618436960517
B0074061;PL007;S002;0;0.646668357688829
B0011466;PL007;S002;0;0.686509449114962
B0031736;PL007;S002;0;0.674397535075906
B0037795;PL007;S002;0;0.63658442333037
B0042243;PL007;S002;0;0.668223895141187
B0004339;PL007;S002;0;0.648650754362468
B0045792;PL007;S002;0;0.622727928027784
B0064823;PL007;S002;0;0.627880957345901
B0017326;PL007;S002;0;0.639963014446912
B0001910;PL007;S002;0;0.645735045244012
B0004493;PL007;S002;0;0.64935371689559
B0045538;PL007;S002;0;0.698140107874293
B0034155;PL007;S002;0;0.735273885047659
B0037678;PL007;S002;0;0.649334129725047
B0054960;PL007;S002;0;0.639000268669991
B0033739;PL007;S002;0;0.639000268669991
B0044657;PL007;S002;0;0.624539281378375
B0028083;PL007;S002;0;0.619629554086415
B0042401;PL007;S002;0;0.6259992818614
B0049111;PL007;S002;0;0.624204681923495
B0056140;PL007;S002;0;0.675490721753486
B0051410;PL007;S002;0;0.726921649686282
B0039410;PL007;S002;0;0.657033770526293
B0066077;PL007;S002;0;0.717154825704857
B0053310;PL007;S002;0;0.679946644351447
B0015919;PL007;S002;0;0.710340413070848
B0067925;PL007;S002;0;0.656894366297997
B0024267;PL007;S002;0;0.61987215218544
B0052632;PL007;S002;0;0.661660302021291
B0034615;PL007;S002;0;0.661229156543631
B0072463;PL007;S002;0;0.656429833327558
B0072425;PL007;S002;0;0.631557985274012
B0007667;PL007;S002;0;0.657774915755891
B0054092;PL007;S002;0;0.758820937609294
B0027453;PL007;S002;0;0.695503256327928
B0026743;PL007;S002;0;0.704557220191284
B0072494;PL007;S002;0;0.716634873287918
B0067853;PL007;S002;0;0.714412346547564
B0041533;PL007;S002;0;0.711767207643622
B0018477;PL007;S002;0;0.631829002074504
B0069823;PL007;S002;0;0.728598043154246
B0017514;PL007;S002;0;0.704487808614722
B0054557;PL007;S002;0;0.740662333281842
B0045099;PL007;S002;0;0.67707000999537
B0055222;PL007;S002;0;0.75277625449833
B0059052;PL007;S002;0;0.644549059790627
B0043972;PL007;S002;0;0.674087549514187
B0036385;PL007;S002;0;0.70654428994254
B0038669;PL007;S002;0;0.664381996037805
B0061340;PL007;S002;0;0.694168122378844
B0020549;PL007;S002;0;0.667126342440585
B0049546;PL007;S002;0;0.687801704944906
B0006743;PL007;S002;0;0.714524937762845
B0005167;PL007;S002;0;0.708796912857884
B0031028;PL007;S002;0;0.689527422760576
B0034716;PL007;S002;0;0.682812857754379
B0057149;PL007;S002;0;0.698435958083404
B0020758;PL007;S001;0;0.699789239485621
B0063133;PL007;S001;0;0.708647824136539
B0036020;PL007;S001;0;0.669474494661345
B0066260;PL007;S001;0;0.641621924555972
B0073765;PL007;S001;0;0.636754197472756
B0072376;PL007;S001;0;0.698713888538638
B0003051;PL007;S001;0;0.636633345525449
B0048592;PL007;S001;0;0.649457531084443
B0025421;PL007;S001;0;0.636181648746438
B0009322;PL007;S001;0;0.63888224429906
B0067530;PL007;S001;0;0.651627176780235
B0057936;PL007;S001;0;0.721538024471255
B0040855;PL007;S001;0;0.711068862182655
B0049783;PL007;S001;0;0.720595874761495
B0038631;PL007;S001;0;0.681788880291448
B0070771;PL007;S001;0;0.678905188415233
B0062046;PL007;S001;0;0.723222807621893
B0045327;PL007;S001;0;0.68678764438133
B0050958;PL007;S001;0;0.606089790583208
B0070326;PL007;S001;0;0.662973785739148
B0054954;PL007;S001;0;0.660441944267582
B0061662;PL007;S001;0;0.634884977066538
B0050191;PL007;S001;0;0.68185736149856
B0047771;PL007;S001;0;0.656650916374594
B0028764;PL007;S001;0;0.652047136902883
B0014299;PL007;S001;0;0.682142668118406
B0034403;PL007;S001;0;0.669309153110539
B0054370;PL007;S001;0;0.668512016669313
B0036828;PL007;S001;0;0.65878392519479
B0037715;PL007;S001;0;0.662293379743831
B0065202;PL007;S001;0;0.659512366618446
B0042737;PL007;S001;0;0.643761405389984
B0064494;PL007;S001;0;0.701620128668384
B0061200;PL007;S001;0;0.694892694272501
B0046949;PL007;S001;0;0.649801768104394
B0050193;PL007;S001;0;0.65563914130783
B0002088;PL007;S001;0;0.666432658294275
B0039838;PL007;S001;0;0.641520624774454
B0061845;PL007;S001;0;0.652226641476029
B0069308;PL007;S001;0;0.639780579369837
B0064790;PL007;S001;0;0.664639219743949
B0037597;PL007;S001;0;0.643333825193808
B0022516;PL007;S001;0;0.721242962853635
B0008522;PL007;S001;0;0.611994910889782
B0048704;PL007;S001;0;0.687160975745135
B0040051;PL007;S001;0;0.704719091099725
B0002855;PL007;S001;0;0.630398261098771
B0026219;PL007;S001;0;0.62191083407794
B0045038;PL007;S001;0;0.63240708861785
B0001553;PL007;S001;0;0.6225442758581
B0059216;PL007;S001;0;0.743289669925808
B0038000;PL007;S001;0;0.64103769218773
B0051948;PL007;S001;0;0.618222846721821
B0024780;PL007;S001;0;0.639742234904474
B0007913;PL007;S001;0;0.624154617520429
B0073647;PL007;S001;0;0.631542020271901
B0056376;PL007;S001;0;0.67451226369701
B0013699;PL007;S001;0;0.638945323651852
B0062769;PL007;S001;0;0.601319337348326
B0068767;PL007;S001;0;0.671925596156861
B0050988;PL007;S001;0;0.624583989339573
B0041500;PL007;S001;0;0.70006863185485
B0066531;PL007;S001;0;0.668017481301659
B0037642;PL007;S001;0;0.639195399882209
B0002678;PL007;S001;0;0.687119006261196
B0058536;PL007;S001;0;0.720467825545047
B0009368;PL007;S001;0;0.653982198747015
B0045786;PL007;S001;0;0.675808104538846
B0036081;PL007;S001;0;0.686861596268419
B0019215;PL007;S001;0;0.653940080196248
B0006424;PL007;S001;0;0.673351062849379
B0033256;PL007;S001;0;0.667051686112449
B0021576;PL007;S001;0;0.671035396992294
B0011064;PL007;S001;0;0.690326569113531
B0050560;PL007;S001;0;0.642156944059779
B0021996;PL007;S001;0;0.638074759804875
B0000170;PL007;S001;0;0.640048558819337
B0036499;PL007;S001;0;0.711385147496749
B0035192;PL007;S001;0;0.65417334769736
B0044223;PL007;S001;0;0.660089327233565
B0065110;PL007;S001;0;0.650182353034446
B0038741;PL007;S001;0;0.665792982034328
B0044756;PL007;S001;0;0.619729889158404
B0071881;PL007;S001;0;0.550032085201085
B0069555;PL007;S001;0;0.633170369130055
B0017123;PL007;S001;0;0.639408722743141
B0006847;PL007;S001;0;0.710987009284365
B0067347;PL007;S001;0;0.647507485137278
B0019247;PL007;S001;0;0.693265335764315
B0054966;PL007;S001;0;0.697050755038403
B0058735;PL007;S001;0;0.693265335764315
B0026694;PL007;S001;0;0.645169726547266
B0019726;PL007;S001;0;0.654783450650261
B0000786;PL007;S001;0;0.620899367175589
B0041159;PL007;S001;0;0.638116495947757
B0021027;PL007;S001;0;0.675034608459744
B0010343;PL007;S001;0;0.680179247561522
B0038937;PL007;S001;0;0.640270663421255
B0023882;PL007;S001;0;0.648759849325058
B0002569;PL007;S001;0;0.682326690052899
B0054388;PL007;S001;0;0.657512787729349
B0066215;PL007;S001;0;0.651000453898922
B0058030;PL007;S001;0;0.666982037957333
B0041370;PL007;S001;0;0.663436633514452
B0043315;PL007;S001;0;0.645257966374461
B0010934;PL007;S001;0;0.646009694507633
B0060801;PL007;S001;0;0.649963249394873
B0052577;PL007;S001;0;0.676543599683602
B0029641;PL007;S001;0;0.68160649894868
B0051262;PL007;S001;0;0.614345979889213
B0065842;PL007;S001;0;0.682342138861429
B0041491;PL007;S001;0;0.657512787729349
B0063227;PL007;S001;0;0.69267208970499
B0063597;PL007;S001;0;0.645795610404263
B0068457;PL007;S001;0;0.750995634889689
B0002716;PL007;S001;0;0.642170544785743
B0027184;PL007;S001;0;0.635274522415876
B0049558;PL007;S001;0;0.628704033321347
B0033999;PL007;S001;0;0.641986415201538
B0029297;PL007;S001;0;0.644747839815675
B0047325;PL007;S001;0;0.622350108620981
B0016236;PL007;S001;0;0.66814601669231
B0068426;PL007;S001;0;0.640476911858964
B0035586;PL007;S001;0;0.632656871792649
B0063539;PL007;S001;0;0.729760363750087
B0044044;PL007;S001;0;0.641817077550139
B0054491;PL007;S001;0;0.598143590580202
B0051073;PL007;S001;0;0.649801454171018
B0069819;PL007;S001;0;0.645334714335914
B0067254;PL007;S001;0;0.675982174798765
B0010363;PL007;S001;0;0.619557267990855
B0035434;PL007;S001;0;0.732916972407724
B0002822;PL007;S001;0;0.671707397382026
B0019880;PL007;S001;0;0.664143983772022
B0055954;PL007;S001;0;0.737293195247346
B0004272;PL007;S001;0;0.700993318512094
B0073046;PL007;S001;0;0.723750789410961
B0031923;PL007;S001;0;0.649242599619545
B0037244;PL007;S001;0;0.608846278955851
B0045795;PL007;S001;0;0.749524852308045
B0027950;PL007;S001;0;0.666453784744409
B0058423;PL007;S001;0;0.653592532106932
B0012201;PL007;S001;0;0.66894298343025
B0029712;PL007;S001;0;0.665012471573787
B0033596;PL007;S001;0;0.611556216453484
B0002726;PL007;S001;0;0.630228120416466
B0000609;PL007;S001;0;0.674139366119545
B0052450;PL007;S001;0;0.656026510968245
B0044579;PL007;S001;0;0.675857003601763
B0026210;PL007;S001;0;0.639499030222873
B0047097;PL007;S001;0;0.725482590941195
B0005679;PL007;S001;0;0.683491416656082
B0026948;PL007;S001;0;0.650904629642521
B0005630;PL007;S001;0;0.642260411666582
B0047984;PL007;S001;0;0.660346800669206
B0059332;PL007;S001;0;0.641965693203487
B0049082;PL007;S001;0;0.623731999075889
B0054222;PL007;S001;0;0.645670020299055
B0072891;PL007;S001;0;0.608240710170234
B0045240;PL007;S001;0;0.645670020299055
B0006805;PL007;S001;0;0.743332223639116
B0049147;PL007;S001;0;0.688965724320447
B0062120;PL007;S001;0;0.653203374938697
B0066393;PL007;S001;0;0.656621029101502
B0004359;PL007;S001;0;0.726480227205604
B0069145;PL007;S001;0;0.661711465499507
B0031425;PL007;S001;0;0.660060326299401
B0051793;PL007;S001;0;0.686596818129891
B0048697;PL007;S001;0;0.64565542800377
B0033323;PL007;S001;0;0.665583926943338
B0033053;PL007;S001;0;0.674640988897209
B0072830;PL007;S001;0;0.628086762012327
B0061908;PL007;S001;0;0.692781890857177
B0009099;PL007;S001;0;0.676528609399642
B0001079;PL007;S001;0;0.592739307843832
B0026458;PL007;S001;0;0.655600256570398
B0010839;PL007;S001;0;0.664281715704704
B0063156;PL007;S001;0;0.678229121078204
B0044357;PL007;S001;0;0.615136064770936
B0028124;PL007;S001;0;0.607015880224065
B0028708;PL007;S001;0;0.678348633831213
B0063044;PL007;S001;0;0.647172050619443
B0040074;PL007;S001;0;0.667588120257319
B0020331;PL007;S001;0;0.639206086474044
B0058579;PL007;S001;0;0.599468595204038
B0004511;PL007;S001;0;0.61604312735692
B0072658;PL007;S001;0;0.638343934964297
B0012793;PL007;S001;0;0.658612128504229
B0029080;PL007;S001;0;0.660326427454544
B0065980;PL007;S001;0;0.738246579314972
B0047697;PL007;S001;0;0.656782488322906
B0043448;PL007;S001;0;0.666459874669865
B0028909;PL007;S001;0;0.660343719098189
B0070265;PL007;S001;0;0.668879981572946
B0008493;PL007;S001;0;0.689282930531713
B0045799;PL007;S001;0;0.637893069732964
B0018606;PL007;S001;0;0.639711587235946
B0002323;PL007;S001;0;0.643818831340534
B0049234;PL007;S001;0;0.639514217698717
B0060548;PL007;S001;0;0.629061918302641
B0069622;PL007;S001;0;0.694306404541147
B0064394;PL007;S001;0;0.670844545142655
B0070127;PL007;S001;0;0.654700081273156
B0051853;PL007;S001;0;0.651400113150471
B0051726;PL007;S001;0;0.725519253607416
B0025598;PL007;S001;0;0.728094284131837
B0059284;PL007;S001;0;0.642582760469866
B0004878;PL007;S001;0;0.65433647807803
B0023202;PL007;S001;0;0.643995864865927
B0070478;PL007;S001;0;0.657228742854287
B0001310;PL007;S001;0;0.617279995612122
B0042867;PL007;S001;0;0.636926340253267
B0000008;PL007;S001;0;0.651171864752889
B0019696;PL007;S001;0;0.648423786944093
B0074917;PL007;S001;0;0.644063775341283
B0056978;PL007;S001;0;0.675056185073407
B0007633;PL007;S001;0;0.650702856436503
B0045576;PL007;S001;0;0.727860378191318
B0065279;PL007;S001;0;0.642059407942028
B0025996;PL007;S001;0;0.745096744323007
B0058018;PL007;S001;0;0.686663406833155
B0016536;PL007;S001;0;0.676543382893234
B0027265;PL007;S001;0;0.625567145780514
B0015363;PL007;S001;0;0.644202342163663
B0016241;PL007;S001;0;0.739683521628261
B0000483;PL007;S001;0;0.678540799051311
B0038711;PL007;S001;0;0.669797948416739
B0046058;PL007;S001;0;0.632733425754389
B0047965;PL007;S001;0;0.65917796303873
B0037890;PL007;S001;0;0.659996270094966
B0060329;PL007;S001;0;0.687641436530526
B0009026;PL007;S001;0;0.631712834819423
B0054944;PL007;S001;0;0.663883408047623
B0019717;PL007;S001;0;0.658038581093543
B0073006;PL007;S001;0;0.634365000409973
B0029864;PL007;S001;0;0.631658347125676
B0042187;PL007;S001;0;0.667798697512764
B0051774;PL007;S001;0;0.627010149698953
B0054369;PL007;S001;0;0.711330703235863
B0066571;PL007;S001;0;0.700504024248611
B0045609;PL007;S001;0;0.648703781972833
B0012597;PL007;S001;0;0.685680507768458
B0017051;PL007;S001;0;0.669075259445487
B0053576;PL007;S001;0;0.708228821471724
B0025490;PL007;S001;0;0.665513322708307
B0034296;PL007;S001;0;0.662114630198551
B0050594;PL007;S001;0;0.716482994231715
B0006254;PL007;S001;0;0.717806132387074
B0022975;PL007;S001;0;0.708251329948436
B0046446;PL007;S001;0;0.708251329948436
B0035268;PL007;S001;0;0.682872104459501
B0048145;PL007;S001;0;0.677934641248382
B0013655;PL007;S001;0;0.658121583830568
B0044156;PL007;S001;0;0.673022596242419
B0000258;PL007;S001;0;0.630787178474621
B0038187;PL007;S001;0;0.679139972054756
B0009939;PL007;S001;0;0.646630327940441
B0011871;PL007;S001;0;0.691988999706987
B0074436;PL008;S012;0;0.262607869363279
B0020353;PL008;S012;0;0.454232301564121
B0046833;PL008;S012;0;0.648311589178107
B0036134;PL008;S012;0;0.676463984616925
B0072416;PL008;S012;0;0.732807340204923
B0018245;PL008;S012;0;0.638650126946984
B0012431;PL008;S012;0;0.65321224320087
B0006618;PL008;S012;0;0.688165122105592
B0062856;PL008;S012;0;0.654872522319333
B0040876;PL008;S012;0;0.673695593339159
B0033786;PL008;S012;0;0.691487791402368
B0048447;PL008;S012;0;0.665573392660084
B0014201;PL008;S012;0;0.682414133464812
B0043979;PL008;S012;0;0.689091084298434
B0019810;PL008;S012;0;0.646719124219346
B0003342;PL008;S012;0;0.650705622719511
B0031509;PL008;S012;0;0.635016809750971
B0070274;PL008;S012;0;0.646757710833455
B0023847;PL008;S012;0;0.690795147477743
B0005115;PL008;S012;0;0.662443243386607
B0064465;PL008;S012;0;0.65173377220668
B0018331;PL008;S012;0;0.685233805301049
B0068925;PL008;S012;0;0.672704118862547
B0000193;PL008;S012;0;0.683418018150707
B0044587;PL008;S012;0;0.296530634655888
B0011459;PL008;S012;0;0.677197316338299
B0060525;PL008;S012;0;0.659041912574255
B0070187;PL008;S012;0;0.658571213614973
B0028234;PL008;S012;0;0.678739787621996
B0065580;PL008;S012;0;0.688765506879923
B0041985;PL008;S012;0;0.741676239854958
B0006749;PL008;S012;0;0.668976219108078
B0012323;PL008;S012;0;0.689219760645958
B0038160;PL008;S012;0;0.664533744828015
B0008184;PL008;S012;0;0.664867210560082
B0044994;PL008;S012;0;0.687702222578989
B0049131;PL008;S012;0;0.681142762950042
B0017712;PL008;S012;0;0.696418959148501
B0014815;PL008;S012;0;0.653658577625858
B0011020;PL008;S012;0;0.69213635955917
B0056214;PL008;S012;0;0.705330515467259
B0060160;PL008;S012;0;0.658659616342092
B0067565;PL008;S012;0;0.644303686744356
B0039445;PL008;S012;0;0.676308323288378
B0013336;PL008;S012;0;0.693640346319131
B0007101;PL008;S012;0;0.684293394454414
B0072159;PL008;S012;0;0.682499101912744
B0068162;PL008;S012;0;0.671804064831587
B0001287;PL008;S012;0;0.684570091276892
B0043857;PL008;S012;0;0.628398564546211
B0018349;PL008;S012;0;0.680849793300593
B0062731;PL008;S012;0;0.687994677023034
B0042335;PL008;S012;0;0.634189814259311
B0016752;PL008;S012;0;0.6622368073695
B0038881;PL008;S012;0;0.683367577658679
B0058319;PL008;S012;0;0.697203393714108
B0059682;PL008;S012;0;0.65149323024119
B0053917;PL008;S012;0;0.681533620960743
B0068518;PL008;S012;0;0.705292864428391
B0062101;PL008;S012;0;0.699154138388864
B0018317;PL008;S012;0;0.693609064479156
B0055053;PL008;S012;0;0.67343435982979
B0016938;PL008;S012;0;0.671504942120834
B0043497;PL008;S012;0;0.714916849919486
B0012352;PL008;S012;0;0.703648187000509
B0068833;PL008;S012;0;0.695090364175058
B0024781;PL008;S012;0;0.648496952975911
B0050957;PL008;S012;0;0.648342895907272
B0035961;PL008;S012;0;0.674219934144946
B0057983;PL008;S012;0;0.689808042050231
B0051797;PL008;S012;0;0.690023388896043
B0019221;PL008;S012;0;0.690755037013451
B0009184;PL008;S012;0;0.686793694913548
B0001028;PL008;S011;0;0.613952233312988
B0037978;PL008;S011;0;0.661516565671174
B0007517;PL008;S011;0;0.632773702615157
B0019981;PL008;S011;0;0.659390123868309
B0058904;PL008;S011;0;0.635321057592951
B0070402;PL008;S011;0;0.64206665946645
B0051820;PL008;S011;0;0.588915390569727
B0027098;PL008;S011;0;0.666802375877992
B0015158;PL008;S011;0;0.7480752506636
B0025018;PL008;S011;0;0.60318466649021
B0015104;PL008;S011;0;0.572653760137411
B0073624;PL008;S011;0;0.713615861408152
B0026449;PL008;S011;0;0.815213619999531
B0000769;PL008;S011;0;0.686205466451582
B0043824;PL008;S011;0;0.701952891767143
B0070943;PL008;S011;0;0.695557336699578
B0061275;PL008;S011;0;0.717110991308312
B0064792;PL008;S011;0;0.678085537012979
B0031444;PL008;S011;0;0.675756262650668
B0031072;PL008;S011;0;0.719685636973069
B0028755;PL008;S011;0;0.636401009564221
B0057765;PL008;S011;0;0.675122589918707
B0017078;PL008;S011;0;0.685002785157379
B0010814;PL008;S011;0;0.702291579450748
B0006801;PL008;S011;0;0.753621618995397
B0017817;PL008;S011;0;0.678487461204151
B0000391;PL008;S011;0;0.711835024744053
B0055276;PL008;S011;0;0.687082035279525
B0030185;PL008;S011;0;0.662608951985189
B0000749;PL008;S011;0;0.67370795112369
B0057231;PL008;S011;0;0.643043617544753
B0055258;PL008;S011;0;0.636212715581995
B0057011;PL008;S011;0;0.660130854311566
B0039074;PL008;S011;0;0.642900701575587
B0056611;PL008;S011;0;0.657168269695524
B0038456;PL008;S011;0;0.646220652161737
B0048884;PL008;S011;0;0.727630212202172
B0033416;PL008;S011;0;0.635844848155163
B0067746;PL008;S011;0;0.705757632392327
B0039671;PL008;S011;0;0.630181998163626
B0023881;PL008;S011;0;0.683971537006928
B0039812;PL008;S011;0;0.676872007896706
B0026057;PL008;S011;0;0.661951750574896
B0040530;PL008;S011;0;0.674143165862924
B0063734;PL008;S011;0;0.66338817742445
B0023306;PL008;S011;0;0.636602466778552
B0013564;PL008;S011;0;0.691727085471124
B0058224;PL008;S011;0;0.664851656414237
B0073385;PL008;S011;0;0.627644037549522
B0063123;PL008;S011;0;0.70035796845332
B0043503;PL008;S011;0;0.726493699740039
B0040075;PL008;S011;0;0.64252561828719
B0013586;PL008;S011;0;0.683778117960742
B0059895;PL008;S011;0;0.714899793821873
B0074672;PL008;S011;0;0.701295736163022
B0069235;PL008;S011;0;0.685095285545995
B0017961;PL008;S011;0;0.625215964123212
B0002028;PL008;S011;0;0.668634369416629
B0053069;PL008;S011;0;0.678116831496637
B0019426;PL008;S011;0;0.659564401502634
B0018544;PL008;S011;0;0.655384375891126
B0024787;PL008;S011;0;0.615450606499166
B0010832;PL008;S011;0;0.592021469845422
B0027396;PL008;S011;0;0.641398388232889
B0032411;PL008;S011;0;0.654156155760286
B0002725;PL008;S011;0;0.663021122243319
B0073303;PL008;S011;0;0.663534533570618
B0035144;PL008;S011;0;0.656887967111815
B0066632;PL008;S011;0;0.688003099929038
B0043244;PL008;S011;0;0.634779790157767
B0051786;PL008;S011;0;0.663182223898948
B0068326;PL008;S011;0;0.661253485176099
B0066390;PL008;S011;0;0.650895245888125
B0008487;PL008;S011;0;0.663729455636169
B0068921;PL008;S011;0;0.699487306156911
B0004782;PL008;S011;0;0.518192679402734
B0061457;PL008;S011;0;0.67994004762636
B0048848;PL008;S011;0;0.641641538195203
B0063871;PL008;S011;0;0.7030804426125
B0053609;PL008;S011;0;0.668644423976839
B0023536;PL008;S011;0;0.649310463889201
B0005722;PL008;S011;0;0.61508899043311
B0012996;PL008;S011;0;0.642457992573194
B0070817;PL008;S011;0;0.652112899374064
B0041251;PL008;S011;0;0.65573475624382
B0005447;PL008;S011;0;0.678584958928438
B0059000;PL008;S011;0;0.649882199631751
B0062631;PL008;S010;0;0.778213912659107
B0062027;PL008;S010;0;0.568812935306002
B0037224;PL008;S010;0;0.612906664692239
B0024449;PL008;S010;0;0.662402780234684
B0073828;PL008;S010;0;0.665343299813189
B0031607;PL008;S010;0;0.660505065129886
B0069151;PL008;S010;0;0.672677480364973
B0046850;PL008;S010;0;0.679959934060468
B0011176;PL008;S010;0;0.747877104358557
B0006721;PL008;S010;0;0.676181802655043
B0054310;PL008;S010;0;0.676181802655043
B0026649;PL008;S010;0;0.657798579453621
B0021250;PL008;S010;0;0.668221022244883
B0031714;PL008;S010;0;0.673671235324551
B0014851;PL008;S010;0;0.656714628562674
B0052947;PL008;S010;0;0.680919981482439
B0012550;PL008;S010;0;0.692504243091545
B0061414;PL008;S010;0;0.67634516746884
B0057666;PL008;S010;0;0.688090529661345
B0008181;PL008;S010;0;0.674854414816067
B0027780;PL008;S010;0;0.622095161786954
B0014583;PL008;S010;0;0.647061143564252
B0011439;PL008;S010;0;0.68329593537954
B0005570;PL008;S010;0;0.694356418047852
B0038211;PL008;S010;0;0.661323198721185
B0042337;PL008;S010;0;0.686854440636629
B0012298;PL008;S010;0;0.67476090569367
B0040277;PL008;S010;0;0.684684374611625
B0069449;PL008;S010;0;0.735063101899736
B0025004;PL008;S010;0;0.69668349366892
B0055164;PL008;S010;0;0.667127383003491
B0030984;PL008;S010;0;0.711168227289402
B0064255;PL008;S010;0;0.680063704575956
B0061085;PL008;S010;0;0.657798579453621
B0039987;PL008;S010;0;0.663388556862951
B0005790;PL008;S010;0;0.693983733205052
B0004960;PL008;S010;0;0.666721470745171
B0040349;PL008;S010;0;0.62387583976555
B0049504;PL008;S010;0;0.683366403338236
B0005128;PL008;S010;0;0.648343807068321
B0001644;PL008;S010;0;0.67022123695735
B0057341;PL008;S010;0;0.671053552859884
B0069591;PL008;S010;0;0.65178443750473
B0072804;PL008;S010;0;0.695908837492743
B0018802;PL008;S010;0;0.67654507661947
B0023099;PL008;S010;0;0.686060209659443
B0021000;PL008;S010;0;0.667950611811991
B0042889;PL008;S010;0;0.734365748782391
B0011707;PL008;S010;0;0.680658257479568
B0067952;PL008;S010;0;0.666994184149375
B0010382;PL008;S010;0;0.65863377662297
B0006940;PL008;S010;0;0.735895597415565
B0057771;PL008;S010;0;0.69315664425357
B0070522;PL008;S010;0;0.70744581751434
B0000992;PL008;S010;0;0.718168410782434
B0041975;PL008;S010;0;0.722827055697727
B0070323;PL008;S010;0;0.678704715631959
B0036565;PL008;S010;0;0.678196176077037
B0035122;PL008;S010;0;0.685901389560051
B0014765;PL008;S010;0;0.69528184659989
B0046567;PL008;S010;0;0.706156477373242
B0019053;PL008;S010;0;0.67406292665069
B0057509;PL008;S010;0;0.75995671793976
B0040781;PL008;S010;0;0.653235123131364
B0063723;PL008;S010;0;0.659293338082784
B0063996;PL008;S010;0;0.671833491566359
B0031325;PL008;S010;0;0.665763944655113
B0049948;PL008;S010;0;0.666426645069164
B0050302;PL008;S010;0;0.658924372011806
B0053717;PL008;S010;0;0.654282373147074
B0037883;PL008;S010;0;0.666824105670965
B0052145;PL008;S010;0;0.66192742212326
B0008616;PL008;S010;0;0.671187684361912
B0053098;PL008;S010;0;0.652716387822976
B0026059;PL008;S010;0;0.635961481078895
B0055879;PL008;S010;0;0.66311186269292
B0070920;PL008;S010;0;0.675492228061281
B0028203;PL008;S010;0;0.677203536931758
B0003190;PL008;S010;0;0.601267746926087
B0056399;PL008;S010;0;0.685094770726203
B0074975;PL008;S010;0;0.704698238881404
B0037783;PL008;S010;0;0.685617937699189
B0038332;PL008;S010;0;0.657903074457899
B0047937;PL008;S010;0;0.660705065697063
B0057628;PL008;S010;0;0.663569899900276
B0060781;PL008;S010;0;0.663057801617928
B0013066;PL008;S010;0;0.679853654016038
B0010811;PL008;S010;0;0.657047445065039
B0047606;PL008;S010;0;0.670667236964789
B0069952;PL008;S010;0;0.667432638548941
B0021837;PL008;S010;0;0.666187595881197
B0073749;PL008;S010;0;0.662629589138619
B0073369;PL008;S010;0;0.64239528415292
B0035189;PL008;S010;0;0.685513497367867
B0009352;PL008;S010;0;0.642383621376749
B0034451;PL008;S010;0;0.649532529664422
B0021531;PL008;S010;0;0.684303386346746
B0004534;PL008;S010;0;0.715012808362393
B0050507;PL008;S010;0;0.655772409179916
B0004096;PL008;S010;0;0.664010605705477
B0022030;PL008;S010;0;0.674862318752226
B0054468;PL008;S010;0;0.682566104973982
B0006125;PL008;S010;0;0.723211721175083
B0068741;PL008;S010;0;0.71519537152029
B0058403;PL008;S010;0;0.660255210409782
B0027196;PL008;S010;0;0.666076415649262
B0012675;PL008;S010;0;0.688261506425143
B0062803;PL008;S010;0;0.750160769869753
B0049955;PL008;S010;0;0.678264125946687
B0049243;PL008;S010;0;0.65276497492075
B0062147;PL008;S010;0;0.746822542947387
B0050830;PL008;S010;0;0.66192742212326
B0011254;PL008;S010;0;0.6649871664584
B0070403;PL008;S010;0;0.68868801834165
B0055048;PL008;S010;0;0.73348392495164
B0024255;PL008;S010;0;0.689777190297847
B0023124;PL008;S010;0;0.693196094084447
B0052127;PL008;S007;0;0.71132136176371
B0052419;PL008;S007;0;0.643717071895451
B0053864;PL008;S007;0;0.724026696013875
B0031711;PL008;S007;0;0.623505581554839
B0039704;PL008;S007;0;0.666444988319004
B0061702;PL008;S007;0;0.637901028315912
B0025029;PL008;S007;0;0.719866674324348
B0028383;PL008;S007;0;0.65469723002543
B0059361;PL008;S007;0;0.716149949461483
B0025665;PL008;S007;0;0.655573527470209
B0044369;PL008;S007;0;0.634640434960242
B0027633;PL008;S007;0;0.645174159232103
B0054676;PL008;S007;0;0.640245311784146
B0016982;PL008;S007;0;0.665654633666869
B0028384;PL008;S007;0;0.690670699354508
B0008404;PL008;S007;0;0.683960003212544
B0050355;PL008;S007;0;0.655701909157169
B0031953;PL008;S007;0;0.681637529585358
B0073025;PL008;S007;0;0.668945481750524
B0069333;PL008;S007;0;0.692173267246124
B0072587;PL008;S007;0;0.715345534507601
B0017046;PL008;S007;0;0.687035247377239
B0042995;PL008;S007;0;0.69825671346779
B0020568;PL008;S007;0;0.67742109657377
B0046116;PL008;S007;0;0.643815051298917
B0001248;PL008;S007;0;0.691958189332426
B0031547;PL008;S007;0;0.653241409348818
B0052592;PL008;S007;0;0.655730101888932
B0071392;PL008;S007;0;0.656567159398009
B0004760;PL008;S007;0;0.653526588487472
B0024290;PL008;S007;0;0.64656740916298
B0037299;PL008;S007;0;0.633292399778399
B0062096;PL008;S007;0;0.628919294029963
B0047029;PL008;S007;0;0.6523582236531
B0073584;PL008;S007;0;0.657811995080716
B0007288;PL008;S007;0;0.706201496768054
B0021229;PL008;S007;0;0.693698624478046
B0030026;PL008;S007;0;0.656817036291162
B0031824;PL008;S007;0;0.641886153889372
B0031569;PL008;S007;0;0.669586443225646
B0015323;PL008;S007;0;0.688233647730699
B0030022;PL008;S007;0;0.671020912448101
B0019174;PL008;S007;0;0.658428621250505
B0049644;PL008;S007;0;0.665544487176238
B0004663;PL008;S007;0;0.681627038461438
B0074866;PL008;S007;0;0.688500603043961
B0000985;PL008;S007;0;0.699330114903806
B0043495;PL008;S007;0;0.632681603588978
B0050431;PL008;S007;0;0.679051483437478
B0027512;PL008;S007;0;0.692212536357928
B0055472;PL008;S007;0;0.672462262821932
B0006070;PL008;S007;0;0.663135587788563
B0015023;PL008;S007;0;0.688732860588458
B0044094;PL008;S007;0;0.729302479086603
B0048660;PL008;S007;0;0.642446089732854
B0050195;PL008;S007;0;0.68637161897443
B0024806;PL008;S007;0;0.66451119535139
B0013930;PL008;S007;0;0.718653112877054
B0004261;PL008;S007;0;0.690788218806349
B0051730;PL008;S007;0;0.656903237643366
B0044816;PL008;S007;0;0.654836685987356
B0021756;PL008;S007;0;0.69611578931477
B0026548;PL008;S007;0;0.67188125006841
B0021847;PL008;S007;0;0.682107730360907
B0067357;PL008;S007;0;0.687730094666085
B0036450;PL008;S007;0;0.669496166596586
B0002516;PL008;S007;0;0.678697825902736
B0038330;PL008;S007;0;0.67724468210681
B0043898;PL008;S007;0;0.670745599817254
B0036434;PL008;S007;0;0.649928135813451
B0020618;PL008;S007;0;0.714245078276325
B0063011;PL008;S007;0;0.709334904000658
B0069946;PL008;S007;0;0.692173267246124
B0031596;PL008;S007;0;0.64071967958995
B0025728;PL008;S007;0;0.652036670017692
B0010859;PL008;S007;0;0.686014820810269
B0053253;PL008;S007;0;0.659874081341603
B0005276;PL008;S007;0;0.62713542499072
B0040340;PL008;S007;0;0.652939946079681
B0032729;PL008;S007;0;0.448670141096629
B0070651;PL008;S007;0;0.609583983848256
B0030416;PL008;S007;0;0.68078585164368
B0060869;PL008;S007;0;0.690447279327106
B0041127;PL008;S007;0;0.675893397065706
B0027251;PL008;S007;0;0.641889465658281
B0056676;PL008;S007;0;0.670357756136809
B0028646;PL008;S007;0;0.673562622425911
B0055319;PL008;S007;0;0.645940280072982
B0011914;PL008;S007;0;0.68246079554187
B0051860;PL008;S007;0;0.666239750763462
B0045833;PL008;S007;0;0.663438355769737
B0026867;PL008;S007;0;0.61329167965023
B0033803;PL008;S007;0;0.632946466305174
B0038152;PL008;S007;0;0.635527776554136
B0028302;PL008;S007;0;0.638585499638291
B0071064;PL008;S007;0;0.64022266160561
B0039084;PL008;S007;0;0.656261279284331
B0023286;PL008;S007;0;0.70707168637597
B0015572;PL008;S007;0;0.664014893479237
B0023314;PL008;S007;0;0.657604642328098
B0004969;PL008;S007;0;0.666857784453626
B0031388;PL008;S007;0;0.656000240593722
B0033990;PL008;S007;0;0.640112582559578
B0005846;PL008;S007;0;0.700178316721748
B0072412;PL008;S007;0;0.654367578094598
B0017440;PL008;S007;0;0.672018823046163
B0067763;PL008;S007;0;0.672018823046163
B0028114;PL008;S007;0;0.676397020757883
B0008210;PL008;S007;0;0.673222628436865
B0032403;PL008;S007;0;0.667437640057344
B0048431;PL008;S007;0;0.705344062887972
B0063606;PL008;S007;0;0.670924503449279
B0020164;PL008;S007;0;0.650797435582383
B0038199;PL008;S007;0;0.617509096489703
B0049199;PL008;S007;0;0.654159672666084
B0049296;PL008;S007;0;0.689268305311944
B0029993;PL008;S007;0;0.677811463880141
B0016326;PL008;S007;0;0.658544883033396
B0050496;PL008;S007;0;0.654211702900154
B0059785;PL008;S007;0;0.68577947611323
B0007757;PL008;S007;0;0.672492480974313
B0065535;PL008;S007;0;0.703522859289815
B0007715;PL008;S007;0;0.657466122073056
B0073894;PL008;S007;0;0.674560204543551
B0003390;PL008;S007;0;0.651266000932263
B0022911;PL008;S007;0;0.673128027801176
B0044225;PL008;S007;0;0.703450072536292
B0050294;PL008;S007;0;0.691747598436387
B0028398;PL008;S007;0;0.721293811631845
B0030702;PL008;S007;0;0.710838362239226
B0055061;PL008;S007;0;0.665128385572356
B0038603;PL008;S007;0;0.656946651795324
B0074979;PL008;S007;0;0.698105130413346
B0029836;PL008;S007;0;0.696779952938068
B0045996;PL008;S007;0;0.773264429725924
B0026119;PL008;S007;0;0.679158045425132
B0052293;PL008;S007;0;0.68488631510248
B0001816;PL008;S007;0;0.685985780025645
B0070078;PL008;S007;0;0.685182040042357
B0003608;PL008;S007;0;0.639149221490042
B0063647;PL008;S007;0;0.704005306036585
B0040008;PL008;S007;0;0.664775595718394
B0060559;PL008;S007;0;0.702793853932217
B0010967;PL008;S007;0;0.66208694598471
B0057460;PL008;S007;0;0.696231310621964
B0026464;PL008;S007;0;0.645740595287432
B0064037;PL008;S007;0;0.650490798112889
B0036532;PL008;S007;0;0.737641195994771
B0050944;PL008;S007;0;0.68874418172646
B0056344;PL008;S007;0;0.677284020510402
B0060102;PL008;S007;0;0.647507919862478
B0026511;PL008;S007;0;0.713483989493186
B0011763;PL008;S007;0;0.644960811806486
B0015816;PL008;S007;0;0.677656616157086
B0041016;PL008;S007;0;0.640645460687342
B0009669;PL008;S007;0;0.651568276405863
B0067118;PL008;S007;0;0.656431806406268
B0021163;PL008;S007;0;0.647352425274137
B0051721;PL008;S007;0;0.641792472262043
B0045491;PL008;S007;0;0.693126193111995
B0002942;PL008;S007;0;0.69461789935007
B0068985;PL008;S007;0;0.665838056596442
B0026377;PL008;S007;0;0.641895055129813
B0058426;PL008;S007;0;0.643461814008419
B0040235;PL008;S007;0;0.742692030790127
B0028062;PL008;S007;0;0.645668618024543
B0062703;PL008;S007;0;0.673740443759795
B0062115;PL008;S007;0;0.647682943498752
B0051090;PL008;S007;0;0.728970854126664
B0016201;PL008;S007;0;0.68518341646922
B0040366;PL008;S007;0;0.682825950847525
B0067639;PL008;S007;0;0.738746173174223
B0033009;PL008;S007;0;0.708560344853086
B0047415;PL008;S007;0;0.689950035190123
B0021929;PL008;S007;0;0.696779952938068
B0021191;PL008;S007;0;0.69795609617715
B0071474;PL008;S008;0;0.616408390349551
B0068307;PL008;S008;0;0.653799689153845
B0042916;PL008;S008;0;0.594711686014158
B0007484;PL008;S008;0;0.452898109923946
B0064229;PL008;S008;0;0.691097431976666
B0003769;PL008;S008;0;0.667387140633409
B0020332;PL008;S008;0;0.647209367500592
B0027568;PL008;S008;0;0.676217863240722
B0036320;PL008;S008;0;0.631449711999843
B0020291;PL008;S008;0;0.654815692520524
B0066360;PL008;S008;0;0.698983533884258
B0072739;PL008;S008;0;0.661392055844298
B0042599;PL008;S008;0;0.646651255318368
B0003236;PL008;S008;0;0.639897038324366
B0040312;PL008;S008;0;0.623899035251789
B0019324;PL008;S008;0;0.661210569249125
B0053431;PL008;S008;0;0.639020395532481
B0056310;PL008;S008;0;0.681709104390698
B0062362;PL008;S008;0;0.613364031804443
B0015074;PL008;S008;0;0.760895933308387
B0041986;PL008;S008;0;0.658958842633234
B0024347;PL008;S008;0;0.541853318909642
B0042938;PL008;S008;0;0.659079523848322
B0025734;PL008;S008;0;0.646313381440331
B0065378;PL008;S008;0;0.634127878794835
B0005357;PL008;S008;0;0.639749278613578
B0066904;PL008;S008;0;0.652544817622488
B0039625;PL008;S008;0;0.668581586050188
B0060997;PL008;S008;0;0.642293582053545
B0071144;PL008;S008;0;0.628953771048262
B0002745;PL008;S008;0;0.626461189307905
B0039279;PL008;S008;0;0.623367096215524
B0037550;PL008;S008;0;0.668586592755318
B0004411;PL008;S008;0;0.619620702355625
B0037177;PL008;S008;0;0.613415141475061
B0069454;PL008;S008;0;0.664350742959375
B0067106;PL008;S008;0;0.684001932296888
B0033913;PL008;S008;0;0.611886684051966
B0034119;PL008;S008;0;0.509023171726705
B0067889;PL008;S008;0;0.675276868185115
B0066771;PL008;S008;0;0.653404764710872
B0017172;PL008;S008;0;0.632788558326133
B0055028;PL008;S008;0;0.643306653945475
B0027210;PL008;S008;0;0.673301170088402
B0007492;PL008;S008;0;0.672382610013429
B0043048;PL008;S008;0;0.656384713667678
B0069570;PL008;S008;0;0.659740925539863
B0032315;PL008;S008;0;0.639103631151757
B0024022;PL008;S008;0;0.652816413164863
B0038570;PL008;S008;0;0.631584140454614
B0014190;PL008;S008;0;0.645529833154758
B0053002;PL008;S008;0;0.627551822076488
B0030523;PL008;S008;0;0.648791069487647
B0000525;PL008;S008;0;0.662241887598729
B0057395;PL008;S008;0;0.622679571375581
B0062524;PL008;S008;0;0.768272383449985
B0002038;PL008;S008;0;0.681387929401445
B0063014;PL008;S008;0;0.676796885286911
B0023870;PL008;S008;0;0.653039590322882
B0016386;PL008;S008;0;0.634541714417294
B0015527;PL008;S008;0;0.638967489802445
B0042003;PL008;S008;0;0.648979123156061
B0000521;PL008;S008;0;0.660158657950515
B0013414;PL008;S008;0;0.674936238194814
B0018077;PL008;S008;0;0.664066016899475
B0032942;PL008;S008;0;0.669663064361514
B0055242;PL008;S008;0;0.661716518863678
B0026456;PL008;S008;0;0.644979254735663
B0073582;PL008;S008;0;0.645504687380267
B0048240;PL008;S008;0;0.65122073787825
B0027784;PL008;S008;0;0.647761209963586
B0035282;PL008;S008;0;0.554488386025915
B0074053;PL008;S008;0;0.636585786991376
B0048309;PL008;S008;0;0.626452990467056
B0061564;PL008;S008;0;0.626922083253483
B0028776;PL008;S008;0;0.637677313683737
B0072440;PL008;S008;0;0.637096825731914
B0008265;PL008;S008;0;0.636244069773774
B0008057;PL008;S008;0;0.67324905709043
B0054426;PL008;S008;0;0.645834842267984
B0004345;PL008;S008;0;0.620285534867105
B0045459;PL008;S008;0;0.659350480870218
B0011319;PL008;S008;0;0.624241669538963
B0043716;PL008;S008;0;0.645291855737466
B0006783;PL008;S008;0;0.658548985469338
B0010043;PL008;S008;0;0.667785719357122
B0035885;PL008;S008;0;0.659300198571751
B0053097;PL008;S008;0;0.636244069773774
B0032035;PL008;S008;0;0.732161238658996
B0019948;PL008;S008;0;0.693314337847903
B0021432;PL008;S008;0;0.801492884005279
B0054805;PL008;S008;0;0.675468747603484
B0013163;PL008;S008;0;0.671342941234999
B0004264;PL008;S008;0;0.652347198973776
B0023699;PL008;S008;0;0.674724295447612
B0031478;PL008;S008;0;0.736238890678377
B0065829;PL008;S008;0;0.692809175428492
B0057468;PL008;S008;0;0.656030484318678
B0026601;PL008;S008;0;0.647442665300965
B0036239;PL008;S008;0;0.696135581221175
B0042562;PL008;S008;0;0.667686783114112
B0051844;PL008;S008;0;0.666650529003939
B0026157;PL008;S008;0;0.662254442930576
B0009879;PL008;S008;0;0.730456759224198
B0012509;PL008;S008;0;0.654130620636173
B0032409;PL008;S008;0;0.630887647681758
B0033087;PL008;S008;0;0.657841024730247
B0068879;PL008;S008;0;0.629890397583252
B0025664;PL008;S008;0;0.661480471620683
B0029319;PL008;S008;0;0.666216376049387
B0072040;PL008;S008;0;0.672030057701528
B0007511;PL008;S008;0;0.600739885488593
B0004875;PL008;S008;0;0.661696445066852
B0055691;PL008;S008;0;0.624526384128801
B0019975;PL008;S008;0;0.719639473778292
B0029974;PL008;S008;0;0.670473631164016
B0030905;PL008;S008;0;0.66253467951795
B0030662;PL008;S008;0;0.776541616911058
B0028434;PL008;S008;0;0.653296203641414
B0041646;PL008;S008;0;0.652138334453538
B0036991;PL008;S008;0;0.618980768863412
B0029101;PL008;S008;0;0.767767781574459
B0068405;PL008;S008;0;0.655495243234327
B0040000;PL008;S008;0;0.694397443513408
B0002180;PL008;S008;0;0.649124677498928
B0017844;PL008;S008;0;0.774266460756471
B0021736;PL008;S008;0;0.677503622303961
B0017760;PL008;S008;0;0.67150177678817
B0007268;PL008;S008;0;0.702185692773245
B0050214;PL008;S008;0;0.668392682120713
B0074414;PL008;S008;0;0.661345224366674
B0017753;PL008;S008;0;0.680841138076702
B0042956;PL008;S008;0;0.640402648579294
B0042684;PL008;S008;0;0.672396104318461
B0057027;PL008;S008;0;0.673240992430863
B0055696;PL008;S008;0;0.712381989939984
B0023035;PL008;S008;0;0.637097791779826
B0044292;PL008;S008;0;0.642954228343635
B0071152;PL008;S008;0;0.647073223330608
B0041361;PL008;S008;0;0.644605616958091
B0034448;PL008;S008;0;0.658579395026282
B0033728;PL008;S008;0;0.67415283414783
B0004986;PL008;S008;0;0.654819594598815
B0025800;PL008;S008;0;0.676275997608857
B0072009;PL008;S008;0;0.646112670338519
B0013543;PL008;S008;0;0.551516312308523
B0009708;PL008;S008;0;0.678206740871169
B0043306;PL008;S008;0;0.674649852555523
B0054947;PL008;S008;0;0.660659235850848
B0026489;PL008;S008;0;0.651250501272076
B0064904;PL008;S008;0;0.675981495271206
B0014416;PL008;S008;0;0.609958913570683
B0016395;PL008;S008;0;0.668492017516091
B0008440;PL008;S008;0;0.651451344484753
B0023866;PL008;S008;0;0.654459739554977
B0028427;PL008;S008;0;0.630051262829036
B0009144;PL008;S008;0;0.676858737633374
B0041353;PL008;S008;0;0.710954614953169
B0067409;PL008;S008;0;0.677328438163021
B0034670;PL008;S008;0;0.637415934384574
B0006616;PL008;S008;0;0.640146124222636
B0036644;PL008;S008;0;0.704520270980739
B0048626;PL008;S008;0;0.671885838243947
B0049753;PL008;S008;0;0.716430321430994
B0008159;PL008;S008;0;0.623208144013017
B0040542;PL008;S008;0;0.645989919482913
B0042009;PL008;S008;0;0.632281736566166
B0043919;PL008;S008;0;0.618980768863412
B0031398;PL008;S008;0;0.655234990097282
B0012592;PL008;S008;0;0.669182029682198
B0068278;PL008;S008;0;0.662675670057781
B0038566;PL008;S008;0;0.651171610645939
B0024872;PL008;S008;0;0.688188829027722
B0023105;PL008;S008;0;0.680555236980447
B0050159;PL008;S008;0;0.664986442829096
B0054998;PL008;S008;0;0.654018793799576
B0065619;PL008;S008;0;0.672394113417327
B0026558;PL008;S008;0;0.659090811879035
B0053062;PL008;S008;0;0.632347161712611
B0022609;PL008;S008;0;0.665989575662584
B0056864;PL008;S009;0;0.573459882127766
B0010917;PL008;S009;0;0.536182752227305
B0003924;PL008;S009;0;0.740166954930659
B0039931;PL008;S009;0;0.662413560559863
B0058351;PL008;S009;0;0.565520048640265
B0015308;PL008;S009;0;0.676447941359096
B0039247;PL008;S009;0;0.437011762635042
B0000549;PL008;S009;0;0.513898328600988
B0001560;PL008;S009;0;0.611844941438406
B0067414;PL008;S009;0;0.623489802216588
B0068701;PL008;S009;0;0.643469681551663
B0040689;PL008;S009;0;0.597025777503326
B0021907;PL008;S009;0;0.597653241200837
B0070534;PL008;S009;0;0.595277642873348
B0028894;PL008;S009;0;0.627825029060423
B0073654;PL008;S009;0;0.471737572047787
B0065541;PL008;S009;0;0.670573367950436
B0053875;PL008;S009;0;0.614166535100477
B0051568;PL008;S009;0;0.67532741463168
B0002681;PL008;S009;0;0.65932290225238
B0057291;PL008;S009;0;0.660897943356732
B0037846;PL008;S009;0;0.611640721232124
B0018622;PL008;S009;0;0.647218304666778
B0012100;PL008;S009;0;0.612788990224591
B0000031;PL008;S009;0;0.683109244940171
B0028240;PL008;S009;0;0.303814654500839
B0066227;PL008;S009;0;0.656753856670668
B0063587;PL008;S009;0;0.6717748112642
B0025344;PL008;S009;0;0.663355657509661
B0058184;PL008;S009;0;0.641944913756073
B0070173;PL008;S009;0;0.602095757068184
B0024905;PL008;S009;0;0.574719048302653
B0022105;PL008;S009;0;0.632145178861189
B0067229;PL008;S009;0;0.303212702577744
B0048815;PL008;S009;0;0.55868212847089
B0016325;PL008;S009;0;0.652885552302844
B0070058;PL008;S009;0;0.671788014239088
B0045204;PL008;S009;0;0.599105127908821
B0068915;PL008;S009;0;0.641810802022071
B0007128;PL008;S009;0;0.649472295596451
B0014400;PL008;S009;0;0.60771984128989
B0048552;PL008;S009;0;0.618907680542889
B0070269;PL008;S009;0;0.666709744424457
B0017799;PL008;S009;0;0.652739791196844
B0012713;PL008;S009;0;0.706777129147289
B0011374;PL008;S009;0;0.619071639812221
B0029693;PL008;S009;0;0.601340418912641
B0038663;PL008;S009;0;0.50399282533047
B0003666;PL008;S009;0;0.652433234991751
B0061950;PL008;S009;0;0.544730147334923
B0034202;PL008;S009;0;0.506990401601408
B0012811;PL008;S009;0;0.659954815442086
B0056975;PL008;S009;0;0.61473330708114
B0014089;PL008;S009;0;0.610620356827102
B0064591;PL008;S009;0;0.625620922401532
B0008050;PL008;S009;0;0.597861161534179
B0062051;PL008;S009;0;0.608208131898265
B0049006;PL008;S009;0;0.60637061670594
B0019560;PL008;S009;0;0.597278477852242
B0037477;PL008;S009;0;0.669523816622736
B0023641;PL008;S009;0;0.640073520050388
B0037310;PL008;S009;0;0.661595122704186
B0020005;PL008;S009;0;0.680268701125958
B0048784;PL008;S009;0;0.640614246103741
B0054924;PL008;S009;0;0.540102360027037
B0026931;PL008;S009;0;0.570156272547167
B0003738;PL008;S009;0;0.642277811146167
B0070301;PL008;S009;0;0.649085372376529
B0002215;PL008;S009;0;0.633944736843649
B0055095;PL008;S009;0;0.607130325352191
B0063089;PL008;S009;0;0.608966156926048
B0040005;PL008;S009;0;0.607625835383032
B0055037;PL008;S009;0;0.699190544009789
B0055932;PL008;S009;0;0.61175453666054
B0019486;PL008;S009;0;0.614468919928439
B0022830;PL008;S009;0;0.62277224191817
B0061969;PL008;S009;0;0.580300636234483
B0066588;PL008;S009;0;0.676133310541908
B0051684;PL008;S009;0;0.617669900913327
B0011047;PL008;S009;0;0.605279150163966
B0009469;PL008;S009;0;0.599888945227045
B0027339;PL008;S009;0;0.55099993833194
B0005493;PL008;S009;0;0.576717157844811
B0019612;PL008;S009;0;0.614097567394088
B0059762;PL008;S009;0;0.655060262937931
B0011348;PL008;S009;0;0.59601131838322
B0036536;PL008;S009;0;0.654765302810724
B0073146;PL008;S009;0;0.596789257348136
B0048880;PL008;S009;0;0.62051587534461
B0024778;PL008;S009;0;0.628346592396673
B0024643;PL008;S009;0;0.397892944056346
B0023931;PL008;S009;0;0.603322867140717
B0037145;PL008;S009;0;0.646300889159658
B0022454;PL008;S009;0;0.561134183357905
B0045817;PL008;S009;0;0.593013098031175
B0004600;PL008;S009;0;0.584371146757822
B0002275;PL008;S009;0;0.661672048843758
B0060793;PL008;S009;0;0.680828006301989
B0005483;PL008;S009;0;0.560639354707994
B0058859;PL008;S009;0;0.601230816827574
B0019031;PL008;S009;0;0.616573052076852
B0007892;PL008;S009;0;0.499815127245418
B0007666;PL008;S009;0;0.622351645350286
B0052464;PL008;S009;0;0.633148258249014
B0053835;PL008;S009;0;0.618976620099867
B0021406;PL008;S009;0;0.636810305777082
B0034877;PL008;S009;0;0.601478270040614
B0059255;PL008;S009;0;0.608795637572315
B0006882;PL008;S009;0;0.527473792182908
B0004256;PL008;S009;0;0.616049016937281
B0051515;PL008;S009;0;0.620086851022342
B0012869;PL008;S009;0;0.636810305777082
B0031491;PL008;S009;0;0.634661092454405
B0008047;PL008;S009;0;0.626649323615131
B0018509;PL008;S009;0;0.617743937498751
B0070577;PL008;S009;0;0.640347431435943
B0005346;PL008;S009;0;0.610767365726999
B0055682;PL008;S009;0;0.630190416010441
B0055674;PL008;S009;0;0.608273800710785
B0073262;PL008;S009;0;0.622814623020286
B0024765;PL008;S009;0;0.557623760319759
B0035074;PL008;S009;0;0.60637781855088
B0000501;PL008;S009;0;0.615469325567038
B0046452;PL008;S009;0;0.733387722813065
B0061048;PL008;S009;0;0.600368702753271
B0071302;PL008;S009;0;0.613614364695044
B0044872;PL008;S009;0;0.586900127393734
B0033485;PL008;S009;0;0.598333411522034
B0015878;PL008;S009;0;0.632368571107241
B0065045;PL008;S009;0;0.65311255421553
B0053938;PL008;S009;0;0.627381048033151
B0030419;PL008;S009;0;0.618131659638062
B0015516;PL008;S009;0;0.640306776494805
B0038362;PL008;S009;0;0.648861899432627
B0038986;PL008;S009;0;0.61252922381409
B0069284;PL008;S009;0;0.627409404357667
B0061044;PL008;S009;0;0.506865651764318
B0063266;PL008;S009;0;0.611631383464842
B0043220;PL008;S009;0;0.624046073814662
B0071184;PL008;S009;0;0.624046073814662
B0032545;PL008;S009;0;0.59967148338937
B0032926;PL008;S009;0;0.495492238964947
B0059102;PL008;S009;0;0.623812028955051
B0062891;PL008;S009;0;0.622323715402653
B0031723;PL008;S009;0;0.605336671791981
B0051936;PL008;S009;0;0.654765302810724
B0047062;PL008;S009;0;0.608375217541
B0060215;PL008;S009;0;0.625314756363176
B0054610;PL008;S009;0;0.503868059248242
B0055257;PL008;S009;0;0.623528166121371
B0068601;PL008;S009;0;0.590787082503624
B0071524;PL008;S009;0;0.626509942007196
B0045420;PL008;S009;0;0.654311914842608
B0049483;PL008;S009;0;0.549054732595899
B0035155;PL008;S009;0;0.701265806582503
B0045673;PL008;S009;0;0.651768404826845
B0021539;PL008;S009;0;0.455727579063402
B0045670;PL008;S009;0;0.638467957162351
B0021626;PL008;S009;0;0.50700305797049
B0005187;PL008;S009;0;0.692511318657499
B0002482;PL008;S009;0;0.639207933182622
B0022942;PL008;S009;0;0.630583346046013
B0025444;PL008;S009;0;0.6177995529346
B0055234;PL008;S009;0;0.588090589838213
B0068214;PL008;S009;0;0.606964475110509
B0029077;PL008;S009;0;0.677266758724725
B0030937;PL008;S009;0;0.623429765115745
B0013351;PL008;S009;0;0.57526304126434
B0013556;PL008;S009;0;0.611017927339637
B0043051;PL008;S009;0;0.678309778908923
B0061425;PL008;S009;0;0.532971922797464
B0040955;PL008;S009;0;0.593334081071246
B0054498;PL008;S009;0;0.653345661388577
B0022646;PL008;S009;0;0.608012725315912
B0063047;PL008;S009;0;0.665486169435618
B0004430;PL008;S009;0;0.648793343503966
B0052904;PL008;S009;0;0.680441511349158
B0005491;PL008;S009;0;0.5900125696246
B0014988;PL008;S009;0;0.535071384041986
B0011986;PL008;S009;0;0.670076429429869
B0029492;PL008;S009;0;0.642674699269517
B0019226;PL008;S009;0;0.71174511962028
B0021136;PL008;S009;0;0.659055803058721
B0012137;PL008;S009;0;0.662101328594563
B0033762;PL008;S009;0;0.61418361540058
B0021843;PL008;S009;0;0.629156572120512
B0072802;PL008;S009;0;0.658411738948334
B0027646;PL008;S009;0;0.666425052301364
B0074983;PL008;S009;0;0.610982106792267
B0037899;PL008;S009;0;0.661495417312836
B0009656;PL008;S009;0;0.3911493957256
B0002454;PL008;S009;0;0.566122738801224
B0055157;PL008;S009;0;0.641284363131654
B0027467;PL008;S009;0;0.654693258782143
B0004965;PL008;S009;0;0.515136395745535
B0023694;PL008;S006;0;0.728850513650216
B0063332;PL008;S006;0;0.661073918849077
B0028291;PL008;S006;0;0.67275831775441
B0008970;PL008;S006;0;0.689133747558093
B0043892;PL008;S006;0;0.665704036206253
B0048207;PL008;S006;0;0.605137694009256
B0019287;PL008;S006;0;0.673884912504122
B0013050;PL008;S006;0;0.51590524226701
B0058767;PL008;S006;0;0.700351718181491
B0007565;PL008;S006;0;0.657308432957982
B0020303;PL008;S006;0;0.690478633910975
B0012736;PL008;S006;0;0.656682065645845
B0047009;PL008;S006;0;0.626506443056915
B0014780;PL008;S006;0;0.65070339508844
B0025163;PL008;S006;0;0.667567090915833
B0040266;PL008;S006;0;0.64606570879221
B0049920;PL008;S006;0;0.670440263177997
B0047115;PL008;S006;0;0.660188223440775
B0049419;PL008;S006;0;0.655969588293545
B0008823;PL008;S006;0;0.657089751801758
B0044846;PL008;S006;0;0.668578396897599
B0065995;PL008;S006;0;0.662000846575768
B0051259;PL008;S006;0;0.624176541680731
B0046200;PL008;S006;0;0.658188416828612
B0034652;PL008;S006;0;0.656989957021551
B0034690;PL008;S006;0;0.654124248692444
B0065477;PL008;S006;0;0.654890624411932
B0010783;PL008;S006;0;0.652689097365978
B0001572;PL008;S006;0;0.64568497256749
B0054809;PL008;S006;0;0.649355092566279
B0017100;PL008;S006;0;0.663203735488904
B0014442;PL008;S006;0;0.623622448265344
B0042712;PL008;S006;0;0.666847805889209
B0018351;PL008;S006;0;0.65207906903416
B0064209;PL008;S006;0;0.658334454835467
B0012584;PL008;S006;0;0.654224581526426
B0059100;PL008;S006;0;0.65066964448601
B0064578;PL008;S006;0;0.59725183317407
B0033609;PL008;S006;0;0.678498385730706
B0018897;PL008;S006;0;0.670996674420397
B0028492;PL008;S006;0;0.667034867930813
B0063896;PL008;S006;0;0.68901484134731
B0064157;PL008;S006;0;0.570751222182859
B0063343;PL008;S006;0;0.669616123166498
B0045870;PL008;S006;0;0.675213503450656
B0041904;PL008;S006;0;0.584305170925358
B0058152;PL008;S006;0;0.667567090915833
B0026422;PL008;S006;0;0.652525085970191
B0014862;PL008;S006;0;0.644648451779549
B0056577;PL008;S006;0;0.664873900203527
B0031120;PL008;S006;0;0.658919946420287
B0049159;PL008;S006;0;0.644162479575713
B0065129;PL008;S006;0;0.651989347782366
B0045790;PL008;S006;0;0.649705724476767
B0058005;PL008;S006;0;0.695558757219749
B0006188;PL008;S006;0;0.67340167839677
B0002064;PL008;S006;0;0.667376759669563
B0048851;PL008;S006;0;0.688917957171922
B0046338;PL008;S006;0;0.688759957273971
B0069247;PL008;S006;0;0.672567587521072
B0052485;PL008;S006;0;0.64499447897652
B0014034;PL008;S006;0;0.679501961256478
B0019530;PL008;S006;0;0.649810355256523
B0024873;PL008;S006;0;0.660556602074447
B0054266;PL008;S006;0;0.643209698250999
B0042996;PL008;S006;0;0.699414879399077
B0058509;PL008;S006;0;0.681813686190386
B0002453;PL008;S006;0;0.498350837691256
B0058157;PL008;S006;0;0.689302752705818
B0051586;PL008;S006;0;0.669058464183022
B0015049;PL008;S006;0;0.566671129166451
B0034838;PL008;S006;0;0.675513059488653
B0062312;PL008;S006;0;0.685813533860274
B0044646;PL008;S006;0;0.624218242259659
B0016071;PL008;S006;0;0.657112639973717
B0043132;PL008;S006;0;0.65752204078382
B0012897;PL008;S006;0;0.674348211774072
B0013753;PL008;S006;0;0.698870480238357
B0012113;PL008;S006;0;0.636932575196234
B0063542;PL008;S006;0;0.670181681321815
B0029557;PL008;S006;0;0.650309020089604
B0042372;PL008;S006;0;0.664897096192241
B0060512;PL008;S006;0;0.668894308068899
B0022492;PL008;S006;0;0.661185844389367
B0015887;PL008;S006;0;0.635395790141297
B0060551;PL008;S006;0;0.665312491944458
B0071334;PL008;S006;0;0.719843057397263
B0065451;PL008;S006;0;0.646338160842209
B0052421;PL008;S006;0;0.637990290909553
B0023278;PL008;S006;0;0.624496867865351
B0021559;PL008;S006;0;0.646967610756838
B0065316;PL008;S006;0;0.644426854568532
B0060350;PL008;S006;0;0.610480416192674
B0004068;PL008;S006;0;0.637548180286731
B0074755;PL008;S006;0;0.654197432274037
B0011008;PL008;S006;0;0.656160314942228
B0071792;PL008;S006;0;0.628737993230004
B0001679;PL008;S006;0;0.669466083008417
B0066914;PL008;S006;0;0.629978411028256
B0009075;PL008;S006;0;0.647350899462003
B0046954;PL008;S006;0;0.681817419537263
B0053863;PL008;S006;0;0.721132287791064
B0046797;PL008;S006;0;0.742174022696498
B0066011;PL008;S006;0;0.707427244781833
B0010192;PL008;S006;0;0.698504610002723
B0045781;PL008;S006;0;0.69609532084006
B0056754;PL008;S006;0;0.638745466050393
B0057809;PL008;S006;0;0.712771384642668
B0034161;PL008;S006;0;0.737830174863742
B0012765;PL008;S006;0;0.516293052919517
B0074825;PL008;S006;0;0.647406566080509
B0017086;PL008;S006;0;0.686888627752741
B0044279;PL008;S006;0;0.66572916388559
B0008004;PL008;S006;0;0.693427677075672
B0058749;PL008;S006;0;0.691618088427256
B0032320;PL008;S006;0;0.646383576153599
B0008496;PL008;S006;0;0.645241525262978
B0072922;PL008;S006;0;0.681558540584403
B0047474;PL008;S006;0;0.714575894004467
B0025955;PL008;S006;0;0.716039468295219
B0064577;PL008;S006;0;0.538928550187088
B0044972;PL008;S006;0;0.667809182173203
B0009942;PL008;S006;0;0.65174916028513
B0067983;PL008;S006;0;0.628780215559656
B0035319;PL008;S006;0;0.662283895821383
B0031103;PL008;S006;0;0.722123891048703
B0047860;PL008;S006;0;0.667810382019946
B0025379;PL008;S006;0;0.677568518169144
B0050180;PL008;S006;0;0.68641390513513
B0038559;PL008;S006;0;0.566385805942387
B0034553;PL008;S006;0;0.709933648576222
B0067287;PL008;S006;0;0.67458989476018
B0038519;PL008;S006;0;0.630344846144284
B0001447;PL008;S006;0;0.670449305823902
B0045857;PL008;S006;0;0.65020439000895
B0001098;PL008;S006;0;0.665506698964544
B0051390;PL008;S006;0;0.651176717260285
B0071343;PL008;S006;0;0.658159603039435
B0066822;PL008;S006;0;0.648613355245978
B0046455;PL008;S006;0;0.662039621027851
B0043286;PL008;S006;0;0.691949021081366
B0011063;PL008;S006;0;0.646354384377987
B0064161;PL008;S006;0;0.669638061332992
B0035704;PL008;S006;0;0.657396815134648
B0025797;PL008;S006;0;0.641382507529847
B0029919;PL008;S006;0;0.641365701219775
B0018379;PL008;S006;0;0.487735555003461
B0073232;PL008;S006;0;0.657740999176058
B0017218;PL008;S006;0;0.740787070716082
B0055855;PL008;S006;0;0.732411506906852
B0002052;PL008;S006;0;0.723836450399405
B0052136;PL008;S006;0;0.663213852687041
B0058138;PL008;S006;0;0.73239942432335
B0037706;PL008;S006;0;0.669352376257474
B0042635;PL008;S006;0;0.545155622062727
B0014463;PL008;S006;0;0.672565339187131
B0051562;PL008;S006;0;0.651139863255466
B0028458;PL008;S006;0;0.724485672688939
B0041561;PL008;S006;0;0.649667135469301
B0022122;PL008;S006;0;0.657801056257568
B0002876;PL008;S006;0;0.680709303313071
B0044039;PL008;S006;0;0.661911957877408
B0016050;PL008;S006;0;0.649733176611321
B0054975;PL008;S006;0;0.671410810076787
B0043747;PL008;S006;0;0.673986017084284
B0002828;PL008;S006;0;0.64380058189689
B0017745;PL008;S006;0;0.674963529955122
B0019203;PL008;S006;0;0.6523305528383
B0013276;PL008;S006;0;0.543553553559283
B0043843;PL008;S006;0;0.613526484251449
B0030110;PL008;S006;0;0.660542361008201
B0031050;PL008;S006;0;0.664118921360494
B0067762;PL008;S006;0;0.660742509406594
B0065666;PL008;S006;0;0.645772847992075
B0060785;PL008;S006;0;0.676444606613533
B0047892;PL008;S006;0;0.613605724612319
B0010837;PL008;S006;0;0.724391266872151
B0060529;PL008;S006;0;0.752621131915252
B0025472;PL008;S006;0;0.695907029097057
B0064931;PL008;S006;0;0.721400859435624
B0004165;PL008;S006;0;0.654249158162128
B0019281;PL008;S006;0;0.711431914883636
B0074233;PL008;S006;0;0.647060379086228
B0070946;PL008;S006;0;0.684607408716657
B0011729;PL008;S006;0;0.650777073726418
B0015207;PL008;S006;0;0.660189951195178
B0006851;PL008;S006;0;0.663840212848309
B0028166;PL008;S006;0;0.639369663126533
B0001545;PL008;S006;0;0.675923393449939
B0016483;PL008;S006;0;0.638486659537569
B0067094;PL008;S006;0;0.603203292752773
B0002850;PL008;S006;0;0.688522877372544
B0012082;PL008;S006;0;0.661491347783788
B0025281;PL008;S006;0;0.644232819144482
B0002173;PL008;S006;0;0.633400556729332
B0033375;PL008;S006;0;0.64027057697095
B0003089;PL008;S006;0;0.687878688234105
B0016696;PL008;S006;0;0.657501860610113
B0072107;PL008;S006;0;0.653216466572793
B0038554;PL008;S006;0;0.638435415255534
B0031089;PL008;S006;0;0.658740737721701
B0031243;PL008;S006;0;0.56304909838623
B0040416;PL008;S006;0;0.64380058189689
B0001729;PL008;S006;0;0.674436098754918
B0045236;PL008;S006;0;0.661297165836879
B0035893;PL008;S006;0;0.661463820632491
B0070178;PL008;S006;0;0.648357251920698
B0020792;PL008;S006;0;0.666862167458931
B0051927;PL008;S003;0;0.60687993213102
B0039659;PL008;S003;0;0.669964472390666
B0031715;PL008;S003;0;0.71985436307748
B0018612;PL008;S003;0;0.661078326964312
B0029821;PL008;S003;0;0.57959494677906
B0022133;PL008;S003;0;0.595562394558035
B0036782;PL008;S003;0;0.599588801590414
B0035483;PL008;S003;0;0.647500466413513
B0027065;PL008;S003;0;0.581161871356022
B0018190;PL008;S003;0;0.621693271454022
B0040377;PL008;S003;0;0.566849359646752
B0009500;PL008;S003;0;0.623823474884521
B0011010;PL008;S003;0;0.682998784673851
B0007840;PL008;S003;0;0.611920300999484
B0024033;PL008;S003;0;0.686995710196065
B0070061;PL008;S003;0;0.703190132566343
B0027017;PL008;S003;0;0.664450126220517
B0037997;PL008;S003;0;0.66119910914266
B0051472;PL008;S003;0;0.659411638155784
B0064850;PL008;S003;0;0.652303258323272
B0005949;PL008;S003;0;0.562589693327559
B0029795;PL008;S003;0;0.568123851546796
B0051397;PL008;S003;0;0.644343358983684
B0061551;PL008;S003;0;0.62053102609682
B0030161;PL008;S003;0;0.668057433124392
B0038695;PL008;S003;0;0.638793883912828
B0042482;PL008;S003;0;0.673356203659166
B0014928;PL008;S003;0;0.636990961224583
B0029109;PL008;S003;0;0.683081384832641
B0040751;PL008;S003;0;0.649908878493166
B0064618;PL008;S003;0;0.631740489070848
B0032371;PL008;S003;0;0.637171674477552
B0052215;PL008;S003;0;0.62789542208061
B0061178;PL008;S003;0;0.653291520589114
B0030695;PL008;S003;0;0.700788641838018
B0045921;PL008;S003;0;0.651455469497437
B0071359;PL008;S003;0;0.656116805893386
B0024128;PL008;S003;0;0.65737853015344
B0070183;PL008;S003;0;0.644651852033504
B0060508;PL008;S003;0;0.626838125400688
B0018506;PL008;S003;0;0.410349600218285
B0010089;PL008;S003;0;0.662749021420486
B0030389;PL008;S003;0;0.670285971826196
B0054644;PL008;S003;0;0.678050548085064
B0063161;PL008;S003;0;0.665275232393689
B0018194;PL008;S003;0;0.628770597445513
B0042790;PL008;S003;0;0.615791718421011
B0074906;PL008;S003;0;0.60211945044371
B0034491;PL008;S003;0;0.622414066830331
B0072137;PL008;S003;0;0.642555636025607
B0057126;PL008;S003;0;0.666325688477391
B0036520;PL008;S003;0;0.669556724918849
B0045015;PL008;S003;0;0.656685716381575
B0036630;PL008;S003;0;0.693341093797736
B0068135;PL008;S003;0;0.718768258375367
B0068303;PL008;S003;0;0.653397369821148
B0053657;PL008;S003;0;0.546223313074863
B0024277;PL008;S003;0;0.663186479937699
B0074268;PL008;S003;0;0.689566893690032
B0020076;PL008;S003;0;0.660185648461951
B0007791;PL008;S003;0;0.663797722332217
B0046633;PL008;S003;0;0.703545296982433
B0030257;PL008;S003;0;0.701530678660987
B0043274;PL008;S003;0;0.700123931228963
B0053680;PL008;S003;0;0.614952087608585
B0008690;PL008;S003;0;0.645420866012607
B0052813;PL008;S003;0;0.645205997877606
B0073892;PL008;S003;0;0.595105811024073
B0059783;PL008;S003;0;0.67472369050862
B0014278;PL008;S003;0;0.673829522082823
B0039568;PL008;S003;0;0.636364769394184
B0044814;PL008;S003;0;0.637171674477552
B0059706;PL008;S003;0;0.645420866012607
B0005029;PL008;S003;0;0.666376757986284
B0020864;PL008;S003;0;0.662196938679542
B0074042;PL008;S003;0;0.639289600753304
B0005255;PL008;S003;0;0.643822011272541
B0042797;PL008;S003;0;0.641847690710861
B0002366;PL008;S003;0;0.65613634715108
B0004139;PL008;S003;0;0.678103139747862
B0070925;PL008;S003;0;0.645861938432876
B0009723;PL008;S003;0;0.649745998089217
B0003644;PL008;S003;0;0.70953609556308
B0015545;PL008;S003;0;0.668368848081099
B0008820;PL008;S003;0;0.650035944609916
B0007767;PL008;S003;0;0.648768262701046
B0018491;PL008;S003;0;0.650659837506398
B0045239;PL008;S003;0;0.630525512856997
B0062806;PL008;S003;0;0.638773629144039
B0004897;PL008;S003;0;0.649825869974979
B0023434;PL008;S003;0;0.648113339660104
B0060169;PL008;S003;0;0.622383970728663
B0065222;PL008;S003;0;0.600046534916826
B0048013;PL008;S003;0;0.678437237176458
B0061004;PL008;S003;0;0.612250127917359
B0066459;PL008;S003;0;0.661335043831648
B0056739;PL008;S003;0;0.701147385297941
B0016459;PL008;S003;0;0.673861216834492
B0012441;PL008;S003;0;0.670471525293712
B0000602;PL008;S003;0;0.660171066039647
B0016222;PL008;S003;0;0.660185251800012
B0041304;PL008;S003;0;0.637981679483805
B0008364;PL008;S003;0;0.699343419020348
B0028035;PL008;S003;0;0.672703966707934
B0062864;PL008;S003;0;0.688693640022434
B0017085;PL008;S003;0;0.669237187444363
B0021781;PL008;S003;0;0.6510533045617
B0022866;PL008;S003;0;0.674519180955065
B0073611;PL008;S003;0;0.646222418813132
B0050926;PL008;S003;0;0.62239656020214
B0036222;PL008;S003;0;0.701911099240132
B0039361;PL008;S003;0;0.684068427991957
B0053921;PL008;S003;0;0.553292807929181
B0044933;PL008;S003;0;0.607231644692538
B0024115;PL008;S003;0;0.621358104847219
B0038412;PL008;S003;0;0.706243651634993
B0028927;PL008;S003;0;0.684128939098778
B0068869;PL008;S003;0;0.603423831449134
B0043629;PL008;S003;0;0.60130958169485
B0069703;PL008;S003;0;0.561401307938822
B0063608;PL008;S003;0;0.712464453405075
B0053770;PL008;S003;0;0.614044177401073
B0017947;PL008;S003;0;0.710933214193109
B0036518;PL008;S003;0;0.689265295694192
B0032900;PL008;S003;0;0.669138970766719
B0046084;PL008;S003;0;0.668931939722637
B0022789;PL008;S003;0;0.733604063394071
B0050501;PL008;S003;0;0.648928589467902
B0072284;PL008;S003;0;0.683895743338098
B0074696;PL008;S003;0;0.687174670465984
B0059845;PL008;S003;0;0.714308262592349
B0025315;PL008;S003;0;0.674827229930217
B0024242;PL008;S003;0;0.645712762928652
B0070275;PL008;S003;0;0.661847758003902
B0023389;PL008;S003;0;0.68609486128301
B0022257;PL008;S003;0;0.689174509665385
B0065388;PL008;S003;0;0.697724140514829
B0009901;PL008;S003;0;0.683794618873276
B0008637;PL008;S003;0;0.702305848055712
B0026596;PL008;S003;0;0.631769567952557
B0065426;PL008;S003;0;0.671063502671778
B0012902;PL008;S003;0;0.648597543916319
B0057196;PL008;S003;0;0.643960583779701
B0008190;PL008;S003;0;0.683333453998398
B0054648;PL008;S003;0;0.68843363911352
B0066741;PL008;S003;0;0.650412483072077
B0068228;PL008;S003;0;0.640738814840887
B0010548;PL008;S003;0;0.710562087723233
B0007831;PL008;S003;0;0.662884170798762
B0034522;PL008;S003;0;0.672395264717249
B0008837;PL008;S003;0;0.702245256953337
B0031531;PL008;S003;0;0.656616198662572
B0069349;PL008;S003;0;0.651601259870999
B0003658;PL008;S003;0;0.652548973574588
B0039790;PL008;S003;0;0.650555942119843
B0053179;PL008;S003;0;0.664814196538849
B0070737;PL008;S003;0;0.622796778646797
B0069217;PL008;S003;0;0.654875868827479
B0006441;PL008;S003;0;0.694916152052311
B0029521;PL008;S003;0;0.67934801999946
B0022717;PL008;S003;0;0.67759247525661
B0044066;PL008;S003;0;0.647084890414282
B0030276;PL008;S003;0;0.558228903084979
B0001284;PL008;S003;0;0.68717257255066
B0067123;PL008;S003;0;0.681632705300226
B0024856;PL008;S003;0;0.737023259536543
B0058931;PL008;S003;0;0.715203592361704
B0052490;PL008;S003;0;0.685367109991631
B0004715;PL008;S003;0;0.684862903396079
B0028663;PL008;S003;0;0.6101742141048
B0047734;PL008;S003;0;0.668411442732206
B0035415;PL008;S003;0;0.674070355050385
B0016494;PL008;S003;0;0.694342114495943
B0038698;PL008;S003;0;0.601835596736727
B0044558;PL008;S003;0;0.661504287031378
B0017345;PL008;S003;0;0.691674720851036
B0071284;PL008;S003;0;0.655818730579088
B0030086;PL008;S003;0;0.657126380993871
B0006975;PL008;S003;0;0.666146638658768
B0053855;PL008;S003;0;0.663653183011417
B0020934;PL008;S003;0;0.637283704065693
B0025230;PL008;S003;0;0.659274730166105
B0016036;PL008;S003;0;0.668590367992177
B0062248;PL008;S003;0;0.752465810137922
B0014251;PL008;S003;0;0.573936733359117
B0061215;PL008;S003;0;0.558847140194598
B0000180;PL008;S003;0;0.650980227650232
B0065510;PL008;S003;0;0.661573756828483
B0052944;PL008;S003;0;0.564363400786399
B0060862;PL008;S003;0;0.608018588316806
B0006711;PL008;S003;0;0.614610794180965
B0048138;PL008;S003;0;0.690361496454143
B0004849;PL008;S003;0;0.661908844040908
B0054202;PL008;S003;0;0.668464835342666
B0007376;PL008;S003;0;0.683193842087242
B0050388;PL008;S003;0;0.696025329581236
B0074180;PL008;S003;0;0.60936567111672
B0013439;PL008;S003;0;0.669827440304539
B0000493;PL008;S003;0;0.657440073750806
B0059273;PL008;S003;0;0.679091153236577
B0070838;PL008;S003;0;0.657331490686031
B0056538;PL008;S003;0;0.71893241862785
B0069990;PL008;S003;0;0.676093136527542
B0023585;PL008;S003;0;0.661734217865752
B0031721;PL008;S003;0;0.659931724757375
B0029355;PL008;S003;0;0.60987433571005
B0028575;PL008;S003;0;0.630819032919359
B0022410;PL008;S003;0;0.726844162009073
B0052909;PL008;S003;0;0.694538272536866
B0051549;PL008;S003;0;0.634509337014253
B0011827;PL008;S003;0;0.652227854112356
B0071884;PL008;S003;0;0.633813995412866
B0055866;PL008;S003;0;0.720780314936973
B0040560;PL008;S003;0;0.654566894017955
B0004694;PL008;S003;0;0.6646031066292
B0059322;PL008;S003;0;0.669368324484613
B0020374;PL008;S003;0;0.699657549068253
B0002017;PL008;S003;0;0.648379441645777
B0016120;PL008;S003;0;0.652168516026298
B0074647;PL008;S004;0;0.49594650475073
B0015466;PL008;S004;0;0.580661732934022
B0042126;PL008;S004;0;0.686333477350832
B0023108;PL008;S004;0;0.712010505247856
B0073060;PL008;S004;0;0.591023858557831
B0009923;PL008;S004;0;0.697426643117897
B0015905;PL008;S004;0;0.650492334646438
B0036677;PL008;S004;0;0.665233679958558
B0070020;PL008;S004;0;0.632357922852003
B0068401;PL008;S004;0;0.615594533800963
B0002671;PL008;S004;0;0.647181610504431
B0060805;PL008;S004;0;0.710680558098761
B0058488;PL008;S004;0;0.701335723082103
B0042617;PL008;S004;0;0.662822626911539
B0018996;PL008;S004;0;0.678328752604682
B0063864;PL008;S004;0;0.683351257175951
B0063843;PL008;S004;0;0.679762716575404
B0068733;PL008;S004;0;0.573937912061725
B0005875;PL008;S004;0;0.609057605046717
B0057649;PL008;S004;0;0.695885988885399
B0039474;PL008;S004;0;0.665764899834486
B0056252;PL008;S004;0;0.607923114410303
B0050723;PL008;S004;0;0.656866547207964
B0014425;PL008;S004;0;0.670184115113745
B0041407;PL008;S004;0;0.671757157858611
B0050163;PL008;S004;0;0.595392626846476
B0005395;PL008;S004;0;0.631895704222768
B0064955;PL008;S004;0;0.681901164359262
B0072858;PL008;S004;0;0.712391521053263
B0007756;PL008;S004;0;0.683618898387689
B0073739;PL008;S004;0;0.676402178928328
B0055792;PL008;S004;0;0.666250707565086
B0045294;PL008;S004;0;0.664476510964579
B0042356;PL008;S004;0;0.71297861672302
B0061260;PL008;S004;0;0.655872324981876
B0005935;PL008;S004;0;0.68780698995709
B0017750;PL008;S004;0;0.679043665277537
B0001044;PL008;S004;0;0.675173483788035
B0036456;PL008;S004;0;0.667796678779597
B0000482;PL008;S004;0;0.734804079450298
B0048620;PL008;S004;0;0.617086236971033
B0069228;PL008;S004;0;0.611500822625912
B0010938;PL008;S004;0;0.604952751747576
B0008215;PL008;S004;0;0.613002166728964
B0040308;PL008;S004;0;0.615830669313351
B0050244;PL008;S004;0;0.64503809335121
B0028999;PL008;S004;0;0.653782140259756
B0033774;PL008;S004;0;0.631683704097727
B0064665;PL008;S004;0;0.703079310593146
B0026084;PL008;S004;0;0.67242697862567
B0047250;PL008;S004;0;0.648782493529083
B0003573;PL008;S004;0;0.669420906992943
B0020739;PL008;S004;0;0.56768656675932
B0049925;PL008;S004;0;0.562939894737953
B0062608;PL008;S004;0;0.637752975173167
B0002818;PL008;S004;0;0.698549088070271
B0048250;PL008;S004;0;0.734765393639016
B0059261;PL008;S004;0;0.667395901756347
B0070470;PL008;S004;0;0.666359917492732
B0073402;PL008;S004;0;0.680094538677112
B0066448;PL008;S004;0;0.62486177508818
B0014342;PL008;S004;0;0.666624117429001
B0008913;PL008;S004;0;0.632594623159452
B0051564;PL008;S004;0;0.645476263089638
B0007118;PL008;S004;0;0.660780819928889
B0035475;PL008;S004;0;0.655924626353463
B0044719;PL008;S004;0;0.665054637271652
B0072389;PL008;S004;0;0.684584711971263
B0074186;PL008;S004;0;0.651074659143822
B0001508;PL008;S004;0;0.686050769003155
B0037595;PL008;S004;0;0.645130587910129
B0041157;PL008;S004;0;0.653369693470756
B0072520;PL008;S004;0;0.658002872345966
B0029549;PL008;S004;0;0.646397872349116
B0027721;PL008;S004;0;0.689303920391647
B0058189;PL008;S004;0;0.643044949616779
B0019532;PL008;S004;0;0.61712662350017
B0023312;PL008;S004;0;0.628026129826874
B0024268;PL008;S004;0;0.671381816498833
B0021997;PL008;S004;0;0.636457270195796
B0004154;PL008;S004;0;0.66795062017512
B0027715;PL008;S004;0;0.608795438839598
B0039607;PL008;S004;0;0.656057747696674
B0033175;PL008;S004;0;0.707380559890962
B0050263;PL008;S004;0;0.621930888391033
B0054726;PL008;S004;0;0.7027339393553
B0066779;PL008;S004;0;0.546077161954502
B0029525;PL008;S004;0;0.704604629921302
B0071447;PL008;S004;0;0.661184644143604
B0013676;PL008;S004;0;0.644757028956756
B0020962;PL008;S004;0;0.613727568974109
B0046324;PL008;S004;0;0.640642634154022
B0070270;PL008;S004;0;0.684091704708967
B0004113;PL008;S004;0;0.701793473063725
B0061875;PL008;S004;0;0.655872324981876
B0013618;PL008;S004;0;0.666941739118497
B0030005;PL008;S004;0;0.646757782803359
B0001664;PL008;S004;0;0.653007011640214
B0007445;PL008;S004;0;0.589787426731864
B0006893;PL008;S004;0;0.655872324981876
B0059711;PL008;S004;0;0.708294575065237
B0019753;PL008;S004;0;0.704340218252962
B0068104;PL008;S004;0;0.546492403288124
B0039245;PL008;S004;0;0.603907093877176
B0061320;PL008;S004;0;0.489845299071139
B0030035;PL008;S004;0;0.690659660409214
B0002294;PL008;S004;0;0.580760315753636
B0073250;PL008;S004;0;0.611076150924084
B0026553;PL008;S004;0;0.676225706086151
B0032591;PL008;S004;0;0.671534923114683
B0001305;PL008;S004;0;0.654003695098582
B0002334;PL008;S004;0;0.718071881610332
B0072083;PL008;S004;0;0.635197356775698
B0027094;PL008;S004;0;0.683828677945793
B0024841;PL008;S004;0;0.679127221845527
B0036473;PL008;S004;0;0.695187290643141
B0073496;PL008;S004;0;0.635076013867383
B0045619;PL008;S004;0;0.695226672228793
B0011756;PL008;S004;0;0.695855297576768
B0001318;PL008;S004;0;0.667180163305333
B0063814;PL008;S004;0;0.661235013368792
B0010405;PL008;S004;0;0.635197356775698
B0062159;PL008;S004;0;0.686352482786583
B0028182;PL008;S004;0;0.643669200785725
B0008698;PL008;S004;0;0.665316571781855
B0059713;PL008;S004;0;0.721059273195488
B0026150;PL008;S004;0;0.683903463667536
B0043134;PL008;S004;0;0.630635335231696
B0021750;PL008;S004;0;0.641034683830424
B0069787;PL008;S004;0;0.701929822828008
B0011077;PL008;S004;0;0.660227690782741
B0045703;PL008;S004;0;0.647210897879451
B0017400;PL008;S004;0;0.647210897879451
B0001824;PL008;S004;0;0.611813830783112
B0024123;PL008;S004;0;0.648212560311536
B0046562;PL008;S004;0;0.679390700374184
B0033564;PL008;S004;0;0.669066183826346
B0037483;PL008;S004;0;0.659678702991206
B0020478;PL008;S004;0;0.663900352359931
B0058750;PL008;S004;0;0.649802314028153
B0026582;PL008;S004;0;0.6631250651587
B0040489;PL008;S004;0;0.641019120273036
B0017986;PL008;S004;0;0.721213567886186
B0039512;PL008;S004;0;0.657992111843521
B0025469;PL008;S004;0;0.633570256182369
B0005021;PL008;S004;0;0.638757198800581
B0031250;PL008;S004;0;0.614309951423877
B0034757;PL008;S004;0;0.709483397215085
B0028930;PL008;S004;0;0.660071929256635
B0006738;PL008;S004;0;0.674775315960976
B0031310;PL008;S004;0;0.70199847508186
B0019591;PL008;S004;0;0.622901444033904
B0064067;PL008;S004;0;0.633756580911077
B0067697;PL008;S004;0;0.61501424381841
B0063649;PL008;S004;0;0.668495447712004
B0067874;PL008;S004;0;0.670788685357267
B0013525;PL008;S004;0;0.736736951408281
B0018911;PL008;S004;0;0.689768837814096
B0035034;PL008;S004;0;0.663371205798935
B0012688;PL008;S004;0;0.721981079629711
B0006436;PL008;S004;0;0.650845765596169
B0043435;PL008;S004;0;0.704462457600183
B0056701;PL008;S004;0;0.715706001531565
B0045000;PL008;S004;0;0.665813058488659
B0039712;PL008;S004;0;0.746658782614218
B0030130;PL008;S004;0;0.712064484886584
B0065312;PL008;S004;0;0.710258805792768
B0032340;PL008;S004;0;0.655575737492695
B0002382;PL008;S004;0;0.666357962419924
B0065565;PL008;S004;0;0.685392857462333
B0065924;PL008;S004;0;0.703351463351086
B0061963;PL008;S004;0;0.661920856556121
B0050290;PL008;S004;0;0.674685720438778
B0007417;PL008;S004;0;0.725349576307398
B0009168;PL008;S004;0;0.722337943880624
B0063251;PL008;S004;0;0.664253903835249
B0016337;PL008;S004;0;0.649920174639696
B0063907;PL008;S004;0;0.656666944329742
B0054067;PL008;S004;0;0.678536156857333
B0071866;PL008;S004;0;0.636902928352044
B0039017;PL008;S004;0;0.711627477881196
B0034298;PL008;S004;0;0.666366892536151
B0065244;PL008;S004;0;0.736348335543907
B0019360;PL008;S004;0;0.667354388778969
B0042829;PL008;S004;0;0.691434781972296
B0003398;PL008;S004;0;0.753085048665387
B0030814;PL008;S004;0;0.634672160179041
B0023652;PL008;S004;0;0.659426140783821
B0046078;PL008;S004;0;0.683214668499905
B0057709;PL008;S004;0;0.705698119331182
B0024448;PL008;S004;0;0.66408459311555
B0021310;PL008;S004;0;0.669948731777796
B0050030;PL008;S004;0;0.647225845055513
B0010313;PL008;S004;0;0.647278500447942
B0044030;PL008;S004;0;0.666292524961461
B0060043;PL008;S004;0;0.669640723741618
B0050587;PL008;S004;0;0.670831468720266
B0009905;PL008;S004;0;0.668753188292832
B0030572;PL008;S004;0;0.710343663436354
B0025100;PL008;S004;0;0.619080388995672
B0018498;PL008;S004;0;0.638783722143152
B0045659;PL008;S004;0;0.651266923670665
B0033685;PL008;S004;0;0.716698606474088
B0019377;PL008;S004;0;0.666566925418273
B0038815;PL008;S004;0;0.6811454061413
B0035030;PL008;S004;0;0.584308344360057
B0016169;PL008;S004;0;0.662640268848496
B0031533;PL008;S004;0;0.725859160169626
B0070491;PL008;S004;0;0.674049231316172
B0068582;PL008;S004;0;0.7395593116878
B0073399;PL008;S004;0;0.705777999805951
B0024352;PL008;S004;0;0.685658657033683
B0022094;PL008;S004;0;0.686152516959735
B0041788;PL008;S004;0;0.670726632903912
B0021508;PL008;S004;0;0.6725599266462
B0023507;PL008;S004;0;0.594029743771744
B0071219;PL008;S004;0;0.706144389346463
B0066796;PL008;S004;0;0.608323771566117
B0024846;PL008;S004;0;0.624333829242652
B0072076;PL008;S005;0;0.669172004441708
B0010817;PL008;S005;0;0.511701798259998
B0032290;PL008;S005;0;0.638396930112223
B0048333;PL008;S005;0;0.652116526696213
B0034537;PL008;S005;0;0.69612867357655
B0013366;PL008;S005;0;0.587581182303867
B0004630;PL008;S005;0;0.581915313960925
B0039990;PL008;S005;0;0.597814735112292
B0030491;PL008;S005;0;0.648598349935206
B0024435;PL008;S005;0;0.614745904059882
B0057430;PL008;S005;0;0.653186642045556
B0052726;PL008;S005;0;0.67624691755062
B0034126;PL008;S005;0;0.684866277472487
B0014152;PL008;S005;0;0.62790480890832
B0008179;PL008;S005;0;0.632633600267313
B0058893;PL008;S005;0;0.624093706736737
B0020293;PL008;S005;0;0.643850198371871
B0008847;PL008;S005;0;0.644705352266413
B0023610;PL008;S005;0;0.631002080827426
B0027090;PL008;S005;0;0.559660327221359
B0073554;PL008;S005;0;0.662539202488761
B0011107;PL008;S005;0;0.672292742492949
B0008220;PL008;S005;0;0.631677148438793
B0005240;PL008;S005;0;0.631247888201161
B0003440;PL008;S005;0;0.63985506606826
B0063655;PL008;S005;0;0.630723372701364
B0051028;PL008;S005;0;0.598753179568059
B0057503;PL008;S005;0;0.626510166889551
B0043664;PL008;S005;0;0.622836557499134
B0048912;PL008;S005;0;0.634414342270633
B0045655;PL008;S005;0;0.635210085443135
B0041449;PL008;S005;0;0.674117174144345
B0040906;PL008;S005;0;0.622894801507437
B0004747;PL008;S005;0;0.650768718743252
B0019916;PL008;S005;0;0.66703242352897
B0020017;PL008;S005;0;0.649510729426734
B0033625;PL008;S005;0;0.646095153379066
B0062677;PL008;S005;0;0.631139467978734
B0066381;PL008;S005;0;0.634848807708201
B0023898;PL008;S005;0;0.619376511774617
B0059976;PL008;S005;0;0.673677573227177
B0030174;PL008;S005;0;0.654892807085308
B0031865;PL008;S005;0;0.670410045967106
B0053102;PL008;S005;0;0.670534562016378
B0005178;PL008;S005;0;0.678878839903587
B0019344;PL008;S005;0;0.631759216760809
B0047634;PL008;S005;0;0.638743323839884
B0050245;PL008;S005;0;0.64962402824058
B0015185;PL008;S005;0;0.693031363373804
B0047220;PL008;S005;0;0.633207055553411
B0007182;PL008;S005;0;0.576120633046916
B0015787;PL008;S005;0;0.638290832863502
B0008735;PL008;S005;0;0.664348361621836
B0046572;PL008;S005;0;0.609033921987674
B0059979;PL008;S005;0;0.658032688441052
B0072141;PL008;S005;0;0.663238063207259
B0017997;PL008;S005;0;0.640348219934342
B0028752;PL008;S005;0;0.661452529132883
B0025199;PL008;S005;0;0.654845878074829
B0053307;PL008;S005;0;0.663152594148283
B0033198;PL008;S005;0;0.69439813749431
B0005102;PL008;S005;0;0.665556897332761
B0039342;PL008;S005;0;0.676269790729315
B0070874;PL008;S005;0;0.663878253379822
B0068102;PL008;S005;0;0.651746089763486
B0054215;PL008;S005;0;0.652760707493974
B0047507;PL008;S005;0;0.648941328285663
B0023565;PL008;S005;0;0.696188697018638
B0008856;PL008;S005;0;0.667827048342435
B0031224;PL008;S005;0;0.660997156265294
B0066953;PL008;S005;0;0.637093348559521
B0004478;PL008;S005;0;0.656932464780516
B0065825;PL008;S005;0;0.628555810490451
B0051218;PL008;S005;0;0.65376080065933
B0009642;PL008;S005;0;0.641643488972317
B0035901;PL008;S005;0;0.659765362160793
B0039669;PL008;S005;0;0.665616692852269
B0004775;PL008;S005;0;0.649490194765471
B0032959;PL008;S005;0;0.652135775875579
B0072927;PL008;S005;0;0.632171376638302
B0046357;PL008;S005;0;0.645764394402623
B0024658;PL008;S005;0;0.632545300724035
B0035112;PL008;S005;0;0.647970976650147
B0047813;PL008;S005;0;0.675815274161154
B0051104;PL008;S005;0;0.659484116049661
B0032188;PL008;S005;0;0.632849010994285
B0065763;PL008;S005;0;0.657443694400306
B0039192;PL008;S005;0;0.626627761740399
B0001554;PL008;S005;0;0.671253817991812
B0067597;PL008;S005;0;0.658314532353707
B0052910;PL008;S005;0;0.634824663617877
B0008446;PL008;S005;0;0.625906748559349
B0013557;PL008;S005;0;0.630565511231998
B0026574;PL008;S005;0;0.661843446881917
B0033386;PL008;S005;0;0.685469155804223
B0033702;PL008;S005;0;0.636287405861832
B0006997;PL008;S005;0;0.652708480252429
B0044198;PL008;S005;0;0.658732967579451
B0002409;PL008;S005;0;0.681810820171362
B0003106;PL008;S005;0;0.678216261078576
B0014860;PL008;S005;0;0.655130371294098
B0002501;PL008;S005;0;0.646095153379066
B0015264;PL008;S005;0;0.649414949686497
B0049178;PL008;S005;0;0.64209086995916
B0030008;PL008;S005;0;0.66751425573439
B0057667;PL008;S005;0;0.533860897712025
B0045540;PL008;S005;0;0.611300888871443
B0050492;PL008;S005;0;0.670033964125347
B0013339;PL008;S005;0;0.680323287404765
B0064837;PL008;S005;0;0.655974679014286
B0062409;PL008;S005;0;0.65230615490681
B0060961;PL008;S005;0;0.65192198598195
B0034577;PL008;S005;0;0.630709483982469
B0050184;PL008;S005;0;0.57445453170262
B0059190;PL008;S005;0;0.65153772792879
B0037103;PL008;S005;0;0.662936262919567
B0014157;PL008;S005;0;0.67033946857448
B0066065;PL008;S005;0;0.630799730483213
B0048316;PL008;S005;0;0.630799730483213
B0033724;PL008;S005;0;0.671170755369195
B0001282;PL008;S005;0;0.656690230608425
B0013379;PL008;S005;0;0.673404661874358
B0062925;PL008;S005;0;0.646080408910954
B0070954;PL008;S005;0;0.6476873371226
B0004930;PL008;S005;0;0.642837351935136
B0021520;PL008;S005;0;0.567864267629727
B0037089;PL008;S005;0;0.704440512684694
B0074244;PL008;S005;0;0.701891146039317
B0047700;PL008;S005;0;0.721319621957999
B0061411;PL008;S005;0;0.703743562461059
B0053434;PL008;S005;0;0.669039666428528
B0045613;PL008;S005;0;0.707563056679783
B0012225;PL008;S005;0;0.651363873438809
B0059606;PL008;S005;0;0.628413585347629
B0074530;PL008;S005;0;0.537691559981282
B0015467;PL008;S005;0;0.591639206191572
B0030922;PL008;S005;0;0.70976005436836
B0056153;PL008;S005;0;0.642177837689783
B0004109;PL008;S005;0;0.645012471382243
B0003207;PL008;S005;0;0.671304843382138
B0073523;PL008;S005;0;0.691361340337622
B0059923;PL008;S005;0;0.707899266942122
B0064440;PL008;S005;0;0.629956270923501
B0027637;PL008;S005;0;0.642188946221024
B0046415;PL008;S005;0;0.639907341896448
B0002346;PL008;S005;0;0.676681730363092
B0022006;PL008;S005;0;0.641652888286602
B0048073;PL008;S005;0;0.702197619493452
B0003346;PL008;S005;0;0.663845554050781
B0043969;PL008;S005;0;0.663865063319197
B0073965;PL008;S005;0;0.636827381733287
B0001624;PL008;S005;0;0.598287040502015
B0047354;PL008;S005;0;0.702151214402473
B0020348;PL008;S005;0;0.667551500375087
B0073158;PL008;S005;0;0.716896334037451
B0008878;PL008;S005;0;0.648405484073198
B0057044;PL008;S005;0;0.642295395002156
B0012958;PL008;S005;0;0.634093508796604
B0022702;PL008;S005;0;0.640612564120579
B0041796;PL008;S005;0;0.642719420575394
B0051204;PL008;S005;0;0.674300636344808
B0001093;PL008;S005;0;0.696625172166839
B0009880;PL008;S005;0;0.650517871507229
B0028279;PL008;S005;0;0.650348220131124
B0041499;PL008;S005;0;0.65658871488659
B0060456;PL008;S005;0;0.65658871488659
B0021201;PL008;S005;0;0.705043640833202
B0068744;PL008;S005;0;0.705043640833202
B0038536;PL008;S005;0;0.669514230904729
B0032909;PL008;S005;0;0.653980841051744
B0023386;PL008;S005;0;0.659965244531537
B0034482;PL008;S005;0;0.63664781219357
B0068084;PL008;S005;0;0.624558091645719
B0042572;PL008;S005;0;0.600019749382159
B0074847;PL008;S005;0;0.639616223737971
B0020503;PL008;S005;0;0.614644740593524
B0060807;PL008;S005;0;0.62929941160136
B0033782;PL008;S005;0;0.70358916290243
B0033767;PL008;S005;0;0.687379641370091
B0018660;PL008;S005;0;0.626449758777702
B0023999;PL008;S005;0;0.744914375868208
B0033924;PL008;S005;0;0.680860703036355
B0008095;PL008;S005;0;0.648445677788988
B0026517;PL008;S005;0;0.689296961488662
B0067110;PL008;S005;0;0.67109559145496
B0043252;PL008;S005;0;0.655622051285832
B0001379;PL008;S005;0;0.654390270803213
B0040699;PL008;S005;0;0.687949250505849
B0036892;PL008;S005;0;0.718109843021066
B0069012;PL008;S005;0;0.655097708840005
B0029066;PL008;S005;0;0.673556026098479
B0022751;PL008;S005;0;0.664360511300828
B0065909;PL008;S005;0;0.672520209255185
B0046943;PL008;S005;0;0.656223071026603
B0040752;PL008;S005;0;0.656853661826173
B0020225;PL008;S005;0;0.631433774613027
B0004679;PL008;S005;0;0.646402855229391
B0059986;PL008;S005;0;0.68248787481337
B0012668;PL008;S005;0;0.585741837004334
B0057926;PL008;S005;0;0.650488535372464
B0049702;PL008;S005;0;0.702717384931668
B0043732;PL008;S005;0;0.629798080940094
B0047076;PL008;S005;0;0.677314122707226
B0053668;PL008;S005;0;0.61669884381313
B0016416;PL008;S005;0;0.697515983873848
B0063026;PL008;S005;0;0.600657537858539
B0052879;PL008;S005;0;0.674445581370149
B0022981;PL008;S005;0;0.642403897349594
B0047525;PL008;S005;0;0.628957984408536
B0002929;PL008;S005;0;0.645264760197904
B0010778;PL008;S005;0;0.671835343777087
B0021542;PL008;S005;0;0.652740833878567
B0018363;PL008;S005;0;0.652695517503388
B0041926;PL008;S005;0;0.673143842377643
B0052563;PL008;S005;0;0.64066425332173
B0025727;PL008;S005;0;0.650094704858932
B0025636;PL008;S005;0;0.647426201939905
B0044897;PL008;S005;0;0.647779437189967
B0025521;PL008;S005;0;0.666942748335808
B0021566;PL008;S005;0;0.650348220131124
B0004614;PL008;S005;0;0.687565832080699
B0051240;PL008;S005;0;0.660181081862983
B0001763;PL008;S005;0;0.687683173337902
B0047651;PL008;S005;0;0.651626686327554
B0002909;PL008;S005;0;0.605901306350328
B0042005;PL008;S005;0;0.62536593061509
B0007080;PL008;S005;0;0.681377374926983
B0027522;PL008;S005;0;0.698545597651577
B0011892;PL008;S005;0;0.585818170128849
B0016472;PL008;S005;0;0.656911703906376
B0064886;PL008;S005;0;0.667261162901997
B0013371;PL008;S005;0;0.661905587415885
B0003639;PL008;S005;0;0.648876619563335
B0022582;PL008;S005;0;0.635438453510435
B0065160;PL008;S002;0;0.605314895458053
B0015729;PL008;S002;0;0.563312072602337
B0044113;PL008;S002;0;0.661049715589515
B0052436;PL008;S002;0;0.72207511222166
B0041602;PL008;S002;0;0.678422631429855
B0018341;PL008;S002;0;0.687770985045209
B0020551;PL008;S002;0;0.666998763118705
B0018749;PL008;S002;0;0.680759436063519
B0004751;PL008;S002;0;0.65231278816632
B0072783;PL008;S002;0;0.672719792732887
B0036634;PL008;S002;0;0.686803577853631
B0071461;PL008;S002;0;0.657198573877111
B0029548;PL008;S002;0;0.682275648038646
B0056073;PL008;S002;0;0.698502288594902
B0035362;PL008;S002;0;0.706678122918997
B0003705;PL008;S002;0;0.669430308447812
B0018980;PL008;S002;0;0.639849042544356
B0048063;PL008;S002;0;0.680498197113413
B0039424;PL008;S002;0;0.659853423974059
B0020573;PL008;S002;0;0.667537984669656
B0074216;PL008;S002;0;0.65256434057308
B0038598;PL008;S002;0;0.679898298561779
B0019170;PL008;S002;0;0.670196305256469
B0022993;PL008;S002;0;0.655762707957294
B0054792;PL008;S002;0;0.660088716465604
B0058882;PL008;S002;0;0.682431188860743
B0043891;PL008;S002;0;0.672713117724673
B0028431;PL008;S002;0;0.652854806612212
B0074408;PL008;S002;0;0.688829973872508
B0057718;PL008;S002;0;0.669692250178528
B0001131;PL008;S002;0;0.669666751346544
B0057449;PL008;S002;0;0.67875270052558
B0025417;PL008;S002;0;0.725105655766371
B0017145;PL008;S002;0;0.713642564384282
B0025288;PL008;S002;0;0.652392351691736
B0017506;PL008;S002;0;0.674131622951559
B0022920;PL008;S002;0;0.667277276748772
B0042412;PL008;S002;0;0.688407780533854
B0049610;PL008;S002;0;0.664926579356165
B0030224;PL008;S002;0;0.686108134328108
B0033620;PL008;S002;0;0.716273549081089
B0040614;PL008;S002;0;0.68979734055041
B0051887;PL008;S002;0;0.645295313496087
B0055856;PL008;S002;0;0.686238006609128
B0071838;PL008;S002;0;0.729375392804648
B0011858;PL008;S002;0;0.776110037623652
B0066030;PL008;S002;0;0.733725846127623
B0015723;PL008;S002;0;0.688338288979363
B0046654;PL008;S002;0;0.701788111916708
B0003798;PL008;S002;0;0.664802805326631
B0027043;PL008;S002;0;0.66319899208454
B0056147;PL008;S002;0;0.648432913064674
B0066406;PL008;S002;0;0.688989288309515
B0004118;PL008;S002;0;0.639577592920004
B0005904;PL008;S002;0;0.732252288016006
B0007574;PL008;S002;0;0.697015353289493
B0011640;PL008;S002;0;0.662005610419357
B0027691;PL008;S002;0;0.666047778409364
B0018930;PL008;S002;0;0.648245194644737
B0051880;PL008;S002;0;0.69293896933394
B0072518;PL008;S002;0;0.687206383459473
B0062612;PL008;S002;0;0.678649110141689
B0025525;PL008;S002;0;0.670757614669237
B0000792;PL008;S002;0;0.688982815864242
B0011116;PL008;S002;0;0.669007794250774
B0006385;PL008;S002;0;0.636402801166247
B0055924;PL008;S002;0;0.677290905592284
B0029125;PL008;S002;0;0.65031983465362
B0008502;PL008;S002;0;0.641722719292338
B0044580;PL008;S002;0;0.652165512197609
B0027935;PL008;S002;0;0.6590062690334
B0030698;PL008;S002;0;0.688829973872508
B0057289;PL008;S002;0;0.659650869438597
B0012508;PL008;S002;0;0.649116257653888
B0052117;PL008;S002;0;0.638445875330282
B0007109;PL008;S002;0;0.656253846915062
B0015139;PL008;S002;0;0.685140451527414
B0007930;PL008;S002;0;0.702781999508391
B0066834;PL008;S002;0;0.644493031137499
B0003249;PL008;S002;0;0.664302702797185
B0007547;PL008;S002;0;0.683857272824385
B0025704;PL008;S002;0;0.636061926060937
B0048326;PL008;S002;0;0.683224193260533
B0026861;PL008;S002;0;0.643884693115625
B0020301;PL008;S002;0;0.67781261302016
B0003555;PL008;S002;0;0.637159059573261
B0044146;PL008;S002;0;0.649230249073184
B0041173;PL008;S002;0;0.640016306944268
B0074838;PL008;S002;0;0.6720766015992
B0064798;PL008;S002;0;0.686581761864448
B0008458;PL008;S002;0;0.606779598155381
B0009346;PL008;S002;0;0.674201955922753
B0045212;PL008;S002;0;0.697894447648167
B0067413;PL008;S002;0;0.700740733576228
B0056455;PL008;S002;0;0.705944831338872
B0015649;PL008;S002;0;0.660794144552271
B0002943;PL008;S002;0;0.697601784815689
B0027541;PL008;S002;0;0.66492764959545
B0071436;PL008;S002;0;0.659184840627702
B0026848;PL008;S002;0;0.674663333023507
B0061143;PL008;S002;0;0.661669153500184
B0028651;PL008;S002;0;0.636798555580345
B0009987;PL008;S002;0;0.674961782373184
B0062487;PL008;S002;0;0.648840701926074
B0034364;PL008;S002;0;0.669385293368352
B0030383;PL008;S002;0;0.640712205515858
B0032628;PL008;S002;0;0.658793336970783
B0027524;PL008;S002;0;0.655845831806933
B0016002;PL008;S002;0;0.664585972422011
B0049555;PL008;S002;0;0.693576645639547
B0049687;PL008;S002;0;0.656840840256567
B0003356;PL008;S002;0;0.654002683392991
B0008261;PL008;S002;0;0.663023733747155
B0058724;PL008;S002;0;0.666162591362278
B0032099;PL008;S002;0;0.652652924595833
B0051572;PL008;S002;0;0.657094811352938
B0012086;PL008;S002;0;0.663609152717482
B0014042;PL008;S002;0;0.673306137706953
B0041338;PL008;S002;0;0.696437229855117
B0026028;PL008;S002;0;0.733703301915052
B0005795;PL008;S002;0;0.807151017702873
B0057529;PL008;S002;0;0.663691283805116
B0045968;PL008;S002;0;0.669193839756836
B0001917;PL008;S002;0;0.65785026349006
B0013451;PL008;S002;0;0.721649803558552
B0048560;PL008;S002;0;0.69196168543967
B0062403;PL008;S002;0;0.740308175846702
B0021467;PL008;S002;0;0.733203580109205
B0044506;PL008;S002;0;0.711461021568756
B0063629;PL008;S002;0;0.700196656871731
B0042180;PL008;S002;0;0.628565242686581
B0050792;PL008;S002;0;0.667135284362704
B0059593;PL008;S002;0;0.68038051765911
B0065669;PL008;S002;0;0.711502471156214
B0007368;PL008;S002;0;0.679120072703757
B0047563;PL008;S002;0;0.655800267311429
B0047214;PL008;S002;0;0.685876866014123
B0044825;PL008;S002;0;0.675986467460195
B0049705;PL008;S002;0;0.68998992054037
B0001825;PL008;S002;0;0.674806364777399
B0035812;PL008;S002;0;0.659589108929649
B0005706;PL008;S002;0;0.676110558186144
B0074853;PL008;S002;0;0.680935393421556
B0052379;PL008;S002;0;0.652803228215585
B0013259;PL008;S002;0;0.676445914526366
B0029062;PL008;S002;0;0.652803228215585
B0044203;PL008;S002;0;0.681681061461906
B0058305;PL008;S002;0;0.668285827527251
B0045478;PL008;S002;0;0.648175559854029
B0033647;PL008;S002;0;0.673956355980758
B0074936;PL008;S002;0;0.664537140691208
B0016521;PL008;S002;0;0.694117332016599
B0020924;PL008;S002;0;0.682937087034322
B0018786;PL008;S002;0;0.644934833437085
B0071382;PL008;S002;0;0.735340040622309
B0033933;PL008;S002;0;0.688558238249274
B0040680;PL008;S002;0;0.655674330172051
B0037717;PL008;S002;0;0.632929408165281
B0043456;PL008;S002;0;0.673843137106186
B0004171;PL008;S002;0;0.662515930563699
B0063095;PL008;S002;0;0.681163952457067
B0032617;PL008;S002;0;0.667283562602826
B0036332;PL008;S002;0;0.721043047779935
B0045326;PL008;S002;0;0.673803547783282
B0007013;PL008;S002;0;0.660326097881011
B0029299;PL008;S002;0;0.63847813524745
B0064633;PL008;S002;0;0.637755063372353
B0062713;PL008;S002;0;0.644473905327133
B0027745;PL008;S002;0;0.667897377872419
B0008368;PL008;S002;0;0.651350552658616
B0047130;PL008;S002;0;0.658196016265844
B0047343;PL008;S002;0;0.65984201030104
B0060767;PL008;S002;0;0.701246421227177
B0034762;PL008;S002;0;0.661190424272449
B0061673;PL008;S002;0;0.686434495643077
B0052722;PL008;S002;0;0.676549301657328
B0006862;PL008;S002;0;0.632891828483682
B0006347;PL008;S002;0;0.653380000386179
B0040499;PL008;S002;0;0.651126035775339
B0050819;PL008;S002;0;0.695489995212136
B0016858;PL008;S002;0;0.672779048503637
B0034643;PL008;S002;0;0.638259619206572
B0023658;PL008;S002;0;0.634301582969563
B0022518;PL008;S002;0;0.642407869468796
B0064900;PL008;S002;0;0.65403750492338
B0043692;PL008;S002;0;0.672338254191933
B0065051;PL008;S002;0;0.666856049322797
B0051121;PL008;S002;0;0.665348576399294
B0023177;PL008;S002;0;0.655936952079009
B0063159;PL008;S002;0;0.66483514067828
B0033208;PL008;S002;0;0.648386016289069
B0024345;PL008;S002;0;0.672910304868367
B0064734;PL008;S002;0;0.631824909507188
B0072971;PL008;S002;0;0.646170320943261
B0073110;PL008;S002;0;0.73862812009638
B0047167;PL008;S002;0;0.678973452233034
B0059904;PL008;S002;0;0.662585902640702
B0034175;PL008;S002;0;0.630335426678938
B0048989;PL008;S002;0;0.686879130428627
B0067247;PL008;S002;0;0.717579429944203
B0068937;PL008;S002;0;0.645020541707052
B0073028;PL008;S002;0;0.646160238119197
B0014047;PL008;S002;0;0.648136895969169
B0034930;PL008;S002;0;0.678973452233034
B0067261;PL008;S002;0;0.660458512741099
B0032874;PL008;S002;0;0.644822221145683
B0007765;PL008;S002;0;0.663634089444207
B0048708;PL008;S002;0;0.662889029245045
B0045465;PL008;S002;0;0.676133969855299
B0067251;PL008;S002;0;0.677020801820146
B0033037;PL008;S002;0;0.677659515610837
B0038226;PL008;S002;0;0.714543074825013
B0025053;PL008;S002;0;0.777731454575765
B0073839;PL008;S002;0;0.701143781040762
B0039051;PL008;S002;0;0.653670333463142
B0010712;PL008;S002;0;0.680923563815235
B0028045;PL008;S002;0;0.679866656687317
B0009727;PL008;S002;0;0.69802637304631
B0004887;PL008;S002;0;0.705728642992825
B0006301;PL008;S002;0;0.703407916847368
B0047839;PL008;S002;0;0.675396305354129
B0014909;PL008;S002;0;0.671779525675475
B0039078;PL008;S002;0;0.701383127136941
B0044720;PL008;S002;0;0.686017970333758
B0051296;PL008;S002;0;0.693745764895828
B0018619;PL008;S002;0;0.66981439378824
B0054334;PL008;S002;0;0.68037997922649
B0040762;PL008;S002;0;0.671549718576995
B0072048;PL008;S002;0;0.705962600169061
B0025606;PL008;S002;0;0.667873767663982
B0051533;PL008;S002;0;0.668369226683664
B0029259;PL008;S002;0;0.680603542222217
B0028106;PL008;S002;0;0.676888135110042
B0009848;PL008;S002;0;0.704303066098604
B0040002;PL008;S002;0;0.669831836750475
B0003657;PL008;S002;0;0.707139141627173
B0017182;PL008;S002;0;0.676599782599963
B0017577;PL008;S002;0;0.684858488988789
B0019055;PL008;S002;0;0.650111711603751
B0046604;PL008;S002;0;0.667991055641523
B0005524;PL008;S002;0;0.657655672323677
B0010013;PL008;S002;0;0.697433593614929
B0054776;PL008;S002;0;0.684656646072661
B0067165;PL008;S002;0;0.676797591100943
B0064414;PL008;S002;0;0.675915882051958
B0053859;PL008;S002;0;0.649699122417062
B0057515;PL008;S002;0;0.692025174909451
B0030311;PL008;S002;0;0.726845809274008
B0048391;PL008;S002;0;0.6639142655869
B0003845;PL008;S002;0;0.671553698772698
B0023657;PL008;S002;0;0.674609786046438
B0019657;PL008;S002;0;0.689995402486302
B0028487;PL008;S001;0;0.802034803184604
B0029862;PL008;S001;0;0.692337257085214
B0003542;PL008;S001;0;0.727901139101493
B0008001;PL008;S001;0;0.718756386956212
B0032279;PL008;S001;0;0.715912201484401
B0036090;PL008;S001;0;0.665802654797019
B0011655;PL008;S001;0;0.764670896303852
B0048986;PL008;S001;0;0.705132672792196
B0074806;PL008;S001;0;0.667524754302341
B0052848;PL008;S001;0;0.629765708878143
B0052962;PL008;S001;0;0.651103583178424
B0003506;PL008;S001;0;0.472093825271971
B0001345;PL008;S001;0;0.636321877177725
B0063425;PL008;S001;0;0.664206645618341
B0067880;PL008;S001;0;0.678080594660242
B0038907;PL008;S001;0;0.665444509097455
B0050185;PL008;S001;0;0.636908545898975
B0007820;PL008;S001;0;0.646567650617717
B0041369;PL008;S001;0;0.520652938760989
B0074184;PL008;S001;0;0.6497517792405
B0060363;PL008;S001;0;0.659907013257264
B0027994;PL008;S001;0;0.678263853862508
B0065304;PL008;S001;0;0.666745253493389
B0045902;PL008;S001;0;0.675478648786893
B0023131;PL008;S001;0;0.668221961799874
B0042785;PL008;S001;0;0.63774935542907
B0006189;PL008;S001;0;0.6567814271537
B0052774;PL008;S001;0;0.665553762884633
B0020526;PL008;S001;0;0.64234831785138
B0072788;PL008;S001;0;0.658095693624422
B0034914;PL008;S001;0;0.661927934774229
B0066748;PL008;S001;0;0.67365770698093
B0016055;PL008;S001;0;0.652582173693403
B0068994;PL008;S001;0;0.685008904150469
B0027658;PL008;S001;0;0.672916333212331
B0029001;PL008;S001;0;0.630031668130785
B0001646;PL008;S001;0;0.672758370087968
B0024126;PL008;S001;0;0.676210483720693
B0065591;PL008;S001;0;0.67872405233053
B0055853;PL008;S001;0;0.687256236590588
B0000859;PL008;S001;0;0.646288803418374
B0016140;PL008;S001;0;0.658741796673432
B0031471;PL008;S001;0;0.651798523193026
B0067666;PL008;S001;0;0.662699147435179
B0011907;PL008;S001;0;0.654371582006781
B0015949;PL008;S001;0;0.597095848243149
B0070511;PL008;S001;0;0.698413393168639
B0000438;PL008;S001;0;0.638326046894918
B0048648;PL008;S001;0;0.706858313636113
B0034120;PL008;S001;0;0.682391172147806
B0033059;PL008;S001;0;0.655150194785199
B0042868;PL008;S001;0;0.649363389631618
B0027606;PL008;S001;0;0.711379488233685
B0007313;PL008;S001;0;0.684336682576163
B0011656;PL008;S001;0;0.655340358371675
B0024482;PL008;S001;0;0.673625489621551
B0016936;PL008;S001;0;0.650377537067418
B0067519;PL008;S001;0;0.654057531606671
B0071949;PL008;S001;0;0.634964968574956
B0059402;PL008;S001;0;0.640642360395463
B0010370;PL008;S001;0;0.651402793295129
B0060993;PL008;S001;0;0.648789432567867
B0052239;PL008;S001;0;0.651402793295129
B0034101;PL008;S001;0;0.6695948223935
B0061133;PL008;S001;0;0.666258441204923
B0004245;PL008;S001;0;0.672567152201583
B0068048;PL008;S001;0;0.659371838118795
B0004622;PL008;S001;0;0.667545018430162
B0027580;PL008;S001;0;0.655429645812976
B0074128;PL008;S001;0;0.650920864932812
B0066551;PL008;S001;0;0.664889320680474
B0031479;PL008;S001;0;0.668119632417027
B0022196;PL008;S001;0;0.630495437457838
B0009620;PL008;S001;0;0.670982882185436
B0064997;PL008;S001;0;0.716026748291145
B0032324;PL008;S001;0;0.666003604579889
B0011316;PL008;S001;0;0.661060735230633
B0073459;PL008;S001;0;0.652210647549343
B0062182;PL008;S001;0;0.630761463621815
B0022009;PL008;S001;0;0.674978984077194
B0052695;PL008;S001;0;0.638195913084999
B0000481;PL008;S001;0;0.661329883442225
B0004287;PL008;S001;0;0.679123660879904
B0025236;PL008;S001;0;0.66022654048224
B0072819;PL008;S001;0;0.670755817047664
B0005000;PL008;S001;0;0.642585923802782
B0017254;PL008;S001;0;0.676776811316016
B0050815;PL008;S001;0;0.719783590476528
B0063742;PL008;S001;0;0.743445911531321
B0055763;PL008;S001;0;0.68224923104912
B0029111;PL008;S001;0;0.675779902269386
B0006921;PL008;S001;0;0.682449050645295
B0026420;PL008;S001;0;0.676718853675719
B0071386;PL008;S001;0;0.638402199421869
B0038745;PL008;S001;0;0.634965626367912
B0052184;PL008;S001;0;0.647183988353383
B0009285;PL008;S001;0;0.663878127710084
B0048268;PL008;S001;0;0.611951598223069
B0012599;PL008;S001;0;0.683960463183014
B0008186;PL008;S001;0;0.657364178921872
B0000149;PL008;S001;0;0.676931390458
B0025089;PL008;S001;0;0.67410535777932
B0036974;PL008;S001;0;0.664158400595403
B0018918;PL008;S001;0;0.670127436354867
B0044054;PL008;S001;0;0.654081616883367
B0057791;PL008;S001;0;0.663032493632192
B0039953;PL008;S001;0;0.645670985996394
B0054109;PL008;S001;0;0.650364809386416
B0012260;PL008;S001;0;0.67237818976206
B0011781;PL008;S001;0;0.588276190376495
B0043915;PL008;S001;0;0.672204646542389
B0004018;PL008;S001;0;0.678803017715216
B0030394;PL008;S001;0;0.661903656534976
B0027891;PL008;S001;0;0.652544039088862
B0056936;PL008;S001;0;0.621588401265457
B0032323;PL008;S001;0;0.660291145582278
B0048748;PL008;S001;0;0.657432567736719
B0059886;PL008;S001;0;0.64919142218645
B0007048;PL008;S001;0;0.731013355369662
B0069237;PL008;S001;0;0.679157464702933
B0072330;PL008;S001;0;0.673846316754319
B0071794;PL008;S001;0;0.657865599326857
B0026710;PL008;S001;0;0.715950555272457
B0044535;PL008;S001;0;0.680034059997196
B0058940;PL008;S001;0;0.652592434782553
B0004219;PL008;S001;0;0.665393897985181
B0049075;PL008;S001;0;0.658615932482705
B0032137;PL008;S001;0;0.652592434782553
B0019128;PL008;S001;0;0.718632165334122
B0032811;PL008;S001;0;0.673536573010996
B0024030;PL008;S001;0;0.692276035814049
B0015598;PL008;S001;0;0.678631405848071
B0061164;PL008;S001;0;0.611527190151335
B0006796;PL008;S001;0;0.746519398848896
B0033486;PL008;S001;0;0.725975446366664
B0036865;PL008;S001;0;0.691137671005611
B0019483;PL008;S001;0;0.734119652149265
B0062010;PL008;S001;0;0.651711117443094
B0019967;PL008;S001;0;0.669063867999964
B0027362;PL008;S001;0;0.711042240110171
B0061840;PL008;S001;0;0.667533308017987
B0033270;PL008;S001;0;0.676085504833754
B0040829;PL008;S001;0;0.62315519842346
B0064926;PL008;S001;0;0.656138730908703
B0001478;PL008;S001;0;0.660209217622947
B0035199;PL008;S001;0;0.645448153335967
B0067005;PL008;S001;0;0.668218881890962
B0001538;PL008;S001;0;0.622403414921336
B0068456;PL008;S001;0;0.665745109811048
B0052469;PL008;S001;0;0.665652453514517
B0069126;PL008;S001;0;0.676560925877139
B0069830;PL008;S001;0;0.644468072990378
B0033946;PL008;S001;0;0.656870145067553
B0050930;PL008;S001;0;0.671619017734544
B0057940;PL008;S001;0;0.671619017734544
B0031974;PL008;S001;0;0.674932848483355
B0068327;PL008;S001;0;0.656870145067553
B0055934;PL008;S001;0;0.681550554456165
B0022236;PL008;S001;0;0.645189557812294
B0050253;PL008;S001;0;0.663964983985565
B0002469;PL008;S001;0;0.66512808223499
B0033560;PL008;S001;0;0.668431390283665
B0056697;PL008;S001;0;0.654184277626917
B0006461;PL008;S001;0;0.671345507487118
B0045426;PL008;S001;0;0.67090983603866
B0061287;PL008;S001;0;0.65764097459119
B0040350;PL008;S001;0;0.646672136572231
B0055896;PL008;S001;0;0.660857525732361
B0034916;PL008;S001;0;0.655573565163043
B0024310;PL008;S001;0;0.638215179056165
B0063177;PL008;S001;0;0.641379756518802
B0024307;PL008;S001;0;0.686452653666768
B0002877;PL008;S001;0;0.666440427011359
B0055883;PL008;S001;0;0.684460238162424
B0000466;PL008;S001;0;0.665006399932367
B0000834;PL008;S001;0;0.691414218907274
B0005621;PL008;S001;0;0.678632589131307
B0016430;PL008;S001;0;0.683802392064876
B0045352;PL008;S001;0;0.649522416426797
B0031755;PL008;S001;0;0.654062429278232
B0041961;PL008;S001;0;0.654062429278232
B0011680;PL008;S001;0;0.668000512994755
B0072795;PL008;S001;0;0.663994290132614
B0043052;PL008;S001;0;0.64871523802178
B0060401;PL008;S001;0;0.642943949928942
B0002851;PL008;S001;0;0.66777564079271
B0053053;PL008;S001;0;0.665184881792326
B0051106;PL008;S001;0;0.730277008021357
B0051315;PL008;S001;0;0.730277008021357
B0007721;PL008;S001;0;0.635625749014297
B0031260;PL008;S001;0;0.600718959343141
B0053123;PL008;S001;0;0.660980393923747
B0047455;PL008;S001;0;0.651860091202921
B0002582;PL008;S001;0;0.66765763726596
B0030609;PL008;S001;0;0.660614464200323
B0032280;PL008;S001;0;0.651224471852456
B0015034;PL008;S001;0;0.635667647976672
B0021300;PL008;S001;0;0.66395231661523
B0018876;PL008;S001;0;0.603004594781284
B0041460;PL008;S001;0;0.607955400413161
B0043376;PL008;S001;0;0.666625783106983
B0011878;PL008;S001;0;0.690887076834142
B0010537;PL008;S001;0;0.658771272267522
B0073975;PL008;S001;0;0.656952310175531
B0031297;PL008;S001;0;0.662623176153692
B0017719;PL008;S001;0;0.662623176153692
B0059873;PL008;S001;0;0.672571212940265
B0056764;PL008;S001;0;0.654167071006786
B0007760;PL008;S001;0;0.654167071006786
B0065055;PL008;S001;0;0.642962023019931
B0006795;PL008;S001;0;0.643139751987054
B0050800;PL008;S001;0;0.687428858171311
B0067627;PL008;S001;0;0.642850173507337
B0006896;PL008;S001;0;0.657536828721706
B0010387;PL008;S001;0;0.651823509250764
B0046364;PL008;S001;0;0.67271422513192
B0004481;PL008;S001;0;0.687246882519003
B0047540;PL008;S001;0;0.676770357250466
B0054346;PL008;S001;0;0.667221255419341
B0065741;PL008;S001;0;0.666331305290778
B0029763;PL008;S001;0;0.666871238249898
B0066059;PL008;S001;0;0.666601152728415
B0041906;PL008;S001;0;0.666601152728415
B0068525;PL008;S001;0;0.674075805205616
B0067990;PL008;S001;0;0.620093395658023
B0055236;PL008;S001;0;0.659048618342078
B0068888;PL008;S001;0;0.66081188699471
B0064495;PL008;S001;0;0.658175653040241
B0000176;PL008;S001;0;0.643573125745527
B0020179;PL008;S001;0;0.736358755814435
B0032362;PL008;S001;0;0.626951474532333
B0002488;PL008;S001;0;0.676770357250466
B0029508;PL008;S001;0;0.621497273270871
B0043081;PL008;S001;0;0.595244131123238
B0013180;PL008;S001;0;0.621497273270871
B0005508;PL008;S001;0;0.654671234999115
B0063144;PL008;S001;0;0.668601889250414
B0012316;PL008;S001;0;0.680636398238879
B0070648;PL008;S001;0;0.675977647909843
B0064812;PL008;S001;0;0.670852230773486
B0027577;PL008;S001;0;0.722325887451696
B0059540;PL008;S001;0;0.675790071885407
B0011079;PL008;S001;0;0.665137148149033
B0051134;PL008;S001;0;0.716685005086627
B0026457;PL008;S001;0;0.684107446434327
B0049760;PL008;S001;0;0.679265922818404
B0008952;PL008;S001;0;0.677841046969991
B0019181;PL008;S001;0;0.671591410952916
B0011861;PL008;S001;0;0.647548287805248
B0027750;PL008;S001;0;0.674932848483355
B0041008;PL008;S001;0;0.674707477993807
B0014629;PL008;S001;0;0.684772585524954
B0043694;PL008;S001;0;0.666788310419132
B0000688;PL008;S001;0;0.677870857335769
B0009876;PL008;S001;0;0.652770992344014
B0073911;PL008;S001;0;0.659665217353168
B0009326;PL008;S001;0;0.666005743195235
B0009836;PL008;S001;0;0.656629511243741
B0015521;PL008;S001;0;0.654873071116992
B0015747;PL008;S001;0;0.655884949447656
B0006646;PL008;S001;0;0.727524443575998
B0001844;PL008;S001;0;0.608348869175578
B0025369;PL008;S001;0;0.668962145246209
B0073917;PL008;S001;0;0.612027452965276
B0012746;PL008;S001;0;0.685238147948394
B0022904;PL008;S001;0;0.756321408141279
B0036395;PL008;S001;0;0.677957777228175
B0003482;PL008;S001;0;0.605077743520376
B0049731;PL008;S001;0;0.621712246145724
B0035205;PL008;S001;0;0.613029328720069
B0039466;PL008;S001;0;0.656340394058074
B0022313;PL008;S001;0;0.677986586253352
B0027208;PL008;S001;0;0.662776436495419
B0010431;PL008;S001;0;0.676043487706326
B0006520;PL008;S001;0;0.66676118554827
B0031735;PL008;S001;0;0.672463913918972
B0030601;PL008;S001;0;0.671901834521682
B0074173;PL008;S001;0;0.666776957401607
B0050498;PL008;S001;0;0.674075805205616
B0018893;PL008;S001;0;0.667316529268252
B0071732;PL008;S001;0;0.663555117824701
B0015052;PL008;S001;0;0.672507501239986
B0012920;PL008;S001;0;0.732318231892588
B0068599;PL008;S001;0;0.663048693254159
B0072667;PL008;S001;0;0.656940816118522
B0063925;PL008;S001;0;0.656940816118522
B0055541;PL008;S001;0;0.673157398870203
B0002721;PL006;S012;0;0.521519684910164
B0010336;PL006;S012;0;0.648512912903766
B0013058;PL006;S012;0;0.657678278215504
B0053758;PL006;S012;0;0.607392960717
B0003071;PL006;S012;0;0.701883001874041
B0040943;PL006;S012;0;0.634766497721951
B0036240;PL006;S012;0;0.703157413634041
B0040948;PL006;S012;0;0.659038887656294
B0046231;PL006;S012;0;0.691076481889532
B0021124;PL006;S012;0;0.659789076326818
B0064537;PL006;S012;0;0.658998666895848
B0035278;PL006;S012;0;0.634793689503757
B0051128;PL006;S012;0;0.679387553505952
B0068716;PL006;S012;0;0.698811814792596
B0031813;PL006;S012;0;0.655849566514845
B0055486;PL006;S012;0;0.673760870123157
B0028467;PL006;S012;0;0.698019203338403
B0065066;PL006;S012;0;0.66170894977567
B0049748;PL006;S012;0;0.688054235717401
B0026088;PL006;S012;0;0.687049200780141
B0059587;PL006;S012;0;0.64896716637573
B0057813;PL006;S012;0;0.639629247142834
B0050362;PL006;S012;0;0.672532184037885
B0029191;PL006;S012;0;0.610563489800491
B0007825;PL006;S012;0;0.651934432788822
B0046437;PL006;S012;0;0.690450927076323
B0033230;PL006;S012;0;0.688971558911114
B0029529;PL006;S012;0;0.711922020631897
B0050006;PL006;S012;0;0.643178439326183
B0055171;PL006;S012;0;0.634658234188869
B0064884;PL006;S012;0;0.695042247063737
B0035344;PL006;S012;0;0.584785410258921
B0053323;PL006;S012;0;0.681344673710284
B0072745;PL006;S012;0;0.674918985479669
B0016557;PL006;S012;0;0.710366186878052
B0000789;PL006;S012;0;0.673149659975162
B0039525;PL006;S012;0;0.697568616781226
B0037195;PL006;S012;0;0.692390085986311
B0054422;PL006;S012;0;0.641506311687832
B0061005;PL006;S012;0;0.67149529379361
B0067939;PL006;S012;0;0.68789781787496
B0016783;PL006;S012;0;0.74572544035101
B0019874;PL006;S012;0;0.701866479127596
B0067801;PL006;S012;0;0.655183855153198
B0058818;PL006;S012;0;0.67352765511972
B0072363;PL006;S012;0;0.735631724435813
B0042932;PL006;S012;0;0.657613560912714
B0068028;PL006;S012;0;0.697637050360234
B0060188;PL006;S012;0;0.639732551020213
B0038299;PL006;S012;0;0.673166614830301
B0002666;PL006;S012;0;0.689509954590828
B0013325;PL006;S012;0;0.705065109384374
B0050049;PL006;S012;0;0.64997050925718
B0072135;PL006;S012;0;0.630874963399936
B0011734;PL006;S012;0;0.654951520107503
B0068406;PL006;S012;0;0.604731488603534
B0050096;PL006;S012;0;0.730864026724651
B0066021;PL006;S012;0;0.628658445920692
B0013488;PL006;S012;0;0.65340045718629
B0066928;PL006;S012;0;0.64835433689307
B0067481;PL006;S012;0;0.648964337815872
B0021366;PL006;S012;0;0.686926199680338
B0073632;PL006;S012;0;0.682674876950812
B0069581;PL006;S012;0;0.68764142083751
B0055751;PL006;S012;0;0.678449553036756
B0049520;PL006;S012;0;0.632677915991342
B0007062;PL006;S012;0;0.62666798907502
B0042417;PL006;S012;0;0.670485491944609
B0037995;PL006;S012;0;0.615039899636228
B0023388;PL006;S012;0;0.69602368404486
B0049094;PL006;S012;0;0.652241671961167
B0073412;PL006;S012;0;0.612153066267278
B0016237;PL006;S012;0;0.681007934506779
B0043823;PL006;S012;0;0.68406772692576
B0054980;PL006;S012;0;0.687466262995075
B0051619;PL006;S012;0;0.691888939867303
B0068120;PL006;S012;0;0.685783982552423
B0063779;PL006;S012;0;0.671908979338848
B0023744;PL006;S012;0;0.681693443414751
B0066983;PL006;S011;0;0.681042170234134
B0012184;PL006;S011;0;0.667063890417495
B0011687;PL006;S011;0;0.643855110234426
B0067366;PL006;S011;0;0.700685426729807
B0072206;PL006;S011;0;0.66244898704812
B0019012;PL006;S011;0;0.66446930177117
B0053442;PL006;S011;0;0.652465375213892
B0013467;PL006;S011;0;0.672416606388356
B0054016;PL006;S011;0;0.664905088640641
B0023387;PL006;S011;0;0.664357670317647
B0015674;PL006;S011;0;0.64537074429559
B0003767;PL006;S011;0;0.650244696290663
B0047630;PL006;S011;0;0.646966798038314
B0035612;PL006;S011;0;0.683520961809913
B0062454;PL006;S011;0;0.665098068176439
B0056607;PL006;S011;0;0.654373764871643
B0034694;PL006;S011;0;0.678397262911575
B0054270;PL006;S011;0;0.68262737762197
B0004317;PL006;S011;0;0.7158766618536
B0070793;PL006;S011;0;0.655492309405063
B0045863;PL006;S011;0;0.665541915593427
B0015876;PL006;S011;0;0.667175559798435
B0034388;PL006;S011;0;0.665612881125374
B0031653;PL006;S011;0;0.656022163624312
B0062656;PL006;S011;0;0.630153707214371
B0018311;PL006;S011;0;0.682369061476357
B0067095;PL006;S011;0;0.634546557125931
B0041239;PL006;S011;0;0.667810900309721
B0037485;PL006;S011;0;0.647417855944366
B0069892;PL006;S011;0;0.634575449258259
B0027323;PL006;S011;0;0.677142918129679
B0006326;PL006;S011;0;0.68418428991447
B0009722;PL006;S011;0;0.659547104650474
B0056631;PL006;S011;0;0.659619373223315
B0067731;PL006;S011;0;0.628153112782824
B0043939;PL006;S011;0;0.630261085887158
B0006214;PL006;S011;0;0.65692204203057
B0021488;PL006;S011;0;0.630887588222277
B0004549;PL006;S011;0;0.646650971619479
B0048029;PL006;S011;0;0.623423832285846
B0074502;PL006;S011;0;0.721067756719865
B0021018;PL006;S011;0;0.679349187283534
B0055849;PL006;S011;0;0.662283523415193
B0000707;PL006;S011;0;0.689984416760316
B0006764;PL006;S011;0;0.657219575846364
B0066819;PL006;S011;0;0.65650986480886
B0003756;PL006;S011;0;0.620902534403525
B0011183;PL006;S011;0;0.620902534403525
B0048902;PL006;S011;0;0.613532960558002
B0033342;PL006;S011;0;0.685562011042612
B0033679;PL006;S011;0;0.682652849610438
B0006212;PL006;S011;0;0.690363338424304
B0028955;PL006;S011;0;0.676574943278971
B0043247;PL006;S011;0;0.689923749881374
B0058696;PL006;S011;0;0.639633118361762
B0065223;PL006;S011;0;0.667918125752481
B0036552;PL006;S011;0;0.647785107677681
B0068517;PL006;S011;0;0.660287234294926
B0013523;PL006;S011;0;0.658855515140091
B0044665;PL006;S011;0;0.638535123143619
B0017985;PL006;S011;0;0.679389752384038
B0001747;PL006;S011;0;0.651348504029561
B0016658;PL006;S011;0;0.649562470108178
B0003557;PL006;S011;0;0.643178892797072
B0058043;PL006;S011;0;0.639486422689177
B0015156;PL006;S011;0;0.670136864560884
B0023420;PL006;S011;0;0.64346812067667
B0008763;PL006;S011;0;0.651962365323278
B0055672;PL006;S011;0;0.653581855403748
B0065340;PL006;S011;0;0.648281970373441
B0046177;PL006;S011;0;0.657020373860211
B0006135;PL006;S011;0;0.660747034608734
B0044607;PL006;S011;0;0.667400635227026
B0071181;PL006;S011;0;0.669259500065607
B0046889;PL006;S011;0;0.710486349149142
B0048466;PL006;S011;0;0.712086578439596
B0067283;PL006;S011;0;0.664762048082241
B0058277;PL006;S011;0;0.602612777377541
B0015447;PL006;S011;0;0.61840764934378
B0024657;PL006;S011;0;0.660935999674261
B0031850;PL006;S011;0;0.651734554423519
B0046841;PL006;S011;0;0.624752993548043
B0068697;PL006;S011;0;0.665932057728612
B0022719;PL006;S011;0;0.605367889231903
B0038656;PL006;S011;0;0.664381695154759
B0051379;PL006;S011;0;0.623349239247217
B0024858;PL006;S011;0;0.643996527967994
B0000018;PL006;S011;0;0.620161754102524
B0070778;PL006;S011;0;0.674492679241971
B0027791;PL006;S011;0;0.714169096892337
B0052500;PL006;S011;0;0.699865416063712
B0062443;PL006;S011;0;0.63475993493552
B0009063;PL006;S011;0;0.657967139862362
B0034435;PL006;S011;0;0.643279753404754
B0069725;PL006;S011;0;0.684708135603485
B0057511;PL006;S011;0;0.634080547789392
B0045202;PL006;S011;0;0.705146914098659
B0060713;PL006;S011;0;0.646284396982996
B0052846;PL006;S011;0;0.615040929004695
B0024814;PL006;S011;0;0.65029293268194
B0067611;PL006;S011;0;0.678099311220491
B0023264;PL006;S011;0;0.63373251143268
B0031718;PL006;S011;0;0.639605756963549
B0000710;PL006;S011;0;0.674682419481218
B0061528;PL006;S011;0;0.655074211684539
B0005549;PL006;S011;0;0.649745627745685
B0071213;PL006;S011;0;0.650397951262585
B0066537;PL006;S011;0;0.650976531427888
B0023234;PL006;S011;0;0.661094902736664
B0073596;PL006;S011;0;0.685213450311934
B0062577;PL006;S011;0;0.640811243227823
B0046898;PL006;S011;0;0.637755866533686
B0065817;PL006;S011;0;0.636207051150501
B0017388;PL006;S011;0;0.617742068005505
B0039910;PL006;S010;0;0.615741027164487
B0050208;PL006;S010;0;0.701933715186001
B0058571;PL006;S010;0;0.670444641747562
B0044474;PL006;S010;0;0.677453014140692
B0067846;PL006;S010;0;0.686132134041809
B0055545;PL006;S010;0;0.676927352980535
B0012627;PL006;S010;0;0.697499412849522
B0038331;PL006;S010;0;0.688962952642275
B0025139;PL006;S010;0;0.693182856380242
B0031644;PL006;S010;0;0.647421776392246
B0027273;PL006;S010;0;0.64904565477832
B0042387;PL006;S010;0;0.669050137883683
B0035061;PL006;S010;0;0.665941891219932
B0043562;PL006;S010;0;0.670399104891728
B0054076;PL006;S010;0;0.71595574775062
B0025857;PL006;S010;0;0.638963421712223
B0025341;PL006;S010;0;0.713644242076872
B0028266;PL006;S010;0;0.675436309833534
B0009378;PL006;S010;0;0.665671717129672
B0019216;PL006;S010;0;0.687557672742355
B0056457;PL006;S010;0;0.645992382740806
B0030746;PL006;S010;0;0.674828835776942
B0057434;PL006;S010;0;0.689614341902555
B0034110;PL006;S010;0;0.678191537603426
B0053767;PL006;S010;0;0.663285708074494
B0071928;PL006;S010;0;0.666973104977929
B0019520;PL006;S010;0;0.672558689516586
B0068256;PL006;S010;0;0.646715388717011
B0037516;PL006;S010;0;0.702121446830482
B0005453;PL006;S010;0;0.669377830921423
B0071111;PL006;S010;0;0.661111262215618
B0040578;PL006;S010;0;0.672350621585415
B0021802;PL006;S010;0;0.692654260846609
B0070760;PL006;S010;0;0.707967092896135
B0038975;PL006;S010;0;0.657123545627633
B0074558;PL006;S010;0;0.711080941427902
B0051039;PL006;S010;0;0.65630948524161
B0040737;PL006;S010;0;0.700232719602723
B0024188;PL006;S010;0;0.654204290670946
B0072668;PL006;S010;0;0.720682219239854
B0056907;PL006;S010;0;0.695316275046743
B0019464;PL006;S010;0;0.696383699002677
B0022608;PL006;S010;0;0.674996086842046
B0044761;PL006;S010;0;0.630170274371043
B0008811;PL006;S010;0;0.747664211619086
B0047844;PL006;S010;0;0.683788535024237
B0021724;PL006;S010;0;0.702559864554773
B0017060;PL006;S010;0;0.670482624796901
B0045680;PL006;S010;0;0.68761433997187
B0013919;PL006;S010;0;0.683687828446421
B0004135;PL006;S010;0;0.699792656418435
B0067171;PL006;S010;0;0.693255191402958
B0029807;PL006;S010;0;0.679181047450361
B0065537;PL006;S010;0;0.63870173852251
B0045710;PL006;S010;0;0.660006652581691
B0038775;PL006;S010;0;0.68592569025422
B0055227;PL006;S010;0;0.713640201031128
B0043178;PL006;S010;0;0.658554962305635
B0074437;PL006;S010;0;0.682269044082916
B0072471;PL006;S010;0;0.657132873463989
B0050595;PL006;S010;0;0.712567188797689
B0030960;PL006;S010;0;0.648830001052133
B0048039;PL006;S010;0;0.625848187894143
B0004032;PL006;S010;0;0.712605702273266
B0018442;PL006;S010;0;0.705099766595882
B0018571;PL006;S010;0;0.708686515626668
B0054566;PL006;S010;0;0.720376238922479
B0007733;PL006;S010;0;0.746810176179582
B0034117;PL006;S010;0;0.733650781936343
B0058981;PL006;S010;0;0.678902237280888
B0008708;PL006;S010;0;0.662910711341534
B0036621;PL006;S010;0;0.651935001592931
B0061738;PL006;S010;0;0.692665669997073
B0012714;PL006;S010;0;0.696069764223537
B0002171;PL006;S010;0;0.645265389953718
B0041785;PL006;S010;0;0.668288482240166
B0057866;PL006;S010;0;0.676101324575259
B0067577;PL006;S010;0;0.665807815940358
B0011736;PL006;S010;0;0.661338306848979
B0060333;PL006;S010;0;0.678571074818017
B0047011;PL006;S010;0;0.731014401917551
B0029280;PL006;S010;0;0.661002218535918
B0030628;PL006;S010;0;0.70172553395215
B0048954;PL006;S010;0;0.678719726935682
B0068707;PL006;S010;0;0.700400969595965
B0042648;PL006;S010;0;0.677574517108759
B0050918;PL006;S010;0;0.706276213427343
B0041518;PL006;S010;0;0.606000978686492
B0069155;PL006;S010;0;0.717773385331963
B0052610;PL006;S010;0;0.631744191199618
B0056732;PL006;S010;0;0.670725273298929
B0044758;PL006;S010;0;0.664814733100652
B0043481;PL006;S010;0;0.636875874461907
B0057591;PL006;S010;0;0.636875874461907
B0063216;PL006;S010;0;0.61057920146971
B0031631;PL006;S010;0;0.674555380793858
B0031993;PL006;S010;0;0.64798665268695
B0037205;PL006;S010;0;0.682661883225149
B0044906;PL006;S010;0;0.654321790596916
B0027421;PL006;S010;0;0.671130940155216
B0036501;PL006;S010;0;0.646837317835371
B0064487;PL006;S010;0;0.689643069011172
B0066540;PL006;S010;0;0.691885557383853
B0009258;PL006;S010;0;0.693557621137858
B0028934;PL006;S010;0;0.671117078086828
B0060088;PL006;S010;0;0.659184046867204
B0028086;PL006;S010;0;0.605097491855438
B0072967;PL006;S010;0;0.711333008444393
B0015932;PL006;S010;0;0.628740072863421
B0014830;PL006;S010;0;0.667983698600457
B0061925;PL006;S010;0;0.693326135046346
B0016190;PL006;S010;0;0.708560534109385
B0063321;PL006;S010;0;0.694367069725245
B0057510;PL006;S010;0;0.675668561785058
B0038756;PL006;S010;0;0.694583095658452
B0028797;PL006;S010;0;0.670939310171459
B0017656;PL006;S010;0;0.715233642265902
B0029685;PL006;S010;0;0.596890280476751
B0037571;PL006;S010;0;0.637335968405126
B0060358;PL006;S010;0;0.651414472373173
B0056836;PL006;S010;0;0.695078207657112
B0033329;PL006;S010;0;0.65801824729433
B0050897;PL006;S010;0;0.676867747167269
B0036483;PL006;S010;0;0.695890463789915
B0017000;PL006;S010;0;0.671598737941473
B0068262;PL006;S010;0;0.675786183801965
B0056341;PL006;S010;0;0.717496775538681
B0049717;PL006;S010;0;0.664673081217555
B0059147;PL006;S010;0;0.658582830374218
B0053164;PL006;S010;0;0.677455736871562
B0066634;PL006;S010;0;0.684073318479588
B0039721;PL006;S010;0;0.660302894941338
B0043570;PL006;S010;0;0.606021582663021
B0046106;PL006;S010;0;0.690129235246813
B0030783;PL006;S010;0;0.653649682517018
B0018975;PL006;S010;0;0.690376597939095
B0032935;PL006;S010;0;0.634831839195525
B0069666;PL006;S010;0;0.630889212057594
B0047232;PL006;S009;0;0.68852469575532
B0038387;PL006;S009;0;0.514900604080758
B0002086;PL006;S009;0;0.620108404638635
B0042730;PL006;S009;0;0.521538932799493
B0051836;PL006;S009;0;0.637570695426531
B0067178;PL006;S009;0;0.675101639103694
B0054602;PL006;S009;0;0.618492058770299
B0054552;PL006;S009;0;0.585233468074553
B0044708;PL006;S009;0;0.638363566103178
B0034646;PL006;S009;0;0.604729298374711
B0000903;PL006;S009;0;0.633381870962489
B0033191;PL006;S009;0;0.515409411024102
B0063508;PL006;S009;0;0.628456529300518
B0030686;PL006;S009;0;0.627080837157825
B0018632;PL006;S009;0;0.652238001415337
B0066859;PL006;S009;0;0.61643563177379
B0004514;PL006;S009;0;0.613526421860154
B0045348;PL006;S009;0;0.636297848863377
B0006606;PL006;S009;0;0.650655707431734
B0016376;PL006;S009;0;0.617683666817118
B0003531;PL006;S009;0;0.579780540517593
B0069259;PL006;S009;0;0.614788228264457
B0037073;PL006;S009;0;0.599872254650348
B0058211;PL006;S009;0;0.658533619283422
B0056630;PL006;S009;0;0.665533683144846
B0020078;PL006;S009;0;0.660894451321987
B0053135;PL006;S009;0;0.623829127081764
B0021696;PL006;S009;0;0.653106230275239
B0063221;PL006;S009;0;0.603024104379522
B0002690;PL006;S009;0;0.654867946367819
B0012373;PL006;S009;0;0.614817883273682
B0049058;PL006;S009;0;0.618417051361775
B0005980;PL006;S009;0;0.644336483815757
B0028964;PL006;S009;0;0.612533762268544
B0006226;PL006;S009;0;0.692663915740128
B0074109;PL006;S009;0;0.649663439516694
B0002274;PL006;S009;0;0.547543468741706
B0024980;PL006;S009;0;0.64419171569181
B0016855;PL006;S009;0;0.664806664356394
B0011928;PL006;S009;0;0.616982755835136
B0037269;PL006;S009;0;0.643592741911823
B0053136;PL006;S009;0;0.677524529682139
B0003177;PL006;S009;0;0.561269937431277
B0055339;PL006;S009;0;0.629407290502335
B0049969;PL006;S009;0;0.604497636194489
B0052753;PL006;S009;0;0.647128421517915
B0047856;PL006;S009;0;0.617096352071005
B0040732;PL006;S009;0;0.661011917357975
B0035678;PL006;S009;0;0.621268394615389
B0010558;PL006;S009;0;0.621268394615389
B0052174;PL006;S009;0;0.624520852802988
B0064649;PL006;S009;0;0.696483666978411
B0024086;PL006;S009;0;0.654555228459853
B0014407;PL006;S009;0;0.656660975275041
B0006931;PL006;S009;0;0.684536764989343
B0032956;PL006;S009;0;0.642171009217779
B0003147;PL006;S009;0;0.600643860255324
B0069008;PL006;S009;0;0.641412525773562
B0046742;PL006;S009;0;0.643320754559023
B0068807;PL006;S009;0;0.625203977633992
B0041762;PL006;S009;0;0.614719813888039
B0070448;PL006;S009;0;0.619884636179205
B0018688;PL006;S009;0;0.660071574809503
B0003875;PL006;S009;0;0.640828417268588
B0021496;PL006;S009;0;0.634377489222895
B0022448;PL006;S009;0;0.625907653365066
B0019939;PL006;S009;0;0.66085197723884
B0022034;PL006;S009;0;0.588422084567915
B0007655;PL006;S009;0;0.670105009900776
B0066651;PL006;S009;0;0.549658745281573
B0015205;PL006;S009;0;0.629997784754249
B0025277;PL006;S009;0;0.630872926469018
B0015713;PL006;S009;0;0.655608250246845
B0015829;PL006;S009;0;0.673398305633524
B0027582;PL006;S009;0;0.681665102792467
B0014542;PL006;S009;0;0.636791197364908
B0069748;PL006;S009;0;0.658593977565995
B0046517;PL006;S009;0;0.685723411724939
B0000621;PL006;S009;0;0.634782979191191
B0061130;PL006;S009;0;0.658561529293403
B0049703;PL006;S009;0;0.643300203180542
B0042160;PL006;S009;0;0.654287395891398
B0046049;PL006;S009;0;0.616032709827911
B0033583;PL006;S009;0;0.632540503001723
B0043881;PL006;S009;0;0.655557300251055
B0056896;PL006;S009;0;0.657052426048888
B0037940;PL006;S009;0;0.636702403526342
B0019594;PL006;S009;0;0.672265850014272
B0048987;PL006;S009;0;0.619196298985136
B0058823;PL006;S009;0;0.671062714857839
B0057978;PL006;S009;0;0.640556941171112
B0067304;PL006;S009;0;0.660844531859456
B0013185;PL006;S009;0;0.684201256085444
B0070667;PL006;S009;0;0.655949841152026
B0062190;PL006;S009;0;0.568163106674567
B0022297;PL006;S009;0;0.638076451401237
B0002060;PL006;S009;0;0.644161657972404
B0057379;PL006;S009;0;0.678019048592987
B0025336;PL006;S009;0;0.681640131805427
B0027805;PL006;S009;0;0.666680327165161
B0061233;PL006;S009;0;0.728569205214761
B0019092;PL006;S009;0;0.649940567629919
B0065412;PL006;S009;0;0.684848122315853
B0014634;PL006;S009;0;0.669178220954147
B0008128;PL006;S009;0;0.620134745267448
B0005135;PL006;S009;0;0.61209311070829
B0073471;PL006;S009;0;0.671723792010298
B0015637;PL006;S009;0;0.669563059015194
B0032163;PL006;S009;0;0.714431774765313
B0070653;PL006;S009;0;0.658984502006507
B0033048;PL006;S009;0;0.665850838795949
B0006895;PL006;S009;0;0.618628858645258
B0053817;PL006;S009;0;0.669628708565886
B0051861;PL006;S009;0;0.674733504384643
B0025185;PL006;S009;0;0.678189169498936
B0035816;PL006;S009;0;0.646309614500153
B0014356;PL006;S009;0;0.612793011122601
B0034318;PL006;S009;0;0.678446813661689
B0061104;PL006;S009;0;0.6214726190037
B0054410;PL006;S009;0;0.662514773737656
B0020985;PL006;S009;0;0.69883796659129
B0001382;PL006;S009;0;0.624837948958119
B0058590;PL006;S009;0;0.621076603266909
B0035214;PL006;S009;0;0.613393955204082
B0051642;PL006;S009;0;0.631372740326365
B0067553;PL006;S009;0;0.62619813954986
B0052165;PL006;S009;0;0.688921139590225
B0064712;PL006;S009;0;0.677445205041609
B0029490;PL006;S009;0;0.66971881778617
B0015247;PL006;S009;0;0.567358088448828
B0031975;PL006;S009;0;0.481205806563799
B0020221;PL006;S009;0;0.6248026518004
B0040393;PL006;S009;0;0.619905930411418
B0029555;PL006;S009;0;0.663581161096033
B0014802;PL006;S009;0;0.633124280731385
B0049076;PL006;S009;0;0.638006948229223
B0074067;PL006;S009;0;0.622870086390096
B0043968;PL006;S009;0;0.653437817938226
B0058923;PL006;S009;0;0.625573721806883
B0046469;PL006;S009;0;0.649974902807559
B0005045;PL006;S009;0;0.60578889778063
B0061077;PL006;S009;0;0.656320627426406
B0054613;PL006;S009;0;0.707045057541044
B0053052;PL006;S009;0;0.661265579832332
B0043039;PL006;S009;0;0.638797109441096
B0070974;PL006;S009;0;0.591469789621558
B0003746;PL006;S009;0;0.640070340764523
B0037327;PL006;S009;0;0.629995572940713
B0045230;PL006;S009;0;0.609379994554154
B0072224;PL006;S009;0;0.507836659141316
B0028253;PL006;S009;0;0.537599575393383
B0018967;PL006;S009;0;0.692920291128255
B0053332;PL006;S009;0;0.626748690601746
B0069898;PL006;S009;0;0.590836481711878
B0052315;PL006;S009;0;0.653933734538146
B0037033;PL006;S009;0;0.6316903979844
B0022531;PL006;S009;0;0.664056452305805
B0062517;PL006;S009;0;0.661308075404886
B0065230;PL006;S009;0;0.598291748964277
B0008894;PL006;S009;0;0.685533364913752
B0020450;PL006;S009;0;0.655414839474671
B0029940;PL006;S009;0;0.644240414113311
B0005553;PL006;S009;0;0.618558586233388
B0063285;PL006;S009;0;0.665717804686509
B0006257;PL006;S009;0;0.602395245028521
B0064142;PL006;S009;0;0.644475836234718
B0018029;PL006;S009;0;0.636379898174608
B0055450;PL006;S009;0;0.662836219493801
B0016946;PL006;S009;0;0.658830871824682
B0022505;PL006;S009;0;0.61810830569251
B0000508;PL006;S009;0;0.633009830112599
B0047687;PL006;S009;0;0.694787489212952
B0006398;PL006;S009;0;0.631155384423945
B0016245;PL006;S009;0;0.647558748016139
B0017592;PL006;S009;0;0.627985677087308
B0002693;PL006;S009;0;0.616326967781064
B0039010;PL006;S009;0;0.661636319636366
B0065024;PL006;S009;0;0.628074565674929
B0026621;PL006;S009;0;0.648870944052469
B0017432;PL006;S009;0;0.643255219710209
B0045301;PL006;S009;0;0.635224504307421
B0014490;PL006;S009;0;0.63760536860954
B0033544;PL006;S009;0;0.667979775776014
B0068418;PL006;S009;0;0.583311890797265
B0052786;PL006;S009;0;0.290417289545037
B0052623;PL006;S009;0;0.306363063149197
B0060701;PL006;S009;0;0.680416971109509
B0045197;PL006;S009;0;0.656631887642108
B0029787;PL006;S009;0;0.566382351023977
B0049069;PL006;S009;0;0.634240421394409
B0028079;PL006;S009;0;0.629273556569898
B0041487;PL006;S009;0;0.601654268279862
B0010402;PL006;S007;0;0.667830373245142
B0017944;PL006;S007;0;0.518530779112338
B0026235;PL006;S007;0;0.61963782321474
B0054832;PL006;S007;0;0.715562256201345
B0041676;PL006;S007;0;0.701826390340946
B0002644;PL006;S007;0;0.669768025636564
B0003365;PL006;S007;0;0.588467554701106
B0021108;PL006;S007;0;0.68944514977139
B0010277;PL006;S007;0;0.701511021640444
B0037056;PL006;S007;0;0.688236553845039
B0063842;PL006;S007;0;0.691080300893017
B0022275;PL006;S007;0;0.629260869201967
B0058312;PL006;S007;0;0.67044396329173
B0019372;PL006;S007;0;0.655911544282552
B0067573;PL006;S007;0;0.749138095412336
B0055683;PL006;S007;0;0.600008201034072
B0072489;PL006;S007;0;0.613736396968659
B0000017;PL006;S007;0;0.687051880304026
B0014223;PL006;S007;0;0.631844529348823
B0011798;PL006;S007;0;0.661101049058289
B0059274;PL006;S007;0;0.657226378427497
B0028510;PL006;S007;0;0.617315844642297
B0046510;PL006;S007;0;0.598016541715539
B0024118;PL006;S007;0;0.652587929832173
B0042364;PL006;S007;0;0.677838763025933
B0038395;PL006;S007;0;0.689729953723201
B0026875;PL006;S007;0;0.656797076228113
B0073161;PL006;S007;0;0.655890628778168
B0002983;PL006;S007;0;0.644958739891534
B0045727;PL006;S007;0;0.704864775727726
B0045914;PL006;S007;0;0.579814459280239
B0071637;PL006;S007;0;0.650965614009189
B0029609;PL006;S007;0;0.714557931617304
B0064562;PL006;S007;0;0.691498494158383
B0008954;PL006;S007;0;0.687824415166323
B0049718;PL006;S007;0;0.667277639347964
B0028465;PL006;S007;0;0.66341911228239
B0063301;PL006;S007;0;0.670388507143443
B0010860;PL006;S007;0;0.674977445842531
B0017094;PL006;S007;0;0.733980654745245
B0005088;PL006;S007;0;0.718459322932209
B0069466;PL006;S007;0;0.754223041035063
B0033348;PL006;S007;0;0.675606110557293
B0066876;PL006;S007;0;0.644153706055148
B0040368;PL006;S007;0;0.654799325577865
B0019945;PL006;S007;0;0.570792828000202
B0048825;PL006;S007;0;0.632006650079041
B0026214;PL006;S007;0;0.663139371304967
B0055106;PL006;S007;0;0.718415283949925
B0011165;PL006;S007;0;0.665459973290255
B0074345;PL006;S007;0;0.653144527754746
B0013319;PL006;S007;0;0.686340349053388
B0014137;PL006;S007;0;0.698738239997085
B0072245;PL006;S007;0;0.675941459953918
B0034409;PL006;S007;0;0.702224590328397
B0073744;PL006;S007;0;0.681285430036584
B0054530;PL006;S007;0;0.676220832212029
B0068561;PL006;S007;0;0.635010916555084
B0062049;PL006;S007;0;0.604456929953474
B0006556;PL006;S007;0;0.653111676422921
B0029538;PL006;S007;0;0.689513554800031
B0018625;PL006;S007;0;0.660262926799469
B0042945;PL006;S007;0;0.631538783728447
B0008868;PL006;S007;0;0.628619072767283
B0058958;PL006;S007;0;0.648821281822833
B0074677;PL006;S007;0;0.634191415550561
B0020517;PL006;S007;0;0.678494347806429
B0014884;PL006;S007;0;0.66030565742906
B0069749;PL006;S007;0;0.641688343218054
B0061981;PL006;S007;0;0.64015813441878
B0044080;PL006;S007;0;0.655976583855941
B0070734;PL006;S007;0;0.70350301371377
B0074311;PL006;S007;0;0.696167163318915
B0050337;PL006;S007;0;0.664586520286042
B0027817;PL006;S007;0;0.654086737028925
B0022875;PL006;S007;0;0.726540038942144
B0036035;PL006;S007;0;0.647034197018724
B0011780;PL006;S007;0;0.712412016634678
B0074673;PL006;S007;0;0.712412016634678
B0010932;PL006;S007;0;0.644541752083322
B0006825;PL006;S007;0;0.672224289325236
B0015833;PL006;S007;0;0.653039484318509
B0009583;PL006;S007;0;0.615238034020956
B0045332;PL006;S007;0;0.667019953832651
B0070435;PL006;S007;0;0.709329242425459
B0013865;PL006;S007;0;0.697291732755787
B0068997;PL006;S007;0;0.687378915820549
B0041096;PL006;S007;0;0.707517970744403
B0051091;PL006;S007;0;0.727359185698693
B0063326;PL006;S007;0;0.714309090776348
B0027138;PL006;S007;0;0.701543174986062
B0025435;PL006;S007;0;0.69609091514721
B0001722;PL006;S007;0;0.337598353392363
B0070997;PL006;S007;0;0.670145516642298
B0040011;PL006;S007;0;0.661070244403377
B0056339;PL006;S007;0;0.634078279486301
B0008807;PL006;S007;0;0.652628628879929
B0014133;PL006;S007;0;0.685752303433082
B0013239;PL006;S007;0;0.587742941493593
B0070277;PL006;S007;0;0.586004782372793
B0022460;PL006;S007;0;0.648079980074412
B0010344;PL006;S007;0;0.646034258898
B0069276;PL006;S007;0;0.641538231952091
B0067630;PL006;S007;0;0.70887996863251
B0029834;PL006;S007;0;0.615945245126609
B0013321;PL006;S007;0;0.638671988624417
B0043161;PL006;S007;0;0.711345617309528
B0008793;PL006;S007;0;0.664006202574071
B0011372;PL006;S007;0;0.680125625395247
B0031305;PL006;S007;0;0.681664170435182
B0071962;PL006;S007;0;0.659912887794974
B0026950;PL006;S007;0;0.642414875286721
B0038298;PL006;S007;0;0.705971775134903
B0038614;PL006;S007;0;0.690666561962022
B0057063;PL006;S007;0;0.680205348250549
B0071770;PL006;S007;0;0.67424543339507
B0063135;PL006;S007;0;0.688202297399398
B0049672;PL006;S007;0;0.63336498177874
B0064416;PL006;S007;0;0.649767624429619
B0058683;PL006;S007;0;0.62759691948713
B0061896;PL006;S007;0;0.660378486187511
B0072027;PL006;S007;0;0.626982731288524
B0068179;PL006;S007;0;0.67786199768183
B0019138;PL006;S007;0;0.660582024326589
B0041578;PL006;S007;0;0.643118613667181
B0041847;PL006;S007;0;0.636442114707536
B0037531;PL006;S007;0;0.660441010291345
B0067878;PL006;S007;0;0.58794586396234
B0037266;PL006;S007;0;0.630576723433167
B0000671;PL006;S007;0;0.647266430130619
B0027175;PL006;S007;0;0.672766577078429
B0074039;PL006;S007;0;0.613911180305305
B0031928;PL006;S007;0;0.686494157613213
B0053120;PL006;S007;0;0.659437124707107
B0024483;PL006;S007;0;0.669466556065546
B0042810;PL006;S007;0;0.699181375493215
B0042721;PL006;S007;0;0.68066494408662
B0058391;PL006;S007;0;0.6917618126886
B0047979;PL006;S007;0;0.683039643081195
B0052456;PL006;S007;0;0.60408744986161
B0012418;PL006;S007;0;0.733873130013654
B0072149;PL006;S007;0;0.628452512785142
B0071663;PL006;S007;0;0.651288910483671
B0012307;PL006;S007;0;0.665858530536646
B0072475;PL006;S007;0;0.643888891750721
B0040453;PL006;S007;0;0.624363292000741
B0021830;PL006;S007;0;0.696760347271076
B0023956;PL006;S007;0;0.635050701988228
B0044451;PL006;S007;0;0.698397167067736
B0007121;PL006;S007;0;0.695506027124885
B0061406;PL006;S007;0;0.709345467177345
B0039516;PL006;S007;0;0.724155924488451
B0074556;PL006;S007;0;0.673346078426438
B0074944;PL006;S007;0;0.676513677692466
B0030064;PL006;S007;0;0.694714833285487
B0072291;PL006;S007;0;0.671542814519828
B0035541;PL006;S007;0;0.679209239846835
B0035417;PL006;S007;0;0.667068364003905
B0022463;PL006;S007;0;0.661780738271491
B0008211;PL006;S007;0;0.600275101522194
B0045088;PL006;S007;0;0.623106548434054
B0003496;PL006;S007;0;0.59443791855191
B0035336;PL006;S007;0;0.686411074670105
B0028699;PL006;S007;0;0.654247261028009
B0006045;PL006;S007;0;0.632145761693929
B0017042;PL006;S007;0;0.670877360901717
B0028818;PL006;S007;0;0.660365076149921
B0066658;PL006;S007;0;0.665193038199904
B0039918;PL006;S007;0;0.697360003743399
B0052683;PL006;S007;0;0.616161050744081
B0015771;PL006;S007;0;0.709479273090508
B0013945;PL006;S007;0;0.57323850614428
B0014292;PL006;S007;0;0.590425559711591
B0062420;PL006;S007;0;0.658582313917287
B0053039;PL006;S007;0;0.663206496466154
B0013116;PL006;S007;0;0.6248139239519
B0047867;PL006;S007;0;0.661519976775777
B0008918;PL006;S007;0;0.661519976775777
B0061809;PL006;S007;0;0.694020699233592
B0025164;PL006;S007;0;0.631060286542409
B0032076;PL006;S007;0;0.696899441005582
B0069778;PL006;S007;0;0.678436294835905
B0068738;PL006;S007;0;0.643118613667181
B0008780;PL006;S007;0;0.629163462023556
B0065595;PL006;S007;0;0.660688162662184
B0037383;PL006;S007;0;0.700156339252172
B0001706;PL006;S007;0;0.645891963500063
B0054409;PL006;S007;0;0.624420797278705
B0068964;PL006;S007;0;0.642962886403228
B0000785;PL006;S007;0;0.647204221075721
B0039106;PL006;S007;0;0.65579950413347
B0017899;PL006;S007;0;0.648668720466557
B0071109;PL006;S007;0;0.687926116353784
B0008510;PL006;S007;0;0.729902311097417
B0069847;PL006;S007;0;0.71306698393696
B0048723;PL006;S007;0;0.641420556542452
B0017098;PL006;S007;0;0.596165070933688
B0028851;PL006;S008;0;0.530822206951935
B0071249;PL006;S008;0;0.484049474390089
B0036846;PL006;S008;0;0.497283179749722
B0056668;PL006;S008;0;0.623267906293406
B0052486;PL006;S008;0;0.611176183687508
B0016440;PL006;S008;0;0.632322821029427
B0031160;PL006;S008;0;0.642761296998187
B0004396;PL006;S008;0;0.691712029030342
B0059534;PL006;S008;0;0.665660634010365
B0051080;PL006;S008;0;0.683124776194873
B0002226;PL006;S008;0;0.656992396324301
B0023675;PL006;S008;0;0.503933844995226
B0045372;PL006;S008;0;0.706054879936477
B0023208;PL006;S008;0;0.701948885154033
B0009613;PL006;S008;0;0.657836750579297
B0028163;PL006;S008;0;0.654611100970908
B0070768;PL006;S008;0;0.676524479512491
B0025612;PL006;S008;0;0.654403782383183
B0060348;PL006;S008;0;0.633097676114498
B0022514;PL006;S008;0;0.66667329572311
B0008572;PL006;S008;0;0.650852398426774
B0003114;PL006;S008;0;0.652217142990749
B0003403;PL006;S008;0;0.649576649017783
B0030578;PL006;S008;0;0.661247742691417
B0003792;PL006;S008;0;0.660965866432917
B0028486;PL006;S008;0;0.634250137871105
B0045333;PL006;S008;0;0.685951075490573
B0038335;PL006;S008;0;0.635377806238428
B0018672;PL006;S008;0;0.644788358173978
B0049280;PL006;S008;0;0.657005167373201
B0073875;PL006;S008;0;0.692955403899328
B0010613;PL006;S008;0;0.671039111561802
B0004713;PL006;S008;0;0.669306039263631
B0025970;PL006;S008;0;0.676007600380488
B0070746;PL006;S008;0;0.62831797630237
B0009396;PL006;S008;0;0.643508316911105
B0044229;PL006;S008;0;0.676873029008828
B0003541;PL006;S008;0;0.708032189825073
B0044419;PL006;S008;0;0.689100200042735
B0052206;PL006;S008;0;0.68769448458612
B0032503;PL006;S008;0;0.663495391190131
B0021534;PL006;S008;0;0.65587446371451
B0032834;PL006;S008;0;0.700335508383326
B0006819;PL006;S008;0;0.628384229016982
B0031942;PL006;S008;0;0.63863295668936
B0048096;PL006;S008;0;0.653958832646103
B0063713;PL006;S008;0;0.657912804919504
B0023320;PL006;S008;0;0.705925848911838
B0055532;PL006;S008;0;0.753028288461474
B0066898;PL006;S008;0;0.712115997613809
B0014005;PL006;S008;0;0.673175921202397
B0021146;PL006;S008;0;0.651477437090929
B0040825;PL006;S008;0;0.635098731564406
B0071482;PL006;S008;0;0.625133506927812
B0063108;PL006;S008;0;0.608016029023251
B0070279;PL006;S008;0;0.651487947282932
B0071910;PL006;S008;0;0.620237309496056
B0042991;PL006;S008;0;0.680056363013242
B0010075;PL006;S008;0;0.643940122955407
B0044930;PL006;S008;0;0.648858692464468
B0008630;PL006;S008;0;0.648395816711152
B0069052;PL006;S008;0;0.670287957917775
B0010604;PL006;S008;0;0.652458576985771
B0065367;PL006;S008;0;0.678613416281899
B0008385;PL006;S008;0;0.628459758882918
B0071682;PL006;S008;0;0.601974257526966
B0046558;PL006;S008;0;0.635683870022288
B0046573;PL006;S008;0;0.649215990270657
B0038892;PL006;S008;0;0.657348359326258
B0045108;PL006;S008;0;0.522742768764192
B0012330;PL006;S008;0;0.700892704149547
B0006732;PL006;S008;0;0.665295124695732
B0001892;PL006;S008;0;0.653775880475713
B0033236;PL006;S008;0;0.668649146896823
B0019921;PL006;S008;0;0.6167150895352
B0069344;PL006;S008;0;0.636247155179852
B0042250;PL006;S008;0;0.701040753183127
B0034115;PL006;S008;0;0.6774637388
B0016493;PL006;S008;0;0.64486533746764
B0013499;PL006;S008;0;0.670023121499257
B0031543;PL006;S008;0;0.677941652527704
B0065982;PL006;S008;0;0.641788155827987
B0053704;PL006;S008;0;0.689551485608649
B0049409;PL006;S008;0;0.679929355467491
B0053968;PL006;S008;0;0.670999361175389
B0055231;PL006;S008;0;0.65257616981695
B0069178;PL006;S008;0;0.646785067075992
B0059338;PL006;S008;0;0.657433072787301
B0052870;PL006;S008;0;0.651169463105381
B0041780;PL006;S008;0;0.625323885836044
B0001740;PL006;S008;0;0.628459640165493
B0007060;PL006;S008;0;0.673460223289997
B0020119;PL006;S008;0;0.663823759704137
B0027812;PL006;S008;0;0.662053420343252
B0024711;PL006;S008;0;0.680200580259301
B0020349;PL006;S008;0;0.657392177077454
B0000351;PL006;S008;0;0.65931509822696
B0065043;PL006;S008;0;0.711683741486719
B0034733;PL006;S008;0;0.504071011224215
B0051757;PL006;S008;0;0.710944492798839
B0013307;PL006;S008;0;0.609961474285955
B0038365;PL006;S008;0;0.630887525269749
B0033443;PL006;S008;0;0.624907124211497
B0058310;PL006;S008;0;0.639543465159328
B0034547;PL006;S008;0;0.66745229802866
B0035675;PL006;S008;0;0.678296882491426
B0038206;PL006;S008;0;0.747237056530832
B0071870;PL006;S008;0;0.67789042223728
B0002689;PL006;S008;0;0.669299559041452
B0019515;PL006;S008;0;0.623272483028788
B0058705;PL006;S008;0;0.660307853836105
B0038252;PL006;S008;0;0.659913296048135
B0058867;PL006;S008;0;0.650628040995578
B0030117;PL006;S008;0;0.654784660681094
B0056768;PL006;S008;0;0.623176936506506
B0057479;PL006;S008;0;0.640923555993389
B0031088;PL006;S008;0;0.670543419861801
B0044686;PL006;S008;0;0.670580493051251
B0024152;PL006;S008;0;0.653180746276523
B0008596;PL006;S008;0;0.622291325011784
B0019005;PL006;S008;0;0.614703085349503
B0024390;PL006;S008;0;0.619127088208693
B0072655;PL006;S008;0;0.603104975526996
B0036758;PL006;S008;0;0.608404884533715
B0059847;PL006;S008;0;0.629756549349316
B0001928;PL006;S008;0;0.64544883816313
B0067645;PL006;S008;0;0.657275342218828
B0015613;PL006;S008;0;0.621296708036797
B0019144;PL006;S008;0;0.621296708036797
B0004297;PL006;S008;0;0.595963670603888
B0065438;PL006;S008;0;0.656157529048331
B0036333;PL006;S008;0;0.660509858355961
B0022594;PL006;S008;0;0.626723847693876
B0068318;PL006;S008;0;0.608897361777674
B0023406;PL006;S008;0;0.622468261905212
B0037388;PL006;S008;0;0.621548382905085
B0033108;PL006;S008;0;0.645744308437251
B0055821;PL006;S008;0;0.670721398223885
B0073403;PL006;S008;0;0.686494037125921
B0054204;PL006;S008;0;0.681387224061084
B0012930;PL006;S008;0;0.623301813121759
B0001841;PL006;S008;0;0.638418755139961
B0030650;PL006;S008;0;0.637426201471667
B0016115;PL006;S008;0;0.661689280523985
B0023799;PL006;S008;0;0.646843305756716
B0051391;PL006;S008;0;0.636163836566544
B0032542;PL006;S008;0;0.705331235166669
B0018398;PL006;S008;0;0.740561202113072
B0069336;PL006;S008;0;0.626581794234248
B0000197;PL006;S008;0;0.678521687242351
B0061661;PL006;S008;0;0.63986259158933
B0018787;PL006;S008;0;0.617110966693994
B0067069;PL006;S008;0;0.669691627773489
B0034387;PL006;S008;0;0.657018493159921
B0006020;PL006;S008;0;0.675413182427818
B0034949;PL006;S008;0;0.639226271577088
B0055602;PL006;S008;0;0.639323317464387
B0002091;PL006;S008;0;0.648638389380352
B0009374;PL006;S008;0;0.657709597180595
B0046137;PL006;S008;0;0.66129559104655
B0057166;PL006;S008;0;0.65977459586457
B0014999;PL006;S008;0;0.678794359710585
B0023515;PL006;S008;0;0.703431070267964
B0072682;PL006;S008;0;0.688490380664863
B0035981;PL006;S008;0;0.633211140809871
B0048281;PL006;S008;0;0.646100770283125
B0049574;PL006;S008;0;0.64927516097487
B0002326;PL006;S008;0;0.64636206203571
B0018988;PL006;S008;0;0.651890990031251
B0004918;PL006;S008;0;0.644220153099556
B0031578;PL006;S008;0;0.639669009270182
B0058460;PL006;S008;0;0.646446856034537
B0027311;PL006;S008;0;0.646030234573514
B0000779;PL006;S008;0;0.649135335099144
B0030152;PL006;S008;0;0.670561303389413
B0000922;PL006;S008;0;0.650098283788625
B0068435;PL006;S008;0;0.653372902000724
B0036643;PL006;S008;0;0.68082631592626
B0006090;PL006;S008;0;0.614228264225275
B0060185;PL006;S008;0;0.648532809438388
B0006663;PL006;S008;0;0.648532809438388
B0049222;PL006;S008;0;0.643685159595644
B0072266;PL006;S008;0;0.696364386389089
B0028997;PL006;S008;0;0.664529320752804
B0072921;PL006;S008;0;0.668366991435094
B0008403;PL006;S008;0;0.609914064480508
B0010821;PL006;S008;0;0.626655905694378
B0031070;PL006;S008;0;0.635828504170447
B0010788;PL006;S008;0;0.68227433792232
B0014876;PL006;S008;0;0.6415836568125
B0071208;PL006;S008;0;0.672595101120607
B0048854;PL006;S008;0;0.631861577107865
B0018215;PL006;S008;0;0.67864036986512
B0046552;PL006;S008;0;0.615938894207049
B0051184;PL006;S008;0;0.641621181235963
B0003494;PL006;S008;0;0.632856611701506
B0013120;PL006;S008;0;0.67624985656359
B0059665;PL006;S008;0;0.649421440270923
B0058739;PL006;S008;0;0.711511880494978
B0012514;PL006;S008;0;0.61275328993481
B0021660;PL006;S008;0;0.631230348501881
B0052118;PL006;S008;0;0.629313295656157
B0059397;PL006;S008;0;0.631307615329864
B0068012;PL006;S008;0;0.616961045114051
B0024573;PL006;S008;0;0.623671366275936
B0029987;PL006;S008;0;0.649662059054992
B0059371;PL006;S008;0;0.643935458481842
B0049782;PL006;S008;0;0.642429275559692
B0060943;PL006;S008;0;0.608836956236302
B0009668;PL006;S008;0;0.673655216655197
B0000627;PL006;S008;0;0.630298198972057
B0004186;PL006;S008;0;0.637557560714622
B0061613;PL006;S008;0;0.660023857465729
B0029955;PL006;S008;0;0.62490884975553
B0068663;PL006;S008;0;0.649560813405858
B0072537;PL006;S008;0;0.645166840346473
B0006507;PL006;S006;0;0.623561347731918
B0011962;PL006;S006;0;0.573790912307533
B0021462;PL006;S006;0;0.601777117775967
B0069845;PL006;S006;0;0.615618450395523
B0057470;PL006;S006;0;0.682317357456951
B0049442;PL006;S006;0;0.679923042742456
B0045637;PL006;S006;0;0.720540066971485
B0014257;PL006;S006;0;0.688138397661375
B0058033;PL006;S006;0;0.6545945558331
B0017297;PL006;S006;0;0.658278222051024
B0037826;PL006;S006;0;0.644154785697848
B0066857;PL006;S006;0;0.601802265277733
B0020415;PL006;S006;0;0.664653450712398
B0009126;PL006;S006;0;0.617914360012907
B0018057;PL006;S006;0;0.654674754814095
B0047026;PL006;S006;0;0.646672875306498
B0041989;PL006;S006;0;0.629196713989504
B0035746;PL006;S006;0;0.622379445691786
B0061735;PL006;S006;0;0.643782098714294
B0025579;PL006;S006;0;0.635769236705746
B0026052;PL006;S006;0;0.616315082077122
B0062304;PL006;S006;0;0.642530943522009
B0032975;PL006;S006;0;0.659612513602591
B0008769;PL006;S006;0;0.695129799407332
B0011510;PL006;S006;0;0.618617700122671
B0008958;PL006;S006;0;0.650310728845373
B0032584;PL006;S006;0;0.642824783925462
B0065164;PL006;S006;0;0.598682231144206
B0045200;PL006;S006;0;0.640028432801172
B0070890;PL006;S006;0;0.641361214172915
B0024865;PL006;S006;0;0.640691093689633
B0057156;PL006;S006;0;0.616253029265796
B0019350;PL006;S006;0;0.611169347261598
B0004203;PL006;S006;0;0.652030838280275
B0068004;PL006;S006;0;0.641368810287295
B0051418;PL006;S006;0;0.650185172580955
B0017024;PL006;S006;0;0.580762937969431
B0064532;PL006;S006;0;0.638328609742698
B0029885;PL006;S006;0;0.710806379781781
B0042405;PL006;S006;0;0.617630247593833
B0061825;PL006;S006;0;0.705493027845137
B0059248;PL006;S006;0;0.67038859793673
B0007583;PL006;S006;0;0.713331455792612
B0002337;PL006;S006;0;0.63188154636426
B0005053;PL006;S006;0;0.654131970649711
B0016333;PL006;S006;0;0.720486890706747
B0007078;PL006;S006;0;0.722404792969054
B0071276;PL006;S006;0;0.642856909685573
B0045129;PL006;S006;0;0.661036700013064
B0001320;PL006;S006;0;0.6429339178989
B0063522;PL006;S006;0;0.664634614849788
B0059127;PL006;S006;0;0.661323585403085
B0034824;PL006;S006;0;0.653813485036624
B0045408;PL006;S006;0;0.646326721790812
B0064307;PL006;S006;0;0.647351608422423
B0029947;PL006;S006;0;0.661727727953644
B0018777;PL006;S006;0;0.702478663819618
B0029263;PL006;S006;0;0.655442919630924
B0035891;PL006;S006;0;0.674935910005156
B0047871;PL006;S006;0;0.589989168585374
B0068823;PL006;S006;0;0.593251473227159
B0007653;PL006;S006;0;0.647711164775212
B0058733;PL006;S006;0;0.664726021073897
B0072672;PL006;S006;0;0.615944968804724
B0051183;PL006;S006;0;0.622727614489725
B0052915;PL006;S006;0;0.636597064984283
B0056794;PL006;S006;0;0.596378888276097
B0029357;PL006;S006;0;0.634118525267437
B0025824;PL006;S006;0;0.65752273298644
B0068196;PL006;S006;0;0.630807175961908
B0006285;PL006;S006;0;0.65675516617835
B0037455;PL006;S006;0;0.688182427989974
B0053209;PL006;S006;0;0.633666017812331
B0047946;PL006;S006;0;0.649243015205171
B0048037;PL006;S006;0;0.677830876976188
B0014717;PL006;S006;0;0.638954810712081
B0007395;PL006;S006;0;0.646937062545682
B0027782;PL006;S006;0;0.595341700164591
B0035503;PL006;S006;0;0.646383085674585
B0030049;PL006;S006;0;0.622793255395391
B0055444;PL006;S006;0;0.64274286364201
B0040775;PL006;S006;0;0.661902219924344
B0063478;PL006;S006;0;0.593549785636603
B0013584;PL006;S006;0;0.674768202765381
B0037781;PL006;S006;0;0.679242153716729
B0018133;PL006;S006;0;0.703424356078012
B0022648;PL006;S006;0;0.673521622824368
B0069956;PL006;S006;0;0.652787043553306
B0003321;PL006;S006;0;0.647779912524797
B0053903;PL006;S006;0;0.677014538434137
B0018722;PL006;S006;0;0.653751159547426
B0044780;PL006;S006;0;0.629607973112649
B0035848;PL006;S006;0;0.65765271018234
B0063899;PL006;S006;0;0.609246921047848
B0032252;PL006;S006;0;0.606341852483208
B0035316;PL006;S006;0;0.631163921889019
B0054731;PL006;S006;0;0.597804965532075
B0039676;PL006;S006;0;0.635800467030412
B0006595;PL006;S006;0;0.611817532651955
B0017653;PL006;S006;0;0.678496537068424
B0054532;PL006;S006;0;0.622181416498532
B0039590;PL006;S006;0;0.639538745580874
B0026780;PL006;S006;0;0.660063518395869
B0065252;PL006;S006;0;0.625978544914191
B0062530;PL006;S006;0;0.655037920809505
B0006122;PL006;S006;0;0.671369313685033
B0017132;PL006;S006;0;0.613081442602793
B0034393;PL006;S006;0;0.628829626220086
B0010364;PL006;S006;0;0.627675285593893
B0063673;PL006;S006;0;0.593945791396502
B0029236;PL006;S006;0;0.613229203695539
B0000571;PL006;S006;0;0.6651232627486
B0028112;PL006;S006;0;0.653886562588325
B0002952;PL006;S006;0;0.638623530823912
B0042052;PL006;S006;0;0.614486961011216
B0068297;PL006;S006;0;0.636833424373958
B0039541;PL006;S006;0;0.673395405538055
B0009716;PL006;S006;0;0.670369158371168
B0040118;PL006;S006;0;0.639908418534889
B0057749;PL006;S006;0;0.635234300547077
B0040134;PL006;S006;0;0.651665228282758
B0001350;PL006;S006;0;0.665638933616212
B0041868;PL006;S006;0;0.641500277740656
B0055312;PL006;S006;0;0.647116816927326
B0030963;PL006;S006;0;0.688015791674097
B0055291;PL006;S006;0;0.656267188261124
B0036325;PL006;S006;0;0.639034077228133
B0070226;PL006;S006;0;0.656806742415171
B0047631;PL006;S006;0;0.618624548441404
B0019066;PL006;S006;0;0.660633419811314
B0044796;PL006;S006;0;0.602652986824921
B0064311;PL006;S006;0;0.649089576925663
B0020102;PL006;S006;0;0.664552543271909
B0073882;PL006;S006;0;0.626044138664022
B0027097;PL006;S006;0;0.652988851954268
B0013387;PL006;S006;0;0.605475355308639
B0059942;PL006;S006;0;0.690238955694221
B0016186;PL006;S006;0;0.653712458741092
B0069412;PL006;S006;0;0.627758142865664
B0060924;PL006;S006;0;0.63877874114535
B0065314;PL006;S006;0;0.650034596032736
B0008566;PL006;S006;0;0.64935897317424
B0013201;PL006;S006;0;0.626281826120629
B0034236;PL006;S006;0;0.656830272599093
B0066188;PL006;S006;0;0.651763637295595
B0064583;PL006;S006;0;0.655851508405047
B0069760;PL006;S006;0;0.642302327415374
B0064277;PL006;S006;0;0.58160307898886
B0042400;PL006;S006;0;0.604798949274445
B0028151;PL006;S006;0;0.578295961158611
B0039448;PL006;S006;0;0.583241070509145
B0025856;PL006;S006;0;0.610854137025192
B0001004;PL006;S006;0;0.655871534637935
B0014136;PL006;S006;0;0.615859851372262
B0025377;PL006;S006;0;0.659896255588196
B0008887;PL006;S006;0;0.646301570602873
B0047980;PL006;S006;0;0.623694641094467
B0041042;PL006;S006;0;0.599575838517731
B0070203;PL006;S006;0;0.609973980528838
B0070059;PL006;S006;0;0.612461181279494
B0006287;PL006;S006;0;0.639255615774109
B0015334;PL006;S006;0;0.625370987751791
B0009463;PL006;S006;0;0.692477328595065
B0025810;PL006;S006;0;0.557690882564301
B0047487;PL006;S006;0;0.653392757649723
B0055512;PL006;S006;0;0.569418579060932
B0043042;PL006;S006;0;0.677290459498757
B0051629;PL006;S006;0;0.590330760001417
B0073083;PL006;S006;0;0.633061692164503
B0056928;PL006;S006;0;0.581112542278048
B0047451;PL006;S006;0;0.622622470534055
B0061691;PL006;S006;0;0.666741474651256
B0040509;PL006;S006;0;0.636259270710283
B0044527;PL006;S006;0;0.625771224722291
B0047255;PL006;S006;0;0.638777540547105
B0046926;PL006;S006;0;0.633079740685611
B0025327;PL006;S006;0;0.657097232911491
B0002079;PL006;S006;0;0.64024824024747
B0013164;PL006;S006;0;0.648393420207558
B0007144;PL006;S006;0;0.648996123218422
B0010078;PL006;S006;0;0.599393075246282
B0063679;PL006;S006;0;0.633760151092892
B0039750;PL006;S006;0;0.599393075246282
B0068283;PL006;S006;0;0.641309293052843
B0047680;PL006;S006;0;0.652601503733119
B0055303;PL006;S006;0;0.582070959885379
B0005324;PL006;S006;0;0.663410098231788
B0011792;PL006;S006;0;0.635105490358007
B0014626;PL006;S006;0;0.656630056867443
B0069852;PL006;S006;0;0.647105676940772
B0047512;PL006;S006;0;0.624927808293317
B0071096;PL006;S006;0;0.632171419261091
B0039522;PL006;S006;0;0.592545533803113
B0033495;PL006;S006;0;0.60106743511381
B0052494;PL006;S006;0;0.608147071153552
B0065152;PL006;S006;0;0.616983802285445
B0045241;PL006;S006;0;0.610356725027111
B0069921;PL006;S006;0;0.664120881449787
B0016742;PL006;S006;0;0.628669602827375
B0064123;PL006;S006;0;0.70802303095001
B0024734;PL006;S006;0;0.662319326612756
B0044907;PL006;S006;0;0.643206625472234
B0038480;PL006;S006;0;0.668609346976517
B0051409;PL006;S006;0;0.650513936833944
B0047841;PL006;S006;0;0.64462618377938
B0020191;PL006;S006;0;0.658065733903001
B0032226;PL006;S006;0;0.618897724640545
B0041284;PL006;S006;0;0.62101895253193
B0048778;PL006;S006;0;0.637661929801324
B0067992;PL006;S006;0;0.666679132367861
B0072603;PL006;S006;0;0.579109899977811
B0054293;PL006;S006;0;0.630223282924209
B0054184;PL006;S006;0;0.644970647969096
B0002434;PL006;S006;0;0.66085901492821
B0066151;PL006;S006;0;0.582761758561964
B0029574;PL006;S006;0;0.643349152892482
B0010602;PL006;S006;0;0.606802262157705
B0024591;PL006;S006;0;0.651253786413332
B0011659;PL006;S006;0;0.648158331747543
B0051024;PL006;S006;0;0.671166102680026
B0049842;PL006;S006;0;0.688493731813389
B0021053;PL006;S006;0;0.637510467229398
B0032466;PL006;S006;0;0.587287216347686
B0015892;PL006;S006;0;0.602420600548937
B0010342;PL006;S006;0;0.648930588674712
B0039140;PL006;S006;0;0.61078758849534
B0009873;PL006;S006;0;0.622109317219445
B0017991;PL006;S006;0;0.648987065169113
B0056632;PL006;S006;0;0.635775466058517
B0016856;PL006;S006;0;0.636386671383684
B0064134;PL006;S006;0;0.606974529021781
B0073361;PL006;S006;0;0.64086712489758
B0012700;PL006;S004;0;0.507119630538066
B0015975;PL006;S004;0;0.557919453593134
B0040414;PL006;S004;0;0.484739421303599
B0001808;PL006;S004;0;0.60246092463233
B0053345;PL006;S004;0;0.691703487796321
B0052803;PL006;S004;0;0.61625808406737
B0070115;PL006;S004;0;0.629818006215695
B0045664;PL006;S004;0;0.6696796643591
B0020052;PL006;S004;0;0.783678768223055
B0038965;PL006;S004;0;0.657532318162537
B0047825;PL006;S004;0;0.620797570340399
B0069981;PL006;S004;0;0.619808221968656
B0003076;PL006;S004;0;0.680680155248298
B0059317;PL006;S004;0;0.687945879861953
B0017144;PL006;S004;0;0.664178831169748
B0062110;PL006;S004;0;0.659121493591789
B0070219;PL006;S004;0;0.662888325831442
B0061161;PL006;S004;0;0.692862874681495
B0045654;PL006;S004;0;0.685491519261947
B0023189;PL006;S004;0;0.626372858055002
B0001552;PL006;S004;0;0.638294367792322
B0065963;PL006;S004;0;0.671074814964421
B0028352;PL006;S004;0;0.648841873791086
B0028373;PL006;S004;0;0.610013872103685
B0021468;PL006;S004;0;0.596678337547799
B0067224;PL006;S004;0;0.629457463154746
B0005182;PL006;S004;0;0.63693047287958
B0021275;PL006;S004;0;0.588856008683259
B0068296;PL006;S004;0;0.634648889191022
B0069377;PL006;S004;0;0.682731973257893
B0023911;PL006;S004;0;0.631565918207734
B0055864;PL006;S004;0;0.671065481670379
B0068404;PL006;S004;0;0.670157520835233
B0000560;PL006;S004;0;0.629114670137096
B0032066;PL006;S004;0;0.643248794706388
B0026302;PL006;S004;0;0.596472050119967
B0003698;PL006;S004;0;0.712013176965452
B0031821;PL006;S004;0;0.639495597783834
B0016242;PL006;S004;0;0.642129973729692
B0004599;PL006;S004;0;0.694459853319874
B0042541;PL006;S004;0;0.690195689595622
B0032508;PL006;S004;0;0.663463132472538
B0013483;PL006;S004;0;0.676109529557357
B0032318;PL006;S004;0;0.646856497048229
B0015451;PL006;S004;0;0.590350959887026
B0013155;PL006;S004;0;0.691907643804022
B0027922;PL006;S004;0;0.678895601902894
B0012684;PL006;S004;0;0.689748324561429
B0061066;PL006;S004;0;0.62844726867234
B0069942;PL006;S004;0;0.668579347832794
B0035230;PL006;S004;0;0.642834839235221
B0025868;PL006;S004;0;0.694491862250262
B0008857;PL006;S004;0;0.674064644564411
B0016347;PL006;S004;0;0.696345790783343
B0033144;PL006;S004;0;0.710898948750906
B0049443;PL006;S004;0;0.651419647031212
B0046121;PL006;S004;0;0.621135698466487
B0024162;PL006;S004;0;0.596700654517206
B0014208;PL006;S004;0;0.66809650952727
B0073228;PL006;S004;0;0.623142486995155
B0061744;PL006;S004;0;0.638655925232345
B0023156;PL006;S004;0;0.634878321991217
B0063883;PL006;S004;0;0.673185707429264
B0012069;PL006;S004;0;0.687125752190578
B0062418;PL006;S004;0;0.64118306531381
B0023440;PL006;S004;0;0.632162501848049
B0074618;PL006;S004;0;0.624391517296733
B0065064;PL006;S004;0;0.608153786094
B0060376;PL006;S004;0;0.586927620512277
B0041387;PL006;S004;0;0.624391517296733
B0072393;PL006;S004;0;0.612066208059925
B0028781;PL006;S004;0;0.575662727956992
B0072050;PL006;S004;0;0.630183298105736
B0043031;PL006;S004;0;0.599858682700557
B0036691;PL006;S004;0;0.596989868792566
B0020385;PL006;S004;0;0.640585585225463
B0010039;PL006;S004;0;0.632210535728048
B0054492;PL006;S004;0;0.608585811787393
B0015082;PL006;S004;0;0.662351448924364
B0001693;PL006;S004;0;0.707600550502325
B0027918;PL006;S004;0;0.603994840080254
B0045810;PL006;S004;0;0.662733093559738
B0073994;PL006;S004;0;0.716834759152555
B0041571;PL006;S004;0;0.594668879664774
B0068052;PL006;S004;0;0.690206910076891
B0002742;PL006;S004;0;0.644332279716376
B0036878;PL006;S004;0;0.668754565052758
B0051511;PL006;S004;0;0.624345317308771
B0009904;PL006;S004;0;0.657947854389444
B0009628;PL006;S004;0;0.619394959223092
B0032314;PL006;S004;0;0.694003463555508
B0008172;PL006;S004;0;0.61160340748727
B0011062;PL006;S004;0;0.644301778247931
B0024911;PL006;S004;0;0.694728300491681
B0009356;PL006;S004;0;0.666546886949866
B0013991;PL006;S004;0;0.659401262479371
B0057350;PL006;S004;0;0.704633928406359
B0021970;PL006;S004;0;0.680309191887553
B0022140;PL006;S004;0;0.672626007147833
B0023011;PL006;S004;0;0.69374112468416
B0071924;PL006;S004;0;0.62364847353431
B0050551;PL006;S004;0;0.633157349922279
B0069818;PL006;S004;0;0.66981602552124
B0067934;PL006;S004;0;0.665609557125506
B0029830;PL006;S004;0;0.605447358656551
B0073817;PL006;S004;0;0.614522087393059
B0004537;PL006;S004;0;0.642774224631119
B0004822;PL006;S004;0;0.677428839133092
B0035108;PL006;S004;0;0.695688185059082
B0058652;PL006;S004;0;0.702586922809697
B0047821;PL006;S004;0;0.674123060203592
B0031245;PL006;S004;0;0.58019185093954
B0037008;PL006;S004;0;0.598253466464183
B0033389;PL006;S004;0;0.62844749278791
B0036507;PL006;S004;0;0.620393464068354
B0051594;PL006;S004;0;0.697029631516866
B0040374;PL006;S004;0;0.640687460188287
B0056181;PL006;S004;0;0.687244652716867
B0010495;PL006;S004;0;0.704382279701912
B0046576;PL006;S004;0;0.563611731844655
B0023369;PL006;S004;0;0.630222060700559
B0051253;PL006;S004;0;0.693276369135537
B0012896;PL006;S004;0;0.672166195795886
B0020949;PL006;S004;0;0.657061575075116
B0030639;PL006;S004;0;0.689342884333672
B0000552;PL006;S004;0;0.642572305309768
B0057064;PL006;S004;0;0.644841646625648
B0042556;PL006;S004;0;0.673520686250916
B0001761;PL006;S004;0;0.650227776552282
B0026298;PL006;S004;0;0.648139951729768
B0053114;PL006;S004;0;0.673436874024818
B0050558;PL006;S004;0;0.655581177434748
B0022657;PL006;S004;0;0.669828146887642
B0062255;PL006;S004;0;0.674447318380877
B0043189;PL006;S004;0;0.67683115295766
B0061262;PL006;S004;0;0.660762243745726
B0042844;PL006;S004;0;0.69169923470293
B0036492;PL006;S004;0;0.66372582483372
B0041951;PL006;S004;0;0.65831917936183
B0007983;PL006;S004;0;0.686433428801635
B0015670;PL006;S004;0;0.736553627366253
B0072691;PL006;S004;0;0.559311303272612
B0071777;PL006;S004;0;0.605167727507106
B0042578;PL006;S004;0;0.605167727507106
B0005901;PL006;S004;0;0.571952035285301
B0065688;PL006;S004;0;0.620844918652216
B0066404;PL006;S004;0;0.577741032131511
B0071545;PL006;S004;0;0.610556099093221
B0031465;PL006;S004;0;0.673519308108486
B0016979;PL006;S004;0;0.653561243605325
B0016064;PL006;S004;0;0.634718076839131
B0067189;PL006;S004;0;0.583770769310872
B0066728;PL006;S004;0;0.671873646932206
B0019313;PL006;S004;0;0.659666368398338
B0060046;PL006;S004;0;0.665126344337326
B0015562;PL006;S004;0;0.670152614679065
B0048215;PL006;S004;0;0.66766927636013
B0005046;PL006;S004;0;0.592065072839939
B0047258;PL006;S004;0;0.633276086808759
B0065321;PL006;S004;0;0.614139970996597
B0067155;PL006;S004;0;0.686104621011995
B0030573;PL006;S004;0;0.613776356248505
B0009801;PL006;S004;0;0.632561873646168
B0000441;PL006;S004;0;0.555682556549707
B0004989;PL006;S004;0;0.624650071915181
B0044718;PL006;S004;0;0.609138701177985
B0036684;PL006;S004;0;0.592196998585507
B0071593;PL006;S004;0;0.677031280169728
B0053721;PL006;S004;0;0.688383707230248
B0074994;PL006;S004;0;0.623788644202091
B0005331;PL006;S004;0;0.64567569341927
B0011129;PL006;S004;0;0.630124473094132
B0065907;PL006;S004;0;0.665707583187136
B0001418;PL006;S004;0;0.644640765974175
B0019665;PL006;S004;0;0.640572509097072
B0001788;PL006;S004;0;0.637784134019855
B0014302;PL006;S004;0;0.58806639106761
B0061106;PL006;S004;0;0.67864354320905
B0048390;PL006;S004;0;0.68179653426741
B0013386;PL006;S004;0;0.596735014261721
B0050205;PL006;S004;0;0.676667013174564
B0023872;PL006;S004;0;0.601919583526607
B0023948;PL006;S004;0;0.655745716637992
B0012952;PL006;S004;0;0.59151610066534
B0014584;PL006;S004;0;0.59151610066534
B0053092;PL006;S004;0;0.688287662498462
B0027767;PL006;S004;0;0.711052574179631
B0052894;PL006;S004;0;0.711753799255875
B0002058;PL006;S004;0;0.666355755195508
B0031999;PL006;S004;0;0.650867398895945
B0055192;PL006;S004;0;0.69416144611894
B0032369;PL006;S004;0;0.696697460728604
B0002812;PL006;S004;0;0.663882623328175
B0038719;PL006;S004;0;0.64381274657348
B0062226;PL006;S004;0;0.68330062686892
B0074439;PL006;S004;0;0.689975087498493
B0054267;PL006;S004;0;0.702637078107378
B0054227;PL006;S004;0;0.635521091228379
B0005804;PL006;S004;0;0.683446612308418
B0064259;PL006;S004;0;0.648703703812924
B0061117;PL006;S004;0;0.63878884438339
B0063097;PL006;S004;0;0.621645635642885
B0058808;PL006;S004;0;0.588662279001772
B0007976;PL006;S004;0;0.64159132713894
B0050175;PL006;S004;0;0.614612332460966
B0001976;PL006;S004;0;0.631286773817653
B0058975;PL006;S004;0;0.688359062305056
B0029754;PL006;S004;0;0.735627274696681
B0001239;PL006;S004;0;0.705951653494504
B0045554;PL006;S004;0;0.589869780546036
B0044536;PL006;S004;0;0.653260925303746
B0039726;PL006;S004;0;0.647711157909356
B0011452;PL006;S004;0;0.663710283456936
B0015121;PL006;S004;0;0.675184129784746
B0049102;PL006;S004;0;0.694317932220917
B0072567;PL006;S004;0;0.676760513275407
B0031361;PL006;S004;0;0.694530804609032
B0073535;PL006;S004;0;0.679055998048799
B0025661;PL006;S004;0;0.678668463719343
B0014641;PL006;S004;0;0.663279709300116
B0029514;PL006;S004;0;0.721172364015261
B0029886;PL006;S004;0;0.674626469506083
B0046660;PL006;S004;0;0.664444420536215
B0033040;PL006;S004;0;0.667790127951482
B0026923;PL006;S004;0;0.603038056353502
B0073724;PL006;S004;0;0.665437440199536
B0019999;PL006;S004;0;0.641538486147833
B0010359;PL006;S004;0;0.632736764701339
B0011598;PL006;S004;0;0.583889703890502
B0002061;PL006;S004;0;0.656822267942827
B0037279;PL006;S004;0;0.711664934473155
B0003661;PL006;S004;0;0.680016484207217
B0028167;PL006;S004;0;0.584998469989412
B0060936;PL006;S004;0;0.634698939417356
B0053851;PL006;S004;0;0.62047416202387
B0048218;PL006;S004;0;0.59785515138795
B0067968;PL006;S004;0;0.640960146558819
B0014553;PL006;S004;0;0.672815292299053
B0067802;PL006;S004;0;0.687246826345622
B0040344;PL006;S004;0;0.691527812923414
B0047626;PL006;S004;0;0.639661224989034
B0030906;PL006;S004;0;0.629653305910744
B0032714;PL006;S004;0;0.646527301303275
B0020433;PL006;S004;0;0.608821060994813
B0035531;PL006;S005;0;0.470153023978788
B0015812;PL006;S005;0;0.713123971447133
B0005726;PL006;S005;0;0.624879612406249
B0063098;PL006;S005;0;0.643461370038711
B0057356;PL006;S005;0;0.634370884233662
B0040531;PL006;S005;0;0.647978587555786
B0069874;PL006;S005;0;0.623953421193872
B0024523;PL006;S005;0;0.649343283634578
B0005287;PL006;S005;0;0.665173271626715
B0036851;PL006;S005;0;0.605470756450707
B0005269;PL006;S005;0;0.610516877302066
B0019909;PL006;S005;0;0.713765388620214
B0059034;PL006;S005;0;0.624706250397333
B0022362;PL006;S005;0;0.625802902937764
B0009689;PL006;S005;0;0.697915147432348
B0039868;PL006;S005;0;0.682153604535355
B0047301;PL006;S005;0;0.709516751133015
B0006984;PL006;S005;0;0.585673195044812
B0027061;PL006;S005;0;0.650383252831364
B0026714;PL006;S005;0;0.630048052524015
B0040025;PL006;S005;0;0.668354049041863
B0019380;PL006;S005;0;0.69463410242697
B0065163;PL006;S005;0;0.673244496525028
B0043166;PL006;S005;0;0.685851822839568
B0060104;PL006;S005;0;0.707231401531945
B0040345;PL006;S005;0;0.653803840911644
B0011011;PL006;S005;0;0.656511178017566
B0027150;PL006;S005;0;0.674367100685423
B0020853;PL006;S005;0;0.670267158453639
B0074332;PL006;S005;0;0.696163288671554
B0042490;PL006;S005;0;0.69225982062673
B0013043;PL006;S005;0;0.697135218385096
B0056352;PL006;S005;0;0.681134068930861
B0041063;PL006;S005;0;0.597189909478794
B0026996;PL006;S005;0;0.649007983155955
B0055354;PL006;S005;0;0.668355237362849
B0070186;PL006;S005;0;0.594341456258223
B0005319;PL006;S005;0;0.647936790341444
B0051576;PL006;S005;0;0.690272817957306
B0031221;PL006;S005;0;0.674890188974181
B0072705;PL006;S005;0;0.709019689935691
B0058896;PL006;S005;0;0.638415571838325
B0008511;PL006;S005;0;0.551986041429314
B0042894;PL006;S005;0;0.682891406851464
B0073942;PL006;S005;0;0.670257146575481
B0067757;PL006;S005;0;0.60005158509471
B0059625;PL006;S005;0;0.714896740611631
B0040242;PL006;S005;0;0.637333325841298
B0074238;PL006;S005;0;0.636974700001145
B0067314;PL006;S005;0;0.668351926896593
B0051283;PL006;S005;0;0.715285364195288
B0052453;PL006;S005;0;0.687492863037418
B0073092;PL006;S005;0;0.710857693440103
B0035385;PL006;S005;0;0.695175752941423
B0061445;PL006;S005;0;0.705713417641364
B0067108;PL006;S005;0;0.687049950139167
B0059874;PL006;S005;0;0.677068659007201
B0053920;PL006;S005;0;0.695042821472708
B0053388;PL006;S005;0;0.608450369997236
B0005522;PL006;S005;0;0.661932592179995
B0056540;PL006;S005;0;0.627199118791688
B0041947;PL006;S005;0;0.637102712713881
B0010309;PL006;S005;0;0.662211297345268
B0064753;PL006;S005;0;0.669546362036604
B0055262;PL006;S005;0;0.688171987800458
B0051508;PL006;S005;0;0.688171987800458
B0043186;PL006;S005;0;0.706343666281805
B0038583;PL006;S005;0;0.676402170877627
B0071940;PL006;S005;0;0.695952730690807
B0037093;PL006;S005;0;0.708132069036004
B0037871;PL006;S005;0;0.667413991233595
B0055287;PL006;S005;0;0.624491191836594
B0067435;PL006;S005;0;0.640269548760658
B0068114;PL006;S005;0;0.650695792719554
B0050856;PL006;S005;0;0.641625858437192
B0061166;PL006;S005;0;0.629483944140893
B0045222;PL006;S005;0;0.59348673518543
B0072998;PL006;S005;0;0.628756618368281
B0061105;PL006;S005;0;0.651131224557593
B0029494;PL006;S005;0;0.682768381330945
B0071306;PL006;S005;0;0.682348067208035
B0013354;PL006;S005;0;0.601480125910775
B0049584;PL006;S005;0;0.665106893911945
B0006006;PL006;S005;0;0.641464815608862
B0046756;PL006;S005;0;0.643783589382069
B0053004;PL006;S005;0;0.611320109019896
B0003796;PL006;S005;0;0.656922089142035
B0058431;PL006;S005;0;0.64560643612451
B0053112;PL006;S005;0;0.641574467174737
B0007460;PL006;S005;0;0.60243271754818
B0042812;PL006;S005;0;0.60243271754818
B0045569;PL006;S005;0;0.656922089142035
B0027490;PL006;S005;0;0.668369716927712
B0014447;PL006;S005;0;0.571631977311817
B0036843;PL006;S005;0;0.706527004098296
B0000510;PL006;S005;0;0.696597552230523
B0024183;PL006;S005;0;0.684637736161144
B0031111;PL006;S005;0;0.680833329704585
B0016862;PL006;S005;0;0.699957183262371
B0018291;PL006;S005;0;0.6115736723452
B0021382;PL006;S005;0;0.674565154839667
B0019767;PL006;S005;0;0.601263901197458
B0045042;PL006;S005;0;0.670508552667185
B0026442;PL006;S005;0;0.649505932546096
B0011930;PL006;S005;0;0.650700199768202
B0006798;PL006;S005;0;0.685529479520509
B0042722;PL006;S005;0;0.638755409829197
B0010411;PL006;S005;0;0.667335021604013
B0058764;PL006;S005;0;0.676869364722247
B0018483;PL006;S005;0;0.6977074475518
B0050429;PL006;S005;0;0.650088015155959
B0025997;PL006;S005;0;0.698578487833041
B0016465;PL006;S005;0;0.684264275858584
B0035761;PL006;S005;0;0.626681168841311
B0069528;PL006;S005;0;0.697857738962584
B0002639;PL006;S005;0;0.691168035985189
B0072674;PL006;S005;0;0.694731410254829
B0058822;PL006;S005;0;0.661058839268707
B0041614;PL006;S005;0;0.689490198338025
B0002090;PL006;S005;0;0.581791175765157
B0051994;PL006;S005;0;0.617506566885732
B0038732;PL006;S005;0;0.717629124729913
B0005690;PL006;S005;0;0.682096247275493
B0033165;PL006;S005;0;0.732690587045665
B0007258;PL006;S005;0;0.714289238757545
B0012296;PL006;S005;0;0.615559442542721
B0032877;PL006;S005;0;0.611076872382683
B0012470;PL006;S005;0;0.682827181062081
B0039999;PL006;S005;0;0.679967985309256
B0052320;PL006;S005;0;0.650866952785966
B0043647;PL006;S005;0;0.695993418181783
B0026482;PL006;S005;0;0.703567445371557
B0038824;PL006;S005;0;0.703567445371557
B0046424;PL006;S005;0;0.717857131838418
B0021527;PL006;S005;0;0.593955596527393
B0063016;PL006;S005;0;0.689523412758258
B0060183;PL006;S005;0;0.644418679649632
B0005223;PL006;S005;0;0.663258426292474
B0049841;PL006;S005;0;0.634946778047998
B0024940;PL006;S005;0;0.694883771188578
B0068962;PL006;S005;0;0.693315916994152
B0010440;PL006;S005;0;0.662788487049564
B0030468;PL006;S005;0;0.671778467042048
B0069418;PL006;S005;0;0.685394690361922
B0050221;PL006;S005;0;0.692636850960787
B0071640;PL006;S005;0;0.698251112153006
B0026663;PL006;S005;0;0.694693762463844
B0056556;PL006;S005;0;0.708779538241407
B0074027;PL006;S005;0;0.68859761383611
B0070587;PL006;S005;0;0.701519550390265
B0016051;PL006;S005;0;0.685227948928899
B0031690;PL006;S005;0;0.620998749976316
B0010070;PL006;S005;0;0.612622552303685
B0040823;PL006;S005;0;0.666992098370257
B0042651;PL006;S005;0;0.642299421540296
B0019714;PL006;S005;0;0.567531584277327
B0028679;PL006;S005;0;0.637264484572219
B0009415;PL006;S005;0;0.653784162176524
B0040818;PL006;S005;0;0.64745784492531
B0024669;PL006;S005;0;0.654788318215701
B0060739;PL006;S005;0;0.654788318215701
B0062385;PL006;S005;0;0.662323792176382
B0047271;PL006;S005;0;0.626795900468197
B0018587;PL006;S005;0;0.620663889104535
B0023665;PL006;S005;0;0.61903457529283
B0071186;PL006;S005;0;0.621652112664005
B0007846;PL006;S005;0;0.617194353032231
B0073511;PL006;S005;0;0.603809540370134
B0001875;PL006;S005;0;0.672452793326505
B0034181;PL006;S005;0;0.660281243640856
B0068159;PL006;S005;0;0.722770075021206
B0073234;PL006;S005;0;0.678353542484712
B0036763;PL006;S005;0;0.670294542985469
B0043785;PL006;S005;0;0.675255346576988
B0000733;PL006;S005;0;0.64355898353334
B0046810;PL006;S005;0;0.678556951731268
B0050099;PL006;S005;0;0.676660546636058
B0030894;PL006;S005;0;0.642264643327206
B0048059;PL006;S005;0;0.649181454734476
B0037637;PL006;S005;0;0.656663506875917
B0006702;PL006;S005;0;0.44506521073008
B0025938;PL006;S005;0;0.42496561105242
B0045971;PL006;S005;0;0.69910202332735
B0000139;PL006;S005;0;0.691249789936656
B0060626;PL006;S005;0;0.636159609442858
B0029653;PL006;S005;0;0.611256876194002
B0029661;PL006;S005;0;0.646388189854119
B0048974;PL006;S005;0;0.624339617248425
B0028987;PL006;S005;0;0.65061334899375
B0015120;PL006;S005;0;0.613319094495428
B0022288;PL006;S005;0;0.651696121054888
B0045764;PL006;S005;0;0.719185431406622
B0013900;PL006;S005;0;0.69727746916367
B0044002;PL006;S005;0;0.694137417020505
B0055572;PL006;S005;0;0.697147854119056
B0048189;PL006;S005;0;0.713725219861557
B0055999;PL006;S005;0;0.682673931868826
B0029677;PL006;S005;0;0.600793562280196
B0073497;PL006;S005;0;0.723891743612849
B0053562;PL006;S005;0;0.677650348750924
B0018400;PL006;S005;0;0.700786021462394
B0055567;PL006;S005;0;0.69254668252448
B0034651;PL006;S005;0;0.708212503129255
B0060605;PL006;S005;0;0.718601617926894
B0005208;PL006;S005;0;0.643801821306179
B0029597;PL006;S005;0;0.67252545251808
B0060958;PL006;S005;0;0.675339579643822
B0043114;PL006;S005;0;0.604269663135514
B0017914;PL006;S005;0;0.621419629777868
B0035774;PL006;S005;0;0.570840671939652
B0043949;PL006;S005;0;0.607885138179726
B0069054;PL006;S005;0;0.670737180706807
B0043211;PL006;S005;0;0.668402891946883
B0051955;PL006;S005;0;0.649022163073434
B0045366;PL006;S005;0;0.647713724504394
B0016967;PL006;S005;0;0.662065460636462
B0026777;PL006;S005;0;0.685363733464385
B0008420;PL006;S005;0;0.602056376947119
B0039917;PL006;S005;0;0.628363786885199
B0016773;PL006;S005;0;0.620653785747078
B0053661;PL006;S005;0;0.647222129260894
B0004820;PL006;S005;0;0.658727727894088
B0046909;PL006;S005;0;0.432233588414385
B0067159;PL006;S005;0;0.681607754550506
B0049579;PL006;S005;0;0.700213189429745
B0005847;PL006;S005;0;0.723867066302189
B0015245;PL006;S005;0;0.594440738970474
B0074255;PL006;S005;0;0.654849165734128
B0004727;PL006;S005;0;0.693889287641878
B0038804;PL006;S005;0;0.71111686543586
B0021476;PL006;S005;0;0.653710752920127
B0003842;PL006;S005;0;0.619999480129358
B0019818;PL006;S005;0;0.687204149956496
B0058723;PL006;S005;0;0.699826186734738
B0005064;PL006;S005;0;0.627820872096901
B0042297;PL006;S005;0;0.606912034115251
B0061072;PL006;S005;0;0.684795647699734
B0034013;PL006;S005;0;0.617962177744261
B0003818;PL006;S005;0;0.64737921520725
B0030701;PL006;S005;0;0.651348028368051
B0012301;PL006;S005;0;0.637390107215309
B0047486;PL006;S005;0;0.706080193397814
B0031940;PL006;S005;0;0.682953688470326
B0046730;PL006;S005;0;0.691799291248111
B0021735;PL006;S005;0;0.685492167939101
B0013304;PL006;S005;0;0.589162503923552
B0042185;PL006;S005;0;0.666751331547425
B0046707;PL006;S005;0;0.592402084177966
B0008559;PL006;S005;0;0.658507553657273
B0032901;PL006;S005;0;0.644731149276737
B0044662;PL006;S005;0;0.589013882513385
B0055090;PL006;S002;0;0.41423140554422
B0040480;PL006;S002;0;0.338196451627986
B0035007;PL006;S002;0;0.495756146961272
B0024842;PL006;S002;0;0.638836149200439
B0064604;PL006;S002;0;0.597489110067977
B0011487;PL006;S002;0;0.507051326737789
B0008907;PL006;S002;0;0.504271977244763
B0016684;PL006;S002;0;0.658484402077829
B0055084;PL006;S002;0;0.626848292159181
B0045974;PL006;S002;0;0.664650238013478
B0073912;PL006;S002;0;0.667822987295118
B0074924;PL006;S002;0;0.662605749784956
B0029484;PL006;S002;0;0.685168219647347
B0070646;PL006;S002;0;0.656438464398339
B0010160;PL006;S002;0;0.682601425309865
B0036443;PL006;S002;0;0.679187745063334
B0071100;PL006;S002;0;0.685760451288674
B0030980;PL006;S002;0;0.644360658199173
B0054138;PL006;S002;0;0.671067501777572
B0052618;PL006;S002;0;0.652930984637197
B0014840;PL006;S002;0;0.68922337207923
B0067675;PL006;S002;0;0.661747103676174
B0048270;PL006;S002;0;0.660221699945346
B0033383;PL006;S002;0;0.67670275643223
B0035008;PL006;S002;0;0.700351893677881
B0063085;PL006;S002;0;0.665963754350777
B0019777;PL006;S002;0;0.654580920944588
B0047713;PL006;S002;0;0.627095025268925
B0024840;PL006;S002;0;0.633811504032016
B0029835;PL006;S002;0;0.646095931607167
B0041418;PL006;S002;0;0.622655726601577
B0058371;PL006;S002;0;0.656540207084643
B0045250;PL006;S002;0;0.684037485264835
B0057075;PL006;S002;0;0.725874759407785
B0024257;PL006;S002;0;0.678111733824593
B0055728;PL006;S002;0;0.654307480334632
B0058803;PL006;S002;0;0.626412193090764
B0074902;PL006;S002;0;0.656148437256364
B0064849;PL006;S002;0;0.695787992782416
B0041544;PL006;S002;0;0.665757973456627
B0034793;PL006;S002;0;0.659772533204067
B0004225;PL006;S002;0;0.669503372724195
B0041382;PL006;S002;0;0.649325517208569
B0047678;PL006;S002;0;0.635504116202922
B0035158;PL006;S002;0;0.670804187124775
B0043234;PL006;S002;0;0.668056571171627
B0031376;PL006;S002;0;0.673244669182167
B0059474;PL006;S002;0;0.695902416099482
B0047401;PL006;S002;0;0.711377808018098
B0005988;PL006;S002;0;0.682782413685051
B0023860;PL006;S002;0;0.697513691257972
B0074831;PL006;S002;0;0.643025082280061
B0006859;PL006;S002;0;0.641314683063106
B0011961;PL006;S002;0;0.66226188799135
B0025143;PL006;S002;0;0.617347012012319
B0071036;PL006;S002;0;0.645654449196973
B0052284;PL006;S002;0;0.671686356186853
B0032199;PL006;S002;0;0.653983201275392
B0026905;PL006;S002;0;0.71200312960952
B0036197;PL006;S002;0;0.673016925498256
B0029909;PL006;S002;0;0.669157538030203
B0041776;PL006;S002;0;0.669703162958815
B0028826;PL006;S002;0;0.638907954615539
B0060497;PL006;S002;0;0.615346756460794
B0044650;PL006;S002;0;0.598339806782723
B0066300;PL006;S002;0;0.657040164393457
B0051442;PL006;S002;0;0.668632265292701
B0001497;PL006;S002;0;0.62182518657955
B0039263;PL006;S002;0;0.615245189482405
B0071755;PL006;S002;0;0.648639266550403
B0044437;PL006;S002;0;0.609910759687831
B0022298;PL006;S002;0;0.688118054929601
B0026015;PL006;S002;0;0.65484788350237
B0025621;PL006;S002;0;0.647373225747387
B0000224;PL006;S002;0;0.683450380234204
B0031519;PL006;S002;0;0.67821944597693
B0003217;PL006;S002;0;0.679797786080571
B0007885;PL006;S002;0;0.667143607015477
B0044608;PL006;S002;0;0.651667765468191
B0039372;PL006;S002;0;0.667681160626796
B0066398;PL006;S002;0;0.679212179902229
B0059876;PL006;S002;0;0.648097466608975
B0057235;PL006;S002;0;0.673890980167816
B0033546;PL006;S002;0;0.703897648210501
B0037917;PL006;S002;0;0.641822557988275
B0007656;PL006;S002;0;0.672631545893803
B0020922;PL006;S002;0;0.630733931744988
B0001733;PL006;S002;0;0.659895951993
B0067448;PL006;S002;0;0.651953360753822
B0049965;PL006;S002;0;0.64752775170593
B0058187;PL006;S002;0;0.668291573819446
B0073963;PL006;S002;0;0.683331453924437
B0050149;PL006;S002;0;0.678840538827879
B0020593;PL006;S002;0;0.657830680487494
B0049964;PL006;S002;0;0.671226181170296
B0015595;PL006;S002;0;0.666135187989851
B0046182;PL006;S002;0;0.634704098022147
B0016037;PL006;S002;0;0.624081530206581
B0013281;PL006;S002;0;0.685270582873778
B0049742;PL006;S002;0;0.661832654890534
B0065732;PL006;S002;0;0.621611232462633
B0048664;PL006;S002;0;0.607465354750618
B0022253;PL006;S002;0;0.663252494228271
B0050402;PL006;S002;0;0.645843393175859
B0019039;PL006;S002;0;0.652923504353242
B0027330;PL006;S002;0;0.65870933036317
B0041190;PL006;S002;0;0.650866576218213
B0058024;PL006;S002;0;0.676619701294215
B0001505;PL006;S002;0;0.676352015957411
B0033271;PL006;S002;0;0.674755729107868
B0071864;PL006;S002;0;0.65582917361843
B0064047;PL006;S002;0;0.677323474545386
B0006622;PL006;S002;0;0.646306222207963
B0061897;PL006;S002;0;0.630725475008179
B0063684;PL006;S002;0;0.666068360497526
B0072900;PL006;S002;0;0.658449367136144
B0024362;PL006;S002;0;0.653076808890247
B0020193;PL006;S002;0;0.649918737167586
B0058531;PL006;S002;0;0.646304967498778
B0059683;PL006;S002;0;0.683240982123554
B0057048;PL006;S002;0;0.674909613545802
B0064630;PL006;S002;0;0.634411270357081
B0028682;PL006;S002;0;0.667902806589194
B0037049;PL006;S002;0;0.698390371800744
B0015096;PL006;S002;0;0.766803276440252
B0070601;PL006;S002;0;0.748728123208096
B0050123;PL006;S002;0;0.698318594538802
B0014166;PL006;S002;0;0.67788152970481
B0062401;PL006;S002;0;0.663867911969961
B0049463;PL006;S002;0;0.635522965091908
B0071790;PL006;S002;0;0.649843399884255
B0065866;PL006;S002;0;0.645914018544529
B0067327;PL006;S002;0;0.651213227561275
B0062979;PL006;S002;0;0.651213227561275
B0023682;PL006;S002;0;0.663647882506075
B0069384;PL006;S002;0;0.616907891442676
B0043792;PL006;S002;0;0.672095904418034
B0000604;PL006;S002;0;0.672095904418034
B0014462;PL006;S002;0;0.66360629631388
B0022585;PL006;S002;0;0.676147218222937
B0021448;PL006;S002;0;0.677435043688953
B0064758;PL006;S002;0;0.693420367755027
B0024142;PL006;S002;0;0.643810578409167
B0023788;PL006;S002;0;0.688326310729471
B0011999;PL006;S002;0;0.660822199019789
B0040397;PL006;S002;0;0.661821532403559
B0020064;PL006;S002;0;0.654106045494599
B0036958;PL006;S002;0;0.662500534614137
B0023949;PL006;S002;0;0.678312227281815
B0012202;PL006;S002;0;0.662766596873356
B0022459;PL006;S002;0;0.589240272003748
B0031274;PL006;S002;0;0.604832938947258
B0009445;PL006;S002;0;0.589240272003748
B0023848;PL006;S002;0;0.660127388784139
B0045751;PL006;S002;0;0.637266210147202
B0054030;PL006;S002;0;0.601304347735824
B0002612;PL006;S002;0;0.659180805797249
B0072806;PL006;S002;0;0.669644317552832
B0022770;PL006;S002;0;0.648599496667876
B0008156;PL006;S002;0;0.643677132532801
B0060830;PL006;S002;0;0.633956226683642
B0063531;PL006;S002;0;0.661065318069725
B0067706;PL006;S002;0;0.616163499019072
B0048767;PL006;S002;0;0.635186593216842
B0036978;PL006;S002;0;0.663208545430119
B0023462;PL006;S002;0;0.631519911690831
B0005558;PL006;S002;0;0.667952005698362
B0025028;PL006;S002;0;0.67588704943169
B0022665;PL006;S002;0;0.677011345556317
B0011688;PL006;S002;0;0.637429511165646
B0070776;PL006;S002;0;0.65485753554641
B0000629;PL006;S002;0;0.647277032681882
B0063640;PL006;S002;0;0.64720791866889
B0065499;PL006;S002;0;0.641684799918795
B0017739;PL006;S002;0;0.657469608472921
B0059353;PL006;S002;0;0.612386533870687
B0030415;PL006;S002;0;0.651473751539273
B0067320;PL006;S002;0;0.676439557928228
B0058860;PL006;S002;0;0.605203504014972
B0038586;PL006;S002;0;0.691774103392456
B0005742;PL006;S002;0;0.642955658880591
B0059029;PL006;S002;0;0.652978273466223
B0027885;PL006;S002;0;0.672624820705019
B0063537;PL006;S002;0;0.636549086774782
B0039123;PL006;S002;0;0.634796876633506
